"Notes","State of Residence","State of Residence Code","Mother's Single Race 6","Mother's Single Race 6 Code","Age of Mother 10","Age of Mother 10 Code","Mother's Education","Mother's Education Code","Maternal Morbidity Checked","Maternal Morbidity Checked Code",Births
,"Alabama","01","American Indian or Alaska Native","1002-5","15 - 17 years","15-17","9th through 12th grade with no diploma","2","None checked","1",12
,"Alabama","01","American Indian or Alaska Native","1002-5","18 - 19 years","18-19","8th grade or less","1","None checked","1",11
,"Alabama","01","American Indian or Alaska Native","1002-5","18 - 19 years","18-19","High school graduate or GED completed","3","None checked","1",31
,"Alabama","01","American Indian or Alaska Native","1002-5","20-24 years","20-24","8th grade or less","1","None checked","1",44
,"Alabama","01","American Indian or Alaska Native","1002-5","20-24 years","20-24","9th through 12th grade with no diploma","2","None checked","1",17
,"Alabama","01","American Indian or Alaska Native","1002-5","20-24 years","20-24","High school graduate or GED completed","3","None checked","1",96
,"Alabama","01","American Indian or Alaska Native","1002-5","20-24 years","20-24","Some college credit, but not a degree","4","None checked","1",23
,"Alabama","01","American Indian or Alaska Native","1002-5","20-24 years","20-24","Associate degree (AA, AS)","5","None checked","1",12
,"Alabama","01","American Indian or Alaska Native","1002-5","25-29 years","25-29","8th grade or less","1","None checked","1",33
,"Alabama","01","American Indian or Alaska Native","1002-5","25-29 years","25-29","9th through 12th grade with no diploma","2","None checked","1",14
,"Alabama","01","American Indian or Alaska Native","1002-5","25-29 years","25-29","High school graduate or GED completed","3","None checked","1",53
,"Alabama","01","American Indian or Alaska Native","1002-5","25-29 years","25-29","Some college credit, but not a degree","4","None checked","1",36
,"Alabama","01","American Indian or Alaska Native","1002-5","25-29 years","25-29","Associate degree (AA, AS)","5","None checked","1",31
,"Alabama","01","American Indian or Alaska Native","1002-5","25-29 years","25-29","Bachelor's degree (BA, AB, BS)","6","None checked","1",23
,"Alabama","01","American Indian or Alaska Native","1002-5","30-34 years","30-34","8th grade or less","1","None checked","1",30
,"Alabama","01","American Indian or Alaska Native","1002-5","30-34 years","30-34","High school graduate or GED completed","3","None checked","1",45
,"Alabama","01","American Indian or Alaska Native","1002-5","30-34 years","30-34","Some college credit, but not a degree","4","None checked","1",21
,"Alabama","01","American Indian or Alaska Native","1002-5","30-34 years","30-34","Associate degree (AA, AS)","5","None checked","1",18
,"Alabama","01","American Indian or Alaska Native","1002-5","30-34 years","30-34","Bachelor's degree (BA, AB, BS)","6","None checked","1",28
,"Alabama","01","American Indian or Alaska Native","1002-5","35-39 years","35-39","8th grade or less","1","None checked","1",16
,"Alabama","01","American Indian or Alaska Native","1002-5","35-39 years","35-39","High school graduate or GED completed","3","None checked","1",12
,"Alabama","01","American Indian or Alaska Native","1002-5","35-39 years","35-39","Some college credit, but not a degree","4","None checked","1",11
,"Alabama","01","American Indian or Alaska Native","1002-5","35-39 years","35-39","Bachelor's degree (BA, AB, BS)","6","None checked","1",12
,"Alabama","01","Asian","A","20-24 years","20-24","8th grade or less","1","None checked","1",13
,"Alabama","01","Asian","A","20-24 years","20-24","9th through 12th grade with no diploma","2","None checked","1",24
,"Alabama","01","Asian","A","20-24 years","20-24","High school graduate or GED completed","3","None checked","1",84
,"Alabama","01","Asian","A","20-24 years","20-24","Some college credit, but not a degree","4","None checked","1",36
,"Alabama","01","Asian","A","20-24 years","20-24","Associate degree (AA, AS)","5","None checked","1",21
,"Alabama","01","Asian","A","20-24 years","20-24","Bachelor's degree (BA, AB, BS)","6","None checked","1",31
,"Alabama","01","Asian","A","25-29 years","25-29","8th grade or less","1","None checked","1",16
,"Alabama","01","Asian","A","25-29 years","25-29","9th through 12th grade with no diploma","2","None checked","1",31
,"Alabama","01","Asian","A","25-29 years","25-29","High school graduate or GED completed","3","None checked","1",171
,"Alabama","01","Asian","A","25-29 years","25-29","Some college credit, but not a degree","4","None checked","1",95
,"Alabama","01","Asian","A","25-29 years","25-29","Associate degree (AA, AS)","5","None checked","1",49
,"Alabama","01","Asian","A","25-29 years","25-29","Bachelor's degree (BA, AB, BS)","6","At least one checked","0",15
,"Alabama","01","Asian","A","25-29 years","25-29","Bachelor's degree (BA, AB, BS)","6","None checked","1",271
,"Alabama","01","Asian","A","25-29 years","25-29","Master's degree (MA, MS, MEng, MEd, MSW, MBA)","7","None checked","1",119
,"Alabama","01","Asian","A","25-29 years","25-29","Doctorate (PhD, EdD) or Professional Degree (MD, DDS, DVM, LLB, JD)","8","None checked","1",36
,"Alabama","01","Asian","A","30-34 years","30-34","8th grade or less","1","None checked","1",14
,"Alabama","01","Asian","A","30-34 years","30-34","9th through 12th grade with no diploma","2","None checked","1",29
,"Alabama","01","Asian","A","30-34 years","30-34","High school graduate or GED completed","3","None checked","1",179
,"Alabama","01","Asian","A","30-34 years","30-34","Some college credit, but not a degree","4","None checked","1",79
,"Alabama","01","Asian","A","30-34 years","30-34","Associate degree (AA, AS)","5","None checked","1",76
,"Alabama","01","Asian","A","30-34 years","30-34","Bachelor's degree (BA, AB, BS)","6","At least one checked","0",17
,"Alabama","01","Asian","A","30-34 years","30-34","Bachelor's degree (BA, AB, BS)","6","None checked","1",409
,"Alabama","01","Asian","A","30-34 years","30-34","Master's degree (MA, MS, MEng, MEd, MSW, MBA)","7","None checked","1",315
,"Alabama","01","Asian","A","30-34 years","30-34","Doctorate (PhD, EdD) or Professional Degree (MD, DDS, DVM, LLB, JD)","8","None checked","1",179
,"Alabama","01","Asian","A","35-39 years","35-39","8th grade or less","1","None checked","1",13
,"Alabama","01","Asian","A","35-39 years","35-39","9th through 12th grade with no diploma","2","None checked","1",11
,"Alabama","01","Asian","A","35-39 years","35-39","High school graduate or GED completed","3","None checked","1",99
,"Alabama","01","Asian","A","35-39 years","35-39","Some college credit, but not a degree","4","None checked","1",60
,"Alabama","01","Asian","A","35-39 years","35-39","Associate degree (AA, AS)","5","None checked","1",47
,"Alabama","01","Asian","A","35-39 years","35-39","Bachelor's degree (BA, AB, BS)","6","None checked","1",232
,"Alabama","01","Asian","A","35-39 years","35-39","Master's degree (MA, MS, MEng, MEd, MSW, MBA)","7","None checked","1",160
,"Alabama","01","Asian","A","35-39 years","35-39","Doctorate (PhD, EdD) or Professional Degree (MD, DDS, DVM, LLB, JD)","8","None checked","1",119
,"Alabama","01","Asian","A","40-44 years","40-44","High school graduate or GED completed","3","None checked","1",39
,"Alabama","01","Asian","A","40-44 years","40-44","Some college credit, but not a degree","4","None checked","1",16
,"Alabama","01","Asian","A","40-44 years","40-44","Associate degree (AA, AS)","5","None checked","1",14
,"Alabama","01","Asian","A","40-44 years","40-44","Bachelor's degree (BA, AB, BS)","6","None checked","1",66
,"Alabama","01","Asian","A","40-44 years","40-44","Master's degree (MA, MS, MEng, MEd, MSW, MBA)","7","None checked","1",25
,"Alabama","01","Asian","A","40-44 years","40-44","Doctorate (PhD, EdD) or Professional Degree (MD, DDS, DVM, LLB, JD)","8","None checked","1",29
,"Alabama","01","Black or African American","2054-5","Under 15 years","15-","8th grade or less","1","None checked","1",40
,"Alabama","01","Black or African American","2054-5","Under 15 years","15-","9th through 12th grade with no diploma","2","None checked","1",29
,"Alabama","01","Black or African American","2054-5","15 - 17 years","15-17","8th grade or less","1","None checked","1",62
,"Alabama","01","Black or African American","2054-5","15 - 17 years","15-17","9th through 12th grade with no diploma","2","At least one checked","0",12
,"Alabama","01","Black or African American","2054-5","15 - 17 years","15-17","9th through 12th grade with no diploma","2","None checked","1",794
,"Alabama","01","Black or African American","2054-5","15 - 17 years","15-17","High school graduate or GED completed","3","None checked","1",124
,"Alabama","01","Black or African American","2054-5","18 - 19 years","18-19","8th grade or less","1","None checked","1",26
,"Alabama","01","Black or African American","2054-5","18 - 19 years","18-19","9th through 12th grade with no diploma","2","None checked","1",449
,"Alabama","01","Black or African American","2054-5","18 - 19 years","18-19","High school graduate or GED completed","3","At least one checked","0",26
,"Alabama","01","Black or African American","2054-5","18 - 19 years","18-19","High school graduate or GED completed","3","None checked","1",1679
,"Alabama","01","Black or African American","2054-5","18 - 19 years","18-19","Some college credit, but not a degree","4","None checked","1",290
,"Alabama","01","Black or African American","2054-5","18 - 19 years","18-19","Associate degree (AA, AS)","5","None checked","1",13
,"Alabama","01","Black or African American","2054-5","20-24 years","20-24","8th grade or less","1","None checked","1",82
,"Alabama","01","Black or African American","2054-5","20-24 years","20-24","9th through 12th grade with no diploma","2","None checked","1",970
,"Alabama","01","Black or African American","2054-5","20-24 years","20-24","High school graduate or GED completed","3","At least one checked","0",99
,"Alabama","01","Black or African American","2054-5","20-24 years","20-24","High school graduate or GED completed","3","None checked","1",8061
,"Alabama","01","Black or African American","2054-5","20-24 years","20-24","Some college credit, but not a degree","4","At least one checked","0",29
,"Alabama","01","Black or African American","2054-5","20-24 years","20-24","Some college credit, but not a degree","4","None checked","1",2792
,"Alabama","01","Black or African American","2054-5","20-24 years","20-24","Associate degree (AA, AS)","5","None checked","1",571
,"Alabama","01","Black or African American","2054-5","20-24 years","20-24","Bachelor's degree (BA, AB, BS)","6","None checked","1",437
,"Alabama","01","Black or African American","2054-5","20-24 years","20-24","Master's degree (MA, MS, MEng, MEd, MSW, MBA)","7","None checked","1",32
,"Alabama","01","Black or African American","2054-5","20-24 years","20-24","Unknown or Not Stated","Unk","None checked","1",20
,"Alabama","01","Black or African American","2054-5","25-29 years","25-29","8th grade or less","1","None checked","1",119
,"Alabama","01","Black or African American","2054-5","25-29 years","25-29","9th through 12th grade with no diploma","2","At least one checked","0",10
,"Alabama","01","Black or African American","2054-5","25-29 years","25-29","9th through 12th grade with no diploma","2","None checked","1",829
,"Alabama","01","Black or African American","2054-5","25-29 years","25-29","High school graduate or GED completed","3","At least one checked","0",71
,"Alabama","01","Black or African American","2054-5","25-29 years","25-29","High school graduate or GED completed","3","None checked","1",6526
,"Alabama","01","Black or African American","2054-5","25-29 years","25-29","Some college credit, but not a degree","4","At least one checked","0",31
,"Alabama","01","Black or African American","2054-5","25-29 years","25-29","Some college credit, but not a degree","4","None checked","1",3412
,"Alabama","01","Black or African American","2054-5","25-29 years","25-29","Associate degree (AA, AS)","5","At least one checked","0",10
,"Alabama","01","Black or African American","2054-5","25-29 years","25-29","Associate degree (AA, AS)","5","None checked","1",1316
,"Alabama","01","Black or African American","2054-5","25-29 years","25-29","Bachelor's degree (BA, AB, BS)","6","At least one checked","0",20
,"Alabama","01","Black or African American","2054-5","25-29 years","25-29","Bachelor's degree (BA, AB, BS)","6","None checked","1",1614
,"Alabama","01","Black or African American","2054-5","25-29 years","25-29","Master's degree (MA, MS, MEng, MEd, MSW, MBA)","7","None checked","1",579
,"Alabama","01","Black or African American","2054-5","25-29 years","25-29","Doctorate (PhD, EdD) or Professional Degree (MD, DDS, DVM, LLB, JD)","8","None checked","1",58
,"Alabama","01","Black or African American","2054-5","25-29 years","25-29","Unknown or Not Stated","Unk","None checked","1",17
,"Alabama","01","Black or African American","2054-5","30-34 years","30-34","8th grade or less","1","None checked","1",132
,"Alabama","01","Black or African American","2054-5","30-34 years","30-34","9th through 12th grade with no diploma","2","None checked","1",808
,"Alabama","01","Black or African American","2054-5","30-34 years","30-34","High school graduate or GED completed","3","At least one checked","0",49
,"Alabama","01","Black or African American","2054-5","30-34 years","30-34","High school graduate or GED completed","3","None checked","1",4370
,"Alabama","01","Black or African American","2054-5","30-34 years","30-34","Some college credit, but not a degree","4","At least one checked","0",23
,"Alabama","01","Black or African American","2054-5","30-34 years","30-34","Some college credit, but not a degree","4","None checked","1",2843
,"Alabama","01","Black or African American","2054-5","30-34 years","30-34","Associate degree (AA, AS)","5","At least one checked","0",17
,"Alabama","01","Black or African American","2054-5","30-34 years","30-34","Associate degree (AA, AS)","5","None checked","1",1357
,"Alabama","01","Black or African American","2054-5","30-34 years","30-34","Bachelor's degree (BA, AB, BS)","6","At least one checked","0",10
,"Alabama","01","Black or African American","2054-5","30-34 years","30-34","Bachelor's degree (BA, AB, BS)","6","None checked","1",1484
,"Alabama","01","Black or African American","2054-5","30-34 years","30-34","Master's degree (MA, MS, MEng, MEd, MSW, MBA)","7","At least one checked","0",14
,"Alabama","01","Black or African American","2054-5","30-34 years","30-34","Master's degree (MA, MS, MEng, MEd, MSW, MBA)","7","None checked","1",932
,"Alabama","01","Black or African American","2054-5","30-34 years","30-34","Doctorate (PhD, EdD) or Professional Degree (MD, DDS, DVM, LLB, JD)","8","None checked","1",138
,"Alabama","01","Black or African American","2054-5","30-34 years","30-34","Unknown or Not Stated","Unk","None checked","1",20
,"Alabama","01","Black or African American","2054-5","35-39 years","35-39","8th grade or less","1","None checked","1",87
,"Alabama","01","Black or African American","2054-5","35-39 years","35-39","9th through 12th grade with no diploma","2","None checked","1",468
,"Alabama","01","Black or African American","2054-5","35-39 years","35-39","High school graduate or GED completed","3","At least one checked","0",36
,"Alabama","01","Black or African American","2054-5","35-39 years","35-39","High school graduate or GED completed","3","None checked","1",1765
,"Alabama","01","Black or African American","2054-5","35-39 years","35-39","Some college credit, but not a degree","4","At least one checked","0",19
,"Alabama","01","Black or African American","2054-5","35-39 years","35-39","Some college credit, but not a degree","4","None checked","1",1228
,"Alabama","01","Black or African American","2054-5","35-39 years","35-39","Associate degree (AA, AS)","5","None checked","1",715
,"Alabama","01","Black or African American","2054-5","35-39 years","35-39","Bachelor's degree (BA, AB, BS)","6","At least one checked","0",12
,"Alabama","01","Black or African American","2054-5","35-39 years","35-39","Bachelor's degree (BA, AB, BS)","6","None checked","1",936
,"Alabama","01","Black or African American","2054-5","35-39 years","35-39","Master's degree (MA, MS, MEng, MEd, MSW, MBA)","7","None checked","1",673
,"Alabama","01","Black or African American","2054-5","35-39 years","35-39","Doctorate (PhD, EdD) or Professional Degree (MD, DDS, DVM, LLB, JD)","8","None checked","1",157
,"Alabama","01","Black or African American","2054-5","35-39 years","35-39","Unknown or Not Stated","Unk","None checked","1",18
,"Alabama","01","Black or African American","2054-5","40-44 years","40-44","8th grade or less","1","None checked","1",32
,"Alabama","01","Black or African American","2054-5","40-44 years","40-44","9th through 12th grade with no diploma","2","None checked","1",94
,"Alabama","01","Black or African American","2054-5","40-44 years","40-44","High school graduate or GED completed","3","None checked","1",332
,"Alabama","01","Black or African American","2054-5","40-44 years","40-44","Some college credit, but not a degree","4","None checked","1",249
,"Alabama","01","Black or African American","2054-5","40-44 years","40-44","Associate degree (AA, AS)","5","None checked","1",135
,"Alabama","01","Black or African American","2054-5","40-44 years","40-44","Bachelor's degree (BA, AB, BS)","6","None checked","1",239
,"Alabama","01","Black or African American","2054-5","40-44 years","40-44","Master's degree (MA, MS, MEng, MEd, MSW, MBA)","7","None checked","1",199
,"Alabama","01","Black or African American","2054-5","40-44 years","40-44","Doctorate (PhD, EdD) or Professional Degree (MD, DDS, DVM, LLB, JD)","8","None checked","1",48
,"Alabama","01","Black or African American","2054-5","45-49 years","45-49","High school graduate or GED completed","3","None checked","1",18
,"Alabama","01","Black or African American","2054-5","45-49 years","45-49","Associate degree (AA, AS)","5","None checked","1",13
,"Alabama","01","Black or African American","2054-5","45-49 years","45-49","Bachelor's degree (BA, AB, BS)","6","None checked","1",12
,"Alabama","01","Black or African American","2054-5","45-49 years","45-49","Master's degree (MA, MS, MEng, MEd, MSW, MBA)","7","None checked","1",11
,"Alabama","01","Native Hawaiian or Other Pacific Islander","NHOPI","20-24 years","20-24","8th grade or less","1","None checked","1",25
,"Alabama","01","Native Hawaiian or Other Pacific Islander","NHOPI","20-24 years","20-24","9th through 12th grade with no diploma","2","None checked","1",21
,"Alabama","01","Native Hawaiian or Other Pacific Islander","NHOPI","20-24 years","20-24","High school graduate or GED completed","3","None checked","1",47
,"Alabama","01","Native Hawaiian or Other Pacific Islander","NHOPI","25-29 years","25-29","8th grade or less","1","None checked","1",25
,"Alabama","01","Native Hawaiian or Other Pacific Islander","NHOPI","25-29 years","25-29","9th through 12th grade with no diploma","2","None checked","1",14
,"Alabama","01","Native Hawaiian or Other Pacific Islander","NHOPI","25-29 years","25-29","High school graduate or GED completed","3","None checked","1",37
,"Alabama","01","Native Hawaiian or Other Pacific Islander","NHOPI","30-34 years","30-34","8th grade or less","1","None checked","1",25
,"Alabama","01","Native Hawaiian or Other Pacific Islander","NHOPI","30-34 years","30-34","High school graduate or GED completed","3","None checked","1",28
,"Alabama","01","Native Hawaiian or Other Pacific Islander","NHOPI","30-34 years","30-34","Some college credit, but not a degree","4","None checked","1",17
,"Alabama","01","Native Hawaiian or Other Pacific Islander","NHOPI","30-34 years","30-34","Associate degree (AA, AS)","5","None checked","1",11
,"Alabama","01","Native Hawaiian or Other Pacific Islander","NHOPI","35-39 years","35-39","8th grade or less","1","None checked","1",15
,"Alabama","01","Native Hawaiian or Other Pacific Islander","NHOPI","35-39 years","35-39","9th through 12th grade with no diploma","2","None checked","1",10
,"Alabama","01","White","2106-3","Under 15 years","15-","8th grade or less","1","None checked","1",63
,"Alabama","01","White","2106-3","Under 15 years","15-","9th through 12th grade with no diploma","2","None checked","1",14
,"Alabama","01","White","2106-3","15 - 17 years","15-17","8th grade or less","1","None checked","1",355
,"Alabama","01","White","2106-3","15 - 17 years","15-17","9th through 12th grade with no diploma","2","At least one checked","0",19
,"Alabama","01","White","2106-3","15 - 17 years","15-17","9th through 12th grade with no diploma","2","None checked","1",1076
,"Alabama","01","White","2106-3","15 - 17 years","15-17","High school graduate or GED completed","3","None checked","1",236
,"Alabama","01","White","2106-3","15 - 17 years","15-17","Unknown or Not Stated","Unk","None checked","1",10
,"Alabama","01","White","2106-3","18 - 19 years","18-19","8th grade or less","1","At least one checked","0",19
,"Alabama","01","White","2106-3","18 - 19 years","18-19","8th grade or less","1","None checked","1",621
,"Alabama","01","White","2106-3","18 - 19 years","18-19","9th through 12th grade with no diploma","2","At least one checked","0",21
,"Alabama","01","White","2106-3","18 - 19 years","18-19","9th through 12th grade with no diploma","2","None checked","1",1346
,"Alabama","01","White","2106-3","18 - 19 years","18-19","High school graduate or GED completed","3","At least one checked","0",34
,"Alabama","01","White","2106-3","18 - 19 years","18-19","High school graduate or GED completed","3","None checked","1",2913
,"Alabama","01","White","2106-3","18 - 19 years","18-19","Some college credit, but not a degree","4","At least one checked","0",11
,"Alabama","01","White","2106-3","18 - 19 years","18-19","Some college credit, but not a degree","4","None checked","1",366
,"Alabama","01","White","2106-3","18 - 19 years","18-19","Associate degree (AA, AS)","5","None checked","1",22
,"Alabama","01","White","2106-3","18 - 19 years","18-19","Unknown or Not Stated","Unk","None checked","1",20
,"Alabama","01","White","2106-3","20-24 years","20-24","8th grade or less","1","At least one checked","0",37
,"Alabama","01","White","2106-3","20-24 years","20-24","8th grade or less","1","None checked","1",2148
,"Alabama","01","White","2106-3","20-24 years","20-24","9th through 12th grade with no diploma","2","At least one checked","0",37
,"Alabama","01","White","2106-3","20-24 years","20-24","9th through 12th grade with no diploma","2","None checked","1",3379
,"Alabama","01","White","2106-3","20-24 years","20-24","High school graduate or GED completed","3","At least one checked","0",168
,"Alabama","01","White","2106-3","20-24 years","20-24","High school graduate or GED completed","3","None checked","1",15020
,"Alabama","01","White","2106-3","20-24 years","20-24","Some college credit, but not a degree","4","At least one checked","0",67
,"Alabama","01","White","2106-3","20-24 years","20-24","Some college credit, but not a degree","4","None checked","1",5366
,"Alabama","01","White","2106-3","20-24 years","20-24","Associate degree (AA, AS)","5","At least one checked","0",37
,"Alabama","01","White","2106-3","20-24 years","20-24","Associate degree (AA, AS)","5","None checked","1",2048
,"Alabama","01","White","2106-3","20-24 years","20-24","Bachelor's degree (BA, AB, BS)","6","At least one checked","0",35
,"Alabama","01","White","2106-3","20-24 years","20-24","Bachelor's degree (BA, AB, BS)","6","None checked","1",1991
,"Alabama","01","White","2106-3","20-24 years","20-24","Master's degree (MA, MS, MEng, MEd, MSW, MBA)","7","None checked","1",185
,"Alabama","01","White","2106-3","20-24 years","20-24","Doctorate (PhD, EdD) or Professional Degree (MD, DDS, DVM, LLB, JD)","8","None checked","1",10
,"Alabama","01","White","2106-3","20-24 years","20-24","Unknown or Not Stated","Unk","None checked","1",61
,"Alabama","01","White","2106-3","25-29 years","25-29","8th grade or less","1","At least one checked","0",34
,"Alabama","01","White","2106-3","25-29 years","25-29","8th grade or less","1","None checked","1",2099
,"Alabama","01","White","2106-3","25-29 years","25-29","9th through 12th grade with no diploma","2","At least one checked","0",29
,"Alabama","01","White","2106-3","25-29 years","25-29","9th through 12th grade with no diploma","2","None checked","1",2418
,"Alabama","01","White","2106-3","25-29 years","25-29","High school graduate or GED completed","3","At least one checked","0",135
,"Alabama","01","White","2106-3","25-29 years","25-29","High school graduate or GED completed","3","None checked","1",13018
,"Alabama","01","White","2106-3","25-29 years","25-29","Some college credit, but not a degree","4","At least one checked","0",81
,"Alabama","01","White","2106-3","25-29 years","25-29","Some college credit, but not a degree","4","None checked","1",7591
,"Alabama","01","White","2106-3","25-29 years","25-29","Associate degree (AA, AS)","5","At least one checked","0",81
,"Alabama","01","White","2106-3","25-29 years","25-29","Associate degree (AA, AS)","5","None checked","1",5285
,"Alabama","01","White","2106-3","25-29 years","25-29","Bachelor's degree (BA, AB, BS)","6","At least one checked","0",193
,"Alabama","01","White","2106-3","25-29 years","25-29","Bachelor's degree (BA, AB, BS)","6","None checked","1",10420
,"Alabama","01","White","2106-3","25-29 years","25-29","Master's degree (MA, MS, MEng, MEd, MSW, MBA)","7","At least one checked","0",89
,"Alabama","01","White","2106-3","25-29 years","25-29","Master's degree (MA, MS, MEng, MEd, MSW, MBA)","7","None checked","1",3924
,"Alabama","01","White","2106-3","25-29 years","25-29","Doctorate (PhD, EdD) or Professional Degree (MD, DDS, DVM, LLB, JD)","8","At least one checked","0",22
,"Alabama","01","White","2106-3","25-29 years","25-29","Doctorate (PhD, EdD) or Professional Degree (MD, DDS, DVM, LLB, JD)","8","None checked","1",791
,"Alabama","01","White","2106-3","25-29 years","25-29","Unknown or Not Stated","Unk","None checked","1",73
,"Alabama","01","White","2106-3","30-34 years","30-34","8th grade or less","1","At least one checked","0",22
,"Alabama","01","White","2106-3","30-34 years","30-34","8th grade or less","1","None checked","1",1655
,"Alabama","01","White","2106-3","30-34 years","30-34","9th through 12th grade with no diploma","2","At least one checked","0",22
,"Alabama","01","White","2106-3","30-34 years","30-34","9th through 12th grade with no diploma","2","None checked","1",1581
,"Alabama","01","White","2106-3","30-34 years","30-34","High school graduate or GED completed","3","At least one checked","0",76
,"Alabama","01","White","2106-3","30-34 years","30-34","High school graduate or GED completed","3","None checked","1",7055
,"Alabama","01","White","2106-3","30-34 years","30-34","Some college credit, but not a degree","4","At least one checked","0",59
,"Alabama","01","White","2106-3","30-34 years","30-34","Some college credit, but not a degree","4","None checked","1",5217
,"Alabama","01","White","2106-3","30-34 years","30-34","Associate degree (AA, AS)","5","At least one checked","0",44
,"Alabama","01","White","2106-3","30-34 years","30-34","Associate degree (AA, AS)","5","None checked","1",3660
,"Alabama","01","White","2106-3","30-34 years","30-34","Bachelor's degree (BA, AB, BS)","6","At least one checked","0",152
,"Alabama","01","White","2106-3","30-34 years","30-34","Bachelor's degree (BA, AB, BS)","6","None checked","1",9830
,"Alabama","01","White","2106-3","30-34 years","30-34","Master's degree (MA, MS, MEng, MEd, MSW, MBA)","7","At least one checked","0",102
,"Alabama","01","White","2106-3","30-34 years","30-34","Master's degree (MA, MS, MEng, MEd, MSW, MBA)","7","None checked","1",5817
,"Alabama","01","White","2106-3","30-34 years","30-34","Doctorate (PhD, EdD) or Professional Degree (MD, DDS, DVM, LLB, JD)","8","At least one checked","0",32
,"Alabama","01","White","2106-3","30-34 years","30-34","Doctorate (PhD, EdD) or Professional Degree (MD, DDS, DVM, LLB, JD)","8","None checked","1",1797
,"Alabama","01","White","2106-3","30-34 years","30-34","Unknown or Not Stated","Unk","None checked","1",60
,"Alabama","01","White","2106-3","35-39 years","35-39","8th grade or less","1","At least one checked","0",18
,"Alabama","01","White","2106-3","35-39 years","35-39","8th grade or less","1","None checked","1",1067
,"Alabama","01","White","2106-3","35-39 years","35-39","9th through 12th grade with no diploma","2","None checked","1",766
,"Alabama","01","White","2106-3","35-39 years","35-39","High school graduate or GED completed","3","At least one checked","0",40
,"Alabama","01","White","2106-3","35-39 years","35-39","High school graduate or GED completed","3","None checked","1",2679
,"Alabama","01","White","2106-3","35-39 years","35-39","Some college credit, but not a degree","4","At least one checked","0",22
,"Alabama","01","White","2106-3","35-39 years","35-39","Some college credit, but not a degree","4","None checked","1",2183
,"Alabama","01","White","2106-3","35-39 years","35-39","Associate degree (AA, AS)","5","At least one checked","0",10
,"Alabama","01","White","2106-3","35-39 years","35-39","Associate degree (AA, AS)","5","None checked","1",1420
,"Alabama","01","White","2106-3","35-39 years","35-39","Bachelor's degree (BA, AB, BS)","6","At least one checked","0",66
,"Alabama","01","White","2106-3","35-39 years","35-39","Bachelor's degree (BA, AB, BS)","6","None checked","1",4067
,"Alabama","01","White","2106-3","35-39 years","35-39","Master's degree (MA, MS, MEng, MEd, MSW, MBA)","7","At least one checked","0",30
,"Alabama","01","White","2106-3","35-39 years","35-39","Master's degree (MA, MS, MEng, MEd, MSW, MBA)","7","None checked","1",2651
,"Alabama","01","White","2106-3","35-39 years","35-39","Doctorate (PhD, EdD) or Professional Degree (MD, DDS, DVM, LLB, JD)","8","At least one checked","0",14
,"Alabama","01","White","2106-3","35-39 years","35-39","Doctorate (PhD, EdD) or Professional Degree (MD, DDS, DVM, LLB, JD)","8","None checked","1",961
,"Alabama","01","White","2106-3","35-39 years","35-39","Unknown or Not Stated","Unk","None checked","1",39
,"Alabama","01","White","2106-3","40-44 years","40-44","8th grade or less","1","None checked","1",343
,"Alabama","01","White","2106-3","40-44 years","40-44","9th through 12th grade with no diploma","2","None checked","1",182
,"Alabama","01","White","2106-3","40-44 years","40-44","High school graduate or GED completed","3","None checked","1",547
,"Alabama","01","White","2106-3","40-44 years","40-44","Some college credit, but not a degree","4","None checked","1",403
,"Alabama","01","White","2106-3","40-44 years","40-44","Associate degree (AA, AS)","5","None checked","1",247
,"Alabama","01","White","2106-3","40-44 years","40-44","Bachelor's degree (BA, AB, BS)","6","At least one checked","0",15
,"Alabama","01","White","2106-3","40-44 years","40-44","Bachelor's degree (BA, AB, BS)","6","None checked","1",676
,"Alabama","01","White","2106-3","40-44 years","40-44","Master's degree (MA, MS, MEng, MEd, MSW, MBA)","7","None checked","1",395
,"Alabama","01","White","2106-3","40-44 years","40-44","Doctorate (PhD, EdD) or Professional Degree (MD, DDS, DVM, LLB, JD)","8","None checked","1",192
,"Alabama","01","White","2106-3","40-44 years","40-44","Unknown or Not Stated","Unk","None checked","1",12
,"Alabama","01","White","2106-3","45-49 years","45-49","8th grade or less","1","None checked","1",17
,"Alabama","01","White","2106-3","45-49 years","45-49","9th through 12th grade with no diploma","2","None checked","1",10
,"Alabama","01","White","2106-3","45-49 years","45-49","High school graduate or GED completed","3","None checked","1",27
,"Alabama","01","White","2106-3","45-49 years","45-49","Some college credit, but not a degree","4","None checked","1",20
,"Alabama","01","White","2106-3","45-49 years","45-49","Associate degree (AA, AS)","5","None checked","1",10
,"Alabama","01","White","2106-3","45-49 years","45-49","Bachelor's degree (BA, AB, BS)","6","None checked","1",23
,"Alabama","01","White","2106-3","45-49 years","45-49","Master's degree (MA, MS, MEng, MEd, MSW, MBA)","7","None checked","1",22
,"Alabama","01","More than one race","M","15 - 17 years","15-17","9th through 12th grade with no diploma","2","None checked","1",109
,"Alabama","01","More than one race","M","15 - 17 years","15-17","High school graduate or GED completed","3","None checked","1",14
,"Alabama","01","More than one race","M","18 - 19 years","18-19","9th through 12th grade with no diploma","2","None checked","1",78
,"Alabama","01","More than one race","M","18 - 19 years","18-19","High school graduate or GED completed","3","None checked","1",152
,"Alabama","01","More than one race","M","18 - 19 years","18-19","Some college credit, but not a degree","4","None checked","1",23
,"Alabama","01","More than one race","M","20-24 years","20-24","8th grade or less","1","None checked","1",11
,"Alabama","01","More than one race","M","20-24 years","20-24","9th through 12th grade with no diploma","2","None checked","1",132
,"Alabama","01","More than one race","M","20-24 years","20-24","High school graduate or GED completed","3","None checked","1",691
,"Alabama","01","More than one race","M","20-24 years","20-24","Some college credit, but not a degree","4","None checked","1",319
,"Alabama","01","More than one race","M","20-24 years","20-24","Associate degree (AA, AS)","5","None checked","1",76
,"Alabama","01","More than one race","M","20-24 years","20-24","Bachelor's degree (BA, AB, BS)","6","None checked","1",80
,"Alabama","01","More than one race","M","25-29 years","25-29","8th grade or less","1","None checked","1",20
,"Alabama","01","More than one race","M","25-29 years","25-29","9th through 12th grade with no diploma","2","None checked","1",69
,"Alabama","01","More than one race","M","25-29 years","25-29","High school graduate or GED completed","3","None checked","1",443
,"Alabama","01","More than one race","M","25-29 years","25-29","Some college credit, but not a degree","4","None checked","1",317
,"Alabama","01","More than one race","M","25-29 years","25-29","Associate degree (AA, AS)","5","None checked","1",132
,"Alabama","01","More than one race","M","25-29 years","25-29","Bachelor's degree (BA, AB, BS)","6","None checked","1",221
,"Alabama","01","More than one race","M","25-29 years","25-29","Master's degree (MA, MS, MEng, MEd, MSW, MBA)","7","None checked","1",78
,"Alabama","01","More than one race","M","25-29 years","25-29","Doctorate (PhD, EdD) or Professional Degree (MD, DDS, DVM, LLB, JD)","8","None checked","1",13
,"Alabama","01","More than one race","M","30-34 years","30-34","8th grade or less","1","None checked","1",21
,"Alabama","01","More than one race","M","30-34 years","30-34","9th through 12th grade with no diploma","2","None checked","1",26
,"Alabama","01","More than one race","M","30-34 years","30-34","High school graduate or GED completed","3","None checked","1",184
,"Alabama","01","More than one race","M","30-34 years","30-34","Some college credit, but not a degree","4","None checked","1",194
,"Alabama","01","More than one race","M","30-34 years","30-34","Associate degree (AA, AS)","5","None checked","1",82
,"Alabama","01","More than one race","M","30-34 years","30-34","Bachelor's degree (BA, AB, BS)","6","None checked","1",202
,"Alabama","01","More than one race","M","30-34 years","30-34","Master's degree (MA, MS, MEng, MEd, MSW, MBA)","7","None checked","1",108
,"Alabama","01","More than one race","M","30-34 years","30-34","Doctorate (PhD, EdD) or Professional Degree (MD, DDS, DVM, LLB, JD)","8","None checked","1",43
,"Alabama","01","More than one race","M","35-39 years","35-39","8th grade or less","1","None checked","1",12
,"Alabama","01","More than one race","M","35-39 years","35-39","9th through 12th grade with no diploma","2","None checked","1",21
,"Alabama","01","More than one race","M","35-39 years","35-39","High school graduate or GED completed","3","None checked","1",74
,"Alabama","01","More than one race","M","35-39 years","35-39","Some college credit, but not a degree","4","None checked","1",75
,"Alabama","01","More than one race","M","35-39 years","35-39","Associate degree (AA, AS)","5","None checked","1",42
,"Alabama","01","More than one race","M","35-39 years","35-39","Bachelor's degree (BA, AB, BS)","6","None checked","1",85
,"Alabama","01","More than one race","M","35-39 years","35-39","Master's degree (MA, MS, MEng, MEd, MSW, MBA)","7","None checked","1",43
,"Alabama","01","More than one race","M","35-39 years","35-39","Doctorate (PhD, EdD) or Professional Degree (MD, DDS, DVM, LLB, JD)","8","None checked","1",27
,"Alabama","01","More than one race","M","40-44 years","40-44","Some college credit, but not a degree","4","None checked","1",13
,"Alabama","01","More than one race","M","40-44 years","40-44","Associate degree (AA, AS)","5","None checked","1",10
,"Alabama","01","More than one race","M","40-44 years","40-44","Bachelor's degree (BA, AB, BS)","6","None checked","1",25
,"California","06","American Indian or Alaska Native","1002-5","15 - 17 years","15-17","9th through 12th grade with no diploma","2","None checked","1",64
,"California","06","American Indian or Alaska Native","1002-5","18 - 19 years","18-19","9th through 12th grade with no diploma","2","None checked","1",52
,"California","06","American Indian or Alaska Native","1002-5","18 - 19 years","18-19","High school graduate or GED completed","3","None checked","1",151
,"California","06","American Indian or Alaska Native","1002-5","18 - 19 years","18-19","Some college credit, but not a degree","4","None checked","1",20
,"California","06","American Indian or Alaska Native","1002-5","18 - 19 years","18-19","Unknown or Not Stated","Unk","None checked","1",20
,"California","06","American Indian or Alaska Native","1002-5","20-24 years","20-24","8th grade or less","1","None checked","1",24
,"California","06","American Indian or Alaska Native","1002-5","20-24 years","20-24","9th through 12th grade with no diploma","2","None checked","1",139
,"California","06","American Indian or Alaska Native","1002-5","20-24 years","20-24","High school graduate or GED completed","3","At least one checked","0",14
,"California","06","American Indian or Alaska Native","1002-5","20-24 years","20-24","High school graduate or GED completed","3","None checked","1",768
,"California","06","American Indian or Alaska Native","1002-5","20-24 years","20-24","Some college credit, but not a degree","4","None checked","1",261
,"California","06","American Indian or Alaska Native","1002-5","20-24 years","20-24","Associate degree (AA, AS)","5","None checked","1",48
,"California","06","American Indian or Alaska Native","1002-5","20-24 years","20-24","Bachelor's degree (BA, AB, BS)","6","None checked","1",28
,"California","06","American Indian or Alaska Native","1002-5","20-24 years","20-24","Unknown or Not Stated","Unk","None checked","1",84
,"California","06","American Indian or Alaska Native","1002-5","25-29 years","25-29","8th grade or less","1","None checked","1",34
,"California","06","American Indian or Alaska Native","1002-5","25-29 years","25-29","9th through 12th grade with no diploma","2","None checked","1",134
,"California","06","American Indian or Alaska Native","1002-5","25-29 years","25-29","High school graduate or GED completed","3","None checked","1",718
,"California","06","American Indian or Alaska Native","1002-5","25-29 years","25-29","Some college credit, but not a degree","4","None checked","1",475
,"California","06","American Indian or Alaska Native","1002-5","25-29 years","25-29","Associate degree (AA, AS)","5","None checked","1",155
,"California","06","American Indian or Alaska Native","1002-5","25-29 years","25-29","Bachelor's degree (BA, AB, BS)","6","None checked","1",179
,"California","06","American Indian or Alaska Native","1002-5","25-29 years","25-29","Master's degree (MA, MS, MEng, MEd, MSW, MBA)","7","None checked","1",52
,"California","06","American Indian or Alaska Native","1002-5","25-29 years","25-29","Unknown or Not Stated","Unk","None checked","1",136
,"California","06","American Indian or Alaska Native","1002-5","30-34 years","30-34","8th grade or less","1","None checked","1",32
,"California","06","American Indian or Alaska Native","1002-5","30-34 years","30-34","9th through 12th grade with no diploma","2","None checked","1",120
,"California","06","American Indian or Alaska Native","1002-5","30-34 years","30-34","High school graduate or GED completed","3","None checked","1",520
,"California","06","American Indian or Alaska Native","1002-5","30-34 years","30-34","Some college credit, but not a degree","4","None checked","1",479
,"California","06","American Indian or Alaska Native","1002-5","30-34 years","30-34","Associate degree (AA, AS)","5","None checked","1",192
,"California","06","American Indian or Alaska Native","1002-5","30-34 years","30-34","Bachelor's degree (BA, AB, BS)","6","None checked","1",256
,"California","06","American Indian or Alaska Native","1002-5","30-34 years","30-34","Master's degree (MA, MS, MEng, MEd, MSW, MBA)","7","None checked","1",127
,"California","06","American Indian or Alaska Native","1002-5","30-34 years","30-34","Doctorate (PhD, EdD) or Professional Degree (MD, DDS, DVM, LLB, JD)","8","None checked","1",34
,"California","06","American Indian or Alaska Native","1002-5","30-34 years","30-34","Unknown or Not Stated","Unk","None checked","1",177
,"California","06","American Indian or Alaska Native","1002-5","35-39 years","35-39","8th grade or less","1","None checked","1",26
,"California","06","American Indian or Alaska Native","1002-5","35-39 years","35-39","9th through 12th grade with no diploma","2","None checked","1",71
,"California","06","American Indian or Alaska Native","1002-5","35-39 years","35-39","High school graduate or GED completed","3","None checked","1",299
,"California","06","American Indian or Alaska Native","1002-5","35-39 years","35-39","Some college credit, but not a degree","4","None checked","1",314
,"California","06","American Indian or Alaska Native","1002-5","35-39 years","35-39","Associate degree (AA, AS)","5","None checked","1",117
,"California","06","American Indian or Alaska Native","1002-5","35-39 years","35-39","Bachelor's degree (BA, AB, BS)","6","None checked","1",180
,"California","06","American Indian or Alaska Native","1002-5","35-39 years","35-39","Master's degree (MA, MS, MEng, MEd, MSW, MBA)","7","None checked","1",83
,"California","06","American Indian or Alaska Native","1002-5","35-39 years","35-39","Doctorate (PhD, EdD) or Professional Degree (MD, DDS, DVM, LLB, JD)","8","None checked","1",35
,"California","06","American Indian or Alaska Native","1002-5","35-39 years","35-39","Unknown or Not Stated","Unk","None checked","1",126
,"California","06","American Indian or Alaska Native","1002-5","40-44 years","40-44","9th through 12th grade with no diploma","2","None checked","1",24
,"California","06","American Indian or Alaska Native","1002-5","40-44 years","40-44","High school graduate or GED completed","3","None checked","1",71
,"California","06","American Indian or Alaska Native","1002-5","40-44 years","40-44","Some college credit, but not a degree","4","None checked","1",70
,"California","06","American Indian or Alaska Native","1002-5","40-44 years","40-44","Associate degree (AA, AS)","5","None checked","1",37
,"California","06","American Indian or Alaska Native","1002-5","40-44 years","40-44","Bachelor's degree (BA, AB, BS)","6","None checked","1",58
,"California","06","American Indian or Alaska Native","1002-5","40-44 years","40-44","Master's degree (MA, MS, MEng, MEd, MSW, MBA)","7","None checked","1",30
,"California","06","American Indian or Alaska Native","1002-5","40-44 years","40-44","Unknown or Not Stated","Unk","None checked","1",40
,"California","06","Asian","A","15 - 17 years","15-17","9th through 12th grade with no diploma","2","None checked","1",86
,"California","06","Asian","A","15 - 17 years","15-17","High school graduate or GED completed","3","None checked","1",26
,"California","06","Asian","A","15 - 17 years","15-17","Unknown or Not Stated","Unk","None checked","1",62
,"California","06","Asian","A","18 - 19 years","18-19","8th grade or less","1","None checked","1",10
,"California","06","Asian","A","18 - 19 years","18-19","9th through 12th grade with no diploma","2","None checked","1",74
,"California","06","Asian","A","18 - 19 years","18-19","High school graduate or GED completed","3","None checked","1",324
,"California","06","Asian","A","18 - 19 years","18-19","Some college credit, but not a degree","4","None checked","1",77
,"California","06","Asian","A","18 - 19 years","18-19","Unknown or Not Stated","Unk","None checked","1",193
,"California","06","Asian","A","20-24 years","20-24","8th grade or less","1","None checked","1",95
,"California","06","Asian","A","20-24 years","20-24","9th through 12th grade with no diploma","2","None checked","1",273
,"California","06","Asian","A","20-24 years","20-24","High school graduate or GED completed","3","At least one checked","0",48
,"California","06","Asian","A","20-24 years","20-24","High school graduate or GED completed","3","None checked","1",2386
,"California","06","Asian","A","20-24 years","20-24","Some college credit, but not a degree","4","At least one checked","0",17
,"California","06","Asian","A","20-24 years","20-24","Some college credit, but not a degree","4","None checked","1",1203
,"California","06","Asian","A","20-24 years","20-24","Associate degree (AA, AS)","5","None checked","1",415
,"California","06","Asian","A","20-24 years","20-24","Bachelor's degree (BA, AB, BS)","6","At least one checked","0",28
,"California","06","Asian","A","20-24 years","20-24","Bachelor's degree (BA, AB, BS)","6","None checked","1",880
,"California","06","Asian","A","20-24 years","20-24","Master's degree (MA, MS, MEng, MEd, MSW, MBA)","7","None checked","1",115
,"California","06","Asian","A","20-24 years","20-24","Doctorate (PhD, EdD) or Professional Degree (MD, DDS, DVM, LLB, JD)","8","None checked","1",20
,"California","06","Asian","A","20-24 years","20-24","Unknown or Not Stated","Unk","At least one checked","0",14
,"California","06","Asian","A","20-24 years","20-24","Unknown or Not Stated","Unk","None checked","1",1314
,"California","06","Asian","A","25-29 years","25-29","8th grade or less","1","None checked","1",188
,"California","06","Asian","A","25-29 years","25-29","9th through 12th grade with no diploma","2","None checked","1",505
,"California","06","Asian","A","25-29 years","25-29","High school graduate or GED completed","3","At least one checked","0",90
,"California","06","Asian","A","25-29 years","25-29","High school graduate or GED completed","3","None checked","1",4750
,"California","06","Asian","A","25-29 years","25-29","Some college credit, but not a degree","4","At least one checked","0",62
,"California","06","Asian","A","25-29 years","25-29","Some college credit, but not a degree","4","None checked","1",3282
,"California","06","Asian","A","25-29 years","25-29","Associate degree (AA, AS)","5","At least one checked","0",33
,"California","06","Asian","A","25-29 years","25-29","Associate degree (AA, AS)","5","None checked","1",2007
,"California","06","Asian","A","25-29 years","25-29","Bachelor's degree (BA, AB, BS)","6","At least one checked","0",349
,"California","06","Asian","A","25-29 years","25-29","Bachelor's degree (BA, AB, BS)","6","None checked","1",9946
,"California","06","Asian","A","25-29 years","25-29","Bachelor's degree (BA, AB, BS)","6","Unknown or Not Stated","9",10
,"California","06","Asian","A","25-29 years","25-29","Master's degree (MA, MS, MEng, MEd, MSW, MBA)","7","At least one checked","0",201
,"California","06","Asian","A","25-29 years","25-29","Master's degree (MA, MS, MEng, MEd, MSW, MBA)","7","None checked","1",4259
,"California","06","Asian","A","25-29 years","25-29","Doctorate (PhD, EdD) or Professional Degree (MD, DDS, DVM, LLB, JD)","8","At least one checked","0",18
,"California","06","Asian","A","25-29 years","25-29","Doctorate (PhD, EdD) or Professional Degree (MD, DDS, DVM, LLB, JD)","8","None checked","1",586
,"California","06","Asian","A","25-29 years","25-29","Unknown or Not Stated","Unk","At least one checked","0",71
,"California","06","Asian","A","25-29 years","25-29","Unknown or Not Stated","Unk","None checked","1",3773
,"California","06","Asian","A","30-34 years","30-34","8th grade or less","1","None checked","1",227
,"California","06","Asian","A","30-34 years","30-34","9th through 12th grade with no diploma","2","None checked","1",605
,"California","06","Asian","A","30-34 years","30-34","High school graduate or GED completed","3","At least one checked","0",118
,"California","06","Asian","A","30-34 years","30-34","High school graduate or GED completed","3","None checked","1",5699
,"California","06","Asian","A","30-34 years","30-34","Some college credit, but not a degree","4","At least one checked","0",107
,"California","06","Asian","A","30-34 years","30-34","Some college credit, but not a degree","4","None checked","1",5213
,"California","06","Asian","A","30-34 years","30-34","Associate degree (AA, AS)","5","At least one checked","0",73
,"California","06","Asian","A","30-34 years","30-34","Associate degree (AA, AS)","5","None checked","1",4001
,"California","06","Asian","A","30-34 years","30-34","Bachelor's degree (BA, AB, BS)","6","At least one checked","0",932
,"California","06","Asian","A","30-34 years","30-34","Bachelor's degree (BA, AB, BS)","6","None checked","1",30231
,"California","06","Asian","A","30-34 years","30-34","Bachelor's degree (BA, AB, BS)","6","Unknown or Not Stated","9",28
,"California","06","Asian","A","30-34 years","30-34","Master's degree (MA, MS, MEng, MEd, MSW, MBA)","7","At least one checked","0",1034
,"California","06","Asian","A","30-34 years","30-34","Master's degree (MA, MS, MEng, MEd, MSW, MBA)","7","None checked","1",22674
,"California","06","Asian","A","30-34 years","30-34","Doctorate (PhD, EdD) or Professional Degree (MD, DDS, DVM, LLB, JD)","8","At least one checked","0",255
,"California","06","Asian","A","30-34 years","30-34","Doctorate (PhD, EdD) or Professional Degree (MD, DDS, DVM, LLB, JD)","8","None checked","1",6770
,"California","06","Asian","A","30-34 years","30-34","Unknown or Not Stated","Unk","At least one checked","0",158
,"California","06","Asian","A","30-34 years","30-34","Unknown or Not Stated","Unk","None checked","1",7606
,"California","06","Asian","A","30-34 years","30-34","Unknown or Not Stated","Unk","Unknown or Not Stated","9",19
,"California","06","Asian","A","35-39 years","35-39","8th grade or less","1","None checked","1",232
,"California","06","Asian","A","35-39 years","35-39","9th through 12th grade with no diploma","2","None checked","1",441
,"California","06","Asian","A","35-39 years","35-39","High school graduate or GED completed","3","At least one checked","0",87
,"California","06","Asian","A","35-39 years","35-39","High school graduate or GED completed","3","None checked","1",3841
,"California","06","Asian","A","35-39 years","35-39","Some college credit, but not a degree","4","At least one checked","0",66
,"California","06","Asian","A","35-39 years","35-39","Some college credit, but not a degree","4","None checked","1",4046
,"California","06","Asian","A","35-39 years","35-39","Associate degree (AA, AS)","5","At least one checked","0",48
,"California","06","Asian","A","35-39 years","35-39","Associate degree (AA, AS)","5","None checked","1",3268
,"California","06","Asian","A","35-39 years","35-39","Bachelor's degree (BA, AB, BS)","6","At least one checked","0",597
,"California","06","Asian","A","35-39 years","35-39","Bachelor's degree (BA, AB, BS)","6","None checked","1",25204
,"California","06","Asian","A","35-39 years","35-39","Bachelor's degree (BA, AB, BS)","6","Unknown or Not Stated","9",20
,"California","06","Asian","A","35-39 years","35-39","Master's degree (MA, MS, MEng, MEd, MSW, MBA)","7","At least one checked","0",484
,"California","06","Asian","A","35-39 years","35-39","Master's degree (MA, MS, MEng, MEd, MSW, MBA)","7","None checked","1",18099
,"California","06","Asian","A","35-39 years","35-39","Doctorate (PhD, EdD) or Professional Degree (MD, DDS, DVM, LLB, JD)","8","At least one checked","0",227
,"California","06","Asian","A","35-39 years","35-39","Doctorate (PhD, EdD) or Professional Degree (MD, DDS, DVM, LLB, JD)","8","None checked","1",8340
,"California","06","Asian","A","35-39 years","35-39","Unknown or Not Stated","Unk","At least one checked","0",109
,"California","06","Asian","A","35-39 years","35-39","Unknown or Not Stated","Unk","None checked","1",6138
,"California","06","Asian","A","35-39 years","35-39","Unknown or Not Stated","Unk","Unknown or Not Stated","9",12
,"California","06","Asian","A","40-44 years","40-44","8th grade or less","1","None checked","1",85
,"California","06","Asian","A","40-44 years","40-44","9th through 12th grade with no diploma","2","None checked","1",169
,"California","06","Asian","A","40-44 years","40-44","High school graduate or GED completed","3","At least one checked","0",13
,"California","06","Asian","A","40-44 years","40-44","High school graduate or GED completed","3","None checked","1",1134
,"California","06","Asian","A","40-44 years","40-44","Some college credit, but not a degree","4","At least one checked","0",19
,"California","06","Asian","A","40-44 years","40-44","Some college credit, but not a degree","4","None checked","1",1169
,"California","06","Asian","A","40-44 years","40-44","Associate degree (AA, AS)","5","At least one checked","0",10
,"California","06","Asian","A","40-44 years","40-44","Associate degree (AA, AS)","5","None checked","1",942
,"California","06","Asian","A","40-44 years","40-44","Bachelor's degree (BA, AB, BS)","6","At least one checked","0",120
,"California","06","Asian","A","40-44 years","40-44","Bachelor's degree (BA, AB, BS)","6","None checked","1",6342
,"California","06","Asian","A","40-44 years","40-44","Master's degree (MA, MS, MEng, MEd, MSW, MBA)","7","At least one checked","0",80
,"California","06","Asian","A","40-44 years","40-44","Master's degree (MA, MS, MEng, MEd, MSW, MBA)","7","None checked","1",3856
,"California","06","Asian","A","40-44 years","40-44","Doctorate (PhD, EdD) or Professional Degree (MD, DDS, DVM, LLB, JD)","8","At least one checked","0",45
,"California","06","Asian","A","40-44 years","40-44","Doctorate (PhD, EdD) or Professional Degree (MD, DDS, DVM, LLB, JD)","8","None checked","1",2106
,"California","06","Asian","A","40-44 years","40-44","Unknown or Not Stated","Unk","At least one checked","0",44
,"California","06","Asian","A","40-44 years","40-44","Unknown or Not Stated","Unk","None checked","1",2106
,"California","06","Asian","A","45-49 years","45-49","9th through 12th grade with no diploma","2","None checked","1",14
,"California","06","Asian","A","45-49 years","45-49","High school graduate or GED completed","3","None checked","1",91
,"California","06","Asian","A","45-49 years","45-49","Some college credit, but not a degree","4","None checked","1",72
,"California","06","Asian","A","45-49 years","45-49","Associate degree (AA, AS)","5","None checked","1",69
,"California","06","Asian","A","45-49 years","45-49","Bachelor's degree (BA, AB, BS)","6","At least one checked","0",20
,"California","06","Asian","A","45-49 years","45-49","Bachelor's degree (BA, AB, BS)","6","None checked","1",441
,"California","06","Asian","A","45-49 years","45-49","Master's degree (MA, MS, MEng, MEd, MSW, MBA)","7","None checked","1",328
,"California","06","Asian","A","45-49 years","45-49","Doctorate (PhD, EdD) or Professional Degree (MD, DDS, DVM, LLB, JD)","8","None checked","1",199
,"California","06","Asian","A","45-49 years","45-49","Unknown or Not Stated","Unk","At least one checked","0",14
,"California","06","Asian","A","45-49 years","45-49","Unknown or Not Stated","Unk","None checked","1",433
,"California","06","Asian","A","50 years and over","50+","High school graduate or GED completed","3","None checked","1",20
,"California","06","Asian","A","50 years and over","50+","Some college credit, but not a degree","4","None checked","1",13
,"California","06","Asian","A","50 years and over","50+","Associate degree (AA, AS)","5","None checked","1",13
,"California","06","Asian","A","50 years and over","50+","Bachelor's degree (BA, AB, BS)","6","None checked","1",81
,"California","06","Asian","A","50 years and over","50+","Master's degree (MA, MS, MEng, MEd, MSW, MBA)","7","None checked","1",47
,"California","06","Asian","A","50 years and over","50+","Doctorate (PhD, EdD) or Professional Degree (MD, DDS, DVM, LLB, JD)","8","None checked","1",35
,"California","06","Asian","A","50 years and over","50+","Unknown or Not Stated","Unk","None checked","1",162
,"California","06","Black or African American","2054-5","Under 15 years","15-","8th grade or less","1","None checked","1",10
,"California","06","Black or African American","2054-5","Under 15 years","15-","9th through 12th grade with no diploma","2","None checked","1",10
,"California","06","Black or African American","2054-5","15 - 17 years","15-17","8th grade or less","1","None checked","1",14
,"California","06","Black or African American","2054-5","15 - 17 years","15-17","9th through 12th grade with no diploma","2","None checked","1",414
,"California","06","Black or African American","2054-5","15 - 17 years","15-17","High school graduate or GED completed","3","None checked","1",105
,"California","06","Black or African American","2054-5","15 - 17 years","15-17","Unknown or Not Stated","Unk","None checked","1",66
,"California","06","Black or African American","2054-5","18 - 19 years","18-19","8th grade or less","1","None checked","1",11
,"California","06","Black or African American","2054-5","18 - 19 years","18-19","9th through 12th grade with no diploma","2","At least one checked","0",11
,"California","06","Black or African American","2054-5","18 - 19 years","18-19","9th through 12th grade with no diploma","2","None checked","1",369
,"California","06","Black or African American","2054-5","18 - 19 years","18-19","High school graduate or GED completed","3","At least one checked","0",12
,"California","06","Black or African American","2054-5","18 - 19 years","18-19","High school graduate or GED completed","3","None checked","1",1124
,"California","06","Black or African American","2054-5","18 - 19 years","18-19","Some college credit, but not a degree","4","None checked","1",237
,"California","06","Black or African American","2054-5","18 - 19 years","18-19","Associate degree (AA, AS)","5","None checked","1",10
,"California","06","Black or African American","2054-5","18 - 19 years","18-19","Unknown or Not Stated","Unk","None checked","1",158
,"California","06","Black or African American","2054-5","20-24 years","20-24","8th grade or less","1","None checked","1",46
,"California","06","Black or African American","2054-5","20-24 years","20-24","9th through 12th grade with no diploma","2","None checked","1",910
,"California","06","Black or African American","2054-5","20-24 years","20-24","High school graduate or GED completed","3","At least one checked","0",53
,"California","06","Black or African American","2054-5","20-24 years","20-24","High school graduate or GED completed","3","None checked","1",5874
,"California","06","Black or African American","2054-5","20-24 years","20-24","Some college credit, but not a degree","4","At least one checked","0",23
,"California","06","Black or African American","2054-5","20-24 years","20-24","Some college credit, but not a degree","4","None checked","1",2377
,"California","06","Black or African American","2054-5","20-24 years","20-24","Associate degree (AA, AS)","5","None checked","1",440
,"California","06","Black or African American","2054-5","20-24 years","20-24","Bachelor's degree (BA, AB, BS)","6","None checked","1",392
,"California","06","Black or African American","2054-5","20-24 years","20-24","Master's degree (MA, MS, MEng, MEd, MSW, MBA)","7","None checked","1",35
,"California","06","Black or African American","2054-5","20-24 years","20-24","Unknown or Not Stated","Unk","None checked","1",972
,"California","06","Black or African American","2054-5","25-29 years","25-29","8th grade or less","1","None checked","1",89
,"California","06","Black or African American","2054-5","25-29 years","25-29","9th through 12th grade with no diploma","2","At least one checked","0",11
,"California","06","Black or African American","2054-5","25-29 years","25-29","9th through 12th grade with no diploma","2","None checked","1",957
,"California","06","Black or African American","2054-5","25-29 years","25-29","High school graduate or GED completed","3","At least one checked","0",58
,"California","06","Black or African American","2054-5","25-29 years","25-29","High school graduate or GED completed","3","None checked","1",5637
,"California","06","Black or African American","2054-5","25-29 years","25-29","High school graduate or GED completed","3","Unknown or Not Stated","9",11
,"California","06","Black or African American","2054-5","25-29 years","25-29","Some college credit, but not a degree","4","At least one checked","0",40
,"California","06","Black or African American","2054-5","25-29 years","25-29","Some college credit, but not a degree","4","None checked","1",4196
,"California","06","Black or African American","2054-5","25-29 years","25-29","Associate degree (AA, AS)","5","At least one checked","0",10
,"California","06","Black or African American","2054-5","25-29 years","25-29","Associate degree (AA, AS)","5","None checked","1",1255
,"California","06","Black or African American","2054-5","25-29 years","25-29","Bachelor's degree (BA, AB, BS)","6","At least one checked","0",25
,"California","06","Black or African American","2054-5","25-29 years","25-29","Bachelor's degree (BA, AB, BS)","6","None checked","1",2119
,"California","06","Black or African American","2054-5","25-29 years","25-29","Master's degree (MA, MS, MEng, MEd, MSW, MBA)","7","None checked","1",670
,"California","06","Black or African American","2054-5","25-29 years","25-29","Doctorate (PhD, EdD) or Professional Degree (MD, DDS, DVM, LLB, JD)","8","None checked","1",100
,"California","06","Black or African American","2054-5","25-29 years","25-29","Unknown or Not Stated","Unk","At least one checked","0",17
,"California","06","Black or African American","2054-5","25-29 years","25-29","Unknown or Not Stated","Unk","None checked","1",1767
,"California","06","Black or African American","2054-5","30-34 years","30-34","8th grade or less","1","None checked","1",112
,"California","06","Black or African American","2054-5","30-34 years","30-34","9th through 12th grade with no diploma","2","At least one checked","0",12
,"California","06","Black or African American","2054-5","30-34 years","30-34","9th through 12th grade with no diploma","2","None checked","1",901
,"California","06","Black or African American","2054-5","30-34 years","30-34","High school graduate or GED completed","3","At least one checked","0",44
,"California","06","Black or African American","2054-5","30-34 years","30-34","High school graduate or GED completed","3","None checked","1",4980
,"California","06","Black or African American","2054-5","30-34 years","30-34","High school graduate or GED completed","3","Unknown or Not Stated","9",16
,"California","06","Black or African American","2054-5","30-34 years","30-34","Some college credit, but not a degree","4","At least one checked","0",42
,"California","06","Black or African American","2054-5","30-34 years","30-34","Some college credit, but not a degree","4","None checked","1",4590
,"California","06","Black or African American","2054-5","30-34 years","30-34","Some college credit, but not a degree","4","Unknown or Not Stated","9",12
,"California","06","Black or African American","2054-5","30-34 years","30-34","Associate degree (AA, AS)","5","At least one checked","0",19
,"California","06","Black or African American","2054-5","30-34 years","30-34","Associate degree (AA, AS)","5","None checked","1",1843
,"California","06","Black or African American","2054-5","30-34 years","30-34","Bachelor's degree (BA, AB, BS)","6","At least one checked","0",43
,"California","06","Black or African American","2054-5","30-34 years","30-34","Bachelor's degree (BA, AB, BS)","6","None checked","1",3832
,"California","06","Black or African American","2054-5","30-34 years","30-34","Bachelor's degree (BA, AB, BS)","6","Unknown or Not Stated","9",18
,"California","06","Black or African American","2054-5","30-34 years","30-34","Master's degree (MA, MS, MEng, MEd, MSW, MBA)","7","At least one checked","0",31
,"California","06","Black or African American","2054-5","30-34 years","30-34","Master's degree (MA, MS, MEng, MEd, MSW, MBA)","7","None checked","1",1952
,"California","06","Black or African American","2054-5","30-34 years","30-34","Doctorate (PhD, EdD) or Professional Degree (MD, DDS, DVM, LLB, JD)","8","None checked","1",562
,"California","06","Black or African American","2054-5","30-34 years","30-34","Unknown or Not Stated","Unk","At least one checked","0",38
,"California","06","Black or African American","2054-5","30-34 years","30-34","Unknown or Not Stated","Unk","None checked","1",2433
,"California","06","Black or African American","2054-5","35-39 years","35-39","8th grade or less","1","None checked","1",85
,"California","06","Black or African American","2054-5","35-39 years","35-39","9th through 12th grade with no diploma","2","None checked","1",580
,"California","06","Black or African American","2054-5","35-39 years","35-39","High school graduate or GED completed","3","At least one checked","0",15
,"California","06","Black or African American","2054-5","35-39 years","35-39","High school graduate or GED completed","3","None checked","1",2552
,"California","06","Black or African American","2054-5","35-39 years","35-39","Some college credit, but not a degree","4","At least one checked","0",23
,"California","06","Black or African American","2054-5","35-39 years","35-39","Some college credit, but not a degree","4","None checked","1",2858
,"California","06","Black or African American","2054-5","35-39 years","35-39","Associate degree (AA, AS)","5","At least one checked","0",10
,"California","06","Black or African American","2054-5","35-39 years","35-39","Associate degree (AA, AS)","5","None checked","1",1311
,"California","06","Black or African American","2054-5","35-39 years","35-39","Bachelor's degree (BA, AB, BS)","6","At least one checked","0",43
,"California","06","Black or African American","2054-5","35-39 years","35-39","Bachelor's degree (BA, AB, BS)","6","None checked","1",2933
,"California","06","Black or African American","2054-5","35-39 years","35-39","Bachelor's degree (BA, AB, BS)","6","Unknown or Not Stated","9",15
,"California","06","Black or African American","2054-5","35-39 years","35-39","Master's degree (MA, MS, MEng, MEd, MSW, MBA)","7","At least one checked","0",25
,"California","06","Black or African American","2054-5","35-39 years","35-39","Master's degree (MA, MS, MEng, MEd, MSW, MBA)","7","None checked","1",2020
,"California","06","Black or African American","2054-5","35-39 years","35-39","Doctorate (PhD, EdD) or Professional Degree (MD, DDS, DVM, LLB, JD)","8","None checked","1",735
,"California","06","Black or African American","2054-5","35-39 years","35-39","Unknown or Not Stated","Unk","At least one checked","0",23
,"California","06","Black or African American","2054-5","35-39 years","35-39","Unknown or Not Stated","Unk","None checked","1",1960
,"California","06","Black or African American","2054-5","40-44 years","40-44","8th grade or less","1","None checked","1",40
,"California","06","Black or African American","2054-5","40-44 years","40-44","9th through 12th grade with no diploma","2","None checked","1",129
,"California","06","Black or African American","2054-5","40-44 years","40-44","High school graduate or GED completed","3","At least one checked","0",10
,"California","06","Black or African American","2054-5","40-44 years","40-44","High school graduate or GED completed","3","None checked","1",578
,"California","06","Black or African American","2054-5","40-44 years","40-44","Some college credit, but not a degree","4","At least one checked","0",12
,"California","06","Black or African American","2054-5","40-44 years","40-44","Some college credit, but not a degree","4","None checked","1",689
,"California","06","Black or African American","2054-5","40-44 years","40-44","Associate degree (AA, AS)","5","None checked","1",354
,"California","06","Black or African American","2054-5","40-44 years","40-44","Bachelor's degree (BA, AB, BS)","6","None checked","1",880
,"California","06","Black or African American","2054-5","40-44 years","40-44","Master's degree (MA, MS, MEng, MEd, MSW, MBA)","7","None checked","1",599
,"California","06","Black or African American","2054-5","40-44 years","40-44","Doctorate (PhD, EdD) or Professional Degree (MD, DDS, DVM, LLB, JD)","8","None checked","1",245
,"California","06","Black or African American","2054-5","40-44 years","40-44","Unknown or Not Stated","Unk","At least one checked","0",11
,"California","06","Black or African American","2054-5","40-44 years","40-44","Unknown or Not Stated","Unk","None checked","1",593
,"California","06","Black or African American","2054-5","45-49 years","45-49","High school graduate or GED completed","3","None checked","1",31
,"California","06","Black or African American","2054-5","45-49 years","45-49","Some college credit, but not a degree","4","None checked","1",44
,"California","06","Black or African American","2054-5","45-49 years","45-49","Associate degree (AA, AS)","5","None checked","1",17
,"California","06","Black or African American","2054-5","45-49 years","45-49","Bachelor's degree (BA, AB, BS)","6","None checked","1",75
,"California","06","Black or African American","2054-5","45-49 years","45-49","Master's degree (MA, MS, MEng, MEd, MSW, MBA)","7","None checked","1",63
,"California","06","Black or African American","2054-5","45-49 years","45-49","Doctorate (PhD, EdD) or Professional Degree (MD, DDS, DVM, LLB, JD)","8","None checked","1",43
,"California","06","Black or African American","2054-5","45-49 years","45-49","Unknown or Not Stated","Unk","None checked","1",111
,"California","06","Black or African American","2054-5","50 years and over","50+","Bachelor's degree (BA, AB, BS)","6","None checked","1",21
,"California","06","Black or African American","2054-5","50 years and over","50+","Master's degree (MA, MS, MEng, MEd, MSW, MBA)","7","None checked","1",16
,"California","06","Black or African American","2054-5","50 years and over","50+","Unknown or Not Stated","Unk","None checked","1",37
,"California","06","Native Hawaiian or Other Pacific Islander","NHOPI","15 - 17 years","15-17","9th through 12th grade with no diploma","2","None checked","1",10
,"California","06","Native Hawaiian or Other Pacific Islander","NHOPI","18 - 19 years","18-19","9th through 12th grade with no diploma","2","None checked","1",15
,"California","06","Native Hawaiian or Other Pacific Islander","NHOPI","18 - 19 years","18-19","High school graduate or GED completed","3","None checked","1",64
,"California","06","Native Hawaiian or Other Pacific Islander","NHOPI","18 - 19 years","18-19","Unknown or Not Stated","Unk","None checked","1",18
,"California","06","Native Hawaiian or Other Pacific Islander","NHOPI","20-24 years","20-24","9th through 12th grade with no diploma","2","None checked","1",40
,"California","06","Native Hawaiian or Other Pacific Islander","NHOPI","20-24 years","20-24","High school graduate or GED completed","3","None checked","1",548
,"California","06","Native Hawaiian or Other Pacific Islander","NHOPI","20-24 years","20-24","Some college credit, but not a degree","4","None checked","1",131
,"California","06","Native Hawaiian or Other Pacific Islander","NHOPI","20-24 years","20-24","Associate degree (AA, AS)","5","None checked","1",47
,"California","06","Native Hawaiian or Other Pacific Islander","NHOPI","20-24 years","20-24","Bachelor's degree (BA, AB, BS)","6","None checked","1",25
,"California","06","Native Hawaiian or Other Pacific Islander","NHOPI","20-24 years","20-24","Unknown or Not Stated","Unk","None checked","1",88
,"California","06","Native Hawaiian or Other Pacific Islander","NHOPI","25-29 years","25-29","9th through 12th grade with no diploma","2","None checked","1",46
,"California","06","Native Hawaiian or Other Pacific Islander","NHOPI","25-29 years","25-29","High school graduate or GED completed","3","None checked","1",716
,"California","06","Native Hawaiian or Other Pacific Islander","NHOPI","25-29 years","25-29","Some college credit, but not a degree","4","None checked","1",301
,"California","06","Native Hawaiian or Other Pacific Islander","NHOPI","25-29 years","25-29","Associate degree (AA, AS)","5","None checked","1",127
,"California","06","Native Hawaiian or Other Pacific Islander","NHOPI","25-29 years","25-29","Bachelor's degree (BA, AB, BS)","6","None checked","1",176
,"California","06","Native Hawaiian or Other Pacific Islander","NHOPI","25-29 years","25-29","Master's degree (MA, MS, MEng, MEd, MSW, MBA)","7","None checked","1",30
,"California","06","Native Hawaiian or Other Pacific Islander","NHOPI","25-29 years","25-29","Unknown or Not Stated","Unk","None checked","1",134
,"California","06","Native Hawaiian or Other Pacific Islander","NHOPI","30-34 years","30-34","9th through 12th grade with no diploma","2","None checked","1",43
,"California","06","Native Hawaiian or Other Pacific Islander","NHOPI","30-34 years","30-34","High school graduate or GED completed","3","None checked","1",582
,"California","06","Native Hawaiian or Other Pacific Islander","NHOPI","30-34 years","30-34","Some college credit, but not a degree","4","None checked","1",374
,"California","06","Native Hawaiian or Other Pacific Islander","NHOPI","30-34 years","30-34","Associate degree (AA, AS)","5","None checked","1",178
,"California","06","Native Hawaiian or Other Pacific Islander","NHOPI","30-34 years","30-34","Bachelor's degree (BA, AB, BS)","6","None checked","1",320
,"California","06","Native Hawaiian or Other Pacific Islander","NHOPI","30-34 years","30-34","Master's degree (MA, MS, MEng, MEd, MSW, MBA)","7","None checked","1",114
,"California","06","Native Hawaiian or Other Pacific Islander","NHOPI","30-34 years","30-34","Doctorate (PhD, EdD) or Professional Degree (MD, DDS, DVM, LLB, JD)","8","None checked","1",21
,"California","06","Native Hawaiian or Other Pacific Islander","NHOPI","30-34 years","30-34","Unknown or Not Stated","Unk","None checked","1",209
,"California","06","Native Hawaiian or Other Pacific Islander","NHOPI","35-39 years","35-39","9th through 12th grade with no diploma","2","None checked","1",36
,"California","06","Native Hawaiian or Other Pacific Islander","NHOPI","35-39 years","35-39","High school graduate or GED completed","3","None checked","1",286
,"California","06","Native Hawaiian or Other Pacific Islander","NHOPI","35-39 years","35-39","Some college credit, but not a degree","4","None checked","1",245
,"California","06","Native Hawaiian or Other Pacific Islander","NHOPI","35-39 years","35-39","Associate degree (AA, AS)","5","None checked","1",125
,"California","06","Native Hawaiian or Other Pacific Islander","NHOPI","35-39 years","35-39","Bachelor's degree (BA, AB, BS)","6","None checked","1",177
,"California","06","Native Hawaiian or Other Pacific Islander","NHOPI","35-39 years","35-39","Master's degree (MA, MS, MEng, MEd, MSW, MBA)","7","None checked","1",68
,"California","06","Native Hawaiian or Other Pacific Islander","NHOPI","35-39 years","35-39","Doctorate (PhD, EdD) or Professional Degree (MD, DDS, DVM, LLB, JD)","8","None checked","1",17
,"California","06","Native Hawaiian or Other Pacific Islander","NHOPI","35-39 years","35-39","Unknown or Not Stated","Unk","None checked","1",156
,"California","06","Native Hawaiian or Other Pacific Islander","NHOPI","40-44 years","40-44","9th through 12th grade with no diploma","2","None checked","1",10
,"California","06","Native Hawaiian or Other Pacific Islander","NHOPI","40-44 years","40-44","High school graduate or GED completed","3","None checked","1",69
,"California","06","Native Hawaiian or Other Pacific Islander","NHOPI","40-44 years","40-44","Some college credit, but not a degree","4","None checked","1",67
,"California","06","Native Hawaiian or Other Pacific Islander","NHOPI","40-44 years","40-44","Associate degree (AA, AS)","5","None checked","1",34
,"California","06","Native Hawaiian or Other Pacific Islander","NHOPI","40-44 years","40-44","Bachelor's degree (BA, AB, BS)","6","None checked","1",51
,"California","06","Native Hawaiian or Other Pacific Islander","NHOPI","40-44 years","40-44","Master's degree (MA, MS, MEng, MEd, MSW, MBA)","7","None checked","1",28
,"California","06","Native Hawaiian or Other Pacific Islander","NHOPI","40-44 years","40-44","Unknown or Not Stated","Unk","None checked","1",50
,"California","06","White","2106-3","Under 15 years","15-","8th grade or less","1","None checked","1",193
,"California","06","White","2106-3","Under 15 years","15-","9th through 12th grade with no diploma","2","None checked","1",82
,"California","06","White","2106-3","Under 15 years","15-","Unknown or Not Stated","Unk","None checked","1",40
,"California","06","White","2106-3","15 - 17 years","15-17","8th grade or less","1","At least one checked","0",13
,"California","06","White","2106-3","15 - 17 years","15-17","8th grade or less","1","None checked","1",756
,"California","06","White","2106-3","15 - 17 years","15-17","9th through 12th grade with no diploma","2","At least one checked","0",73
,"California","06","White","2106-3","15 - 17 years","15-17","9th through 12th grade with no diploma","2","None checked","1",4511
,"California","06","White","2106-3","15 - 17 years","15-17","9th through 12th grade with no diploma","2","Unknown or Not Stated","9",10
,"California","06","White","2106-3","15 - 17 years","15-17","High school graduate or GED completed","3","At least one checked","0",15
,"California","06","White","2106-3","15 - 17 years","15-17","High school graduate or GED completed","3","None checked","1",1225
,"California","06","White","2106-3","15 - 17 years","15-17","Some college credit, but not a degree","4","None checked","1",53
,"California","06","White","2106-3","15 - 17 years","15-17","Unknown or Not Stated","Unk","At least one checked","0",12
,"California","06","White","2106-3","15 - 17 years","15-17","Unknown or Not Stated","Unk","None checked","1",770
,"California","06","White","2106-3","18 - 19 years","18-19","8th grade or less","1","At least one checked","0",34
,"California","06","White","2106-3","18 - 19 years","18-19","8th grade or less","1","None checked","1",1580
,"California","06","White","2106-3","18 - 19 years","18-19","9th through 12th grade with no diploma","2","At least one checked","0",61
,"California","06","White","2106-3","18 - 19 years","18-19","9th through 12th grade with no diploma","2","None checked","1",4737
,"California","06","White","2106-3","18 - 19 years","18-19","High school graduate or GED completed","3","At least one checked","0",123
,"California","06","White","2106-3","18 - 19 years","18-19","High school graduate or GED completed","3","None checked","1",12809
,"California","06","White","2106-3","18 - 19 years","18-19","Some college credit, but not a degree","4","At least one checked","0",35
,"California","06","White","2106-3","18 - 19 years","18-19","Some college credit, but not a degree","4","None checked","1",2432
,"California","06","White","2106-3","18 - 19 years","18-19","Associate degree (AA, AS)","5","None checked","1",134
,"California","06","White","2106-3","18 - 19 years","18-19","Unknown or Not Stated","Unk","At least one checked","0",23
,"California","06","White","2106-3","18 - 19 years","18-19","Unknown or Not Stated","Unk","None checked","1",1820
,"California","06","White","2106-3","20-24 years","20-24","8th grade or less","1","At least one checked","0",89
,"California","06","White","2106-3","20-24 years","20-24","8th grade or less","1","None checked","1",6865
,"California","06","White","2106-3","20-24 years","20-24","9th through 12th grade with no diploma","2","At least one checked","0",167
,"California","06","White","2106-3","20-24 years","20-24","9th through 12th grade with no diploma","2","None checked","1",14539
,"California","06","White","2106-3","20-24 years","20-24","9th through 12th grade with no diploma","2","Unknown or Not Stated","9",30
,"California","06","White","2106-3","20-24 years","20-24","High school graduate or GED completed","3","At least one checked","0",672
,"California","06","White","2106-3","20-24 years","20-24","High school graduate or GED completed","3","None checked","1",70088
,"California","06","White","2106-3","20-24 years","20-24","High school graduate or GED completed","3","Unknown or Not Stated","9",102
,"California","06","White","2106-3","20-24 years","20-24","Some college credit, but not a degree","4","At least one checked","0",317
,"California","06","White","2106-3","20-24 years","20-24","Some college credit, but not a degree","4","None checked","1",29904
,"California","06","White","2106-3","20-24 years","20-24","Some college credit, but not a degree","4","Unknown or Not Stated","9",30
,"California","06","White","2106-3","20-24 years","20-24","Associate degree (AA, AS)","5","At least one checked","0",86
,"California","06","White","2106-3","20-24 years","20-24","Associate degree (AA, AS)","5","None checked","1",7323
,"California","06","White","2106-3","20-24 years","20-24","Bachelor's degree (BA, AB, BS)","6","At least one checked","0",96
,"California","06","White","2106-3","20-24 years","20-24","Bachelor's degree (BA, AB, BS)","6","None checked","1",7250
,"California","06","White","2106-3","20-24 years","20-24","Bachelor's degree (BA, AB, BS)","6","Unknown or Not Stated","9",10
,"California","06","White","2106-3","20-24 years","20-24","Master's degree (MA, MS, MEng, MEd, MSW, MBA)","7","None checked","1",511
,"California","06","White","2106-3","20-24 years","20-24","Doctorate (PhD, EdD) or Professional Degree (MD, DDS, DVM, LLB, JD)","8","None checked","1",123
,"California","06","White","2106-3","20-24 years","20-24","Unknown or Not Stated","Unk","At least one checked","0",103
,"California","06","White","2106-3","20-24 years","20-24","Unknown or Not Stated","Unk","None checked","1",10512
,"California","06","White","2106-3","20-24 years","20-24","Unknown or Not Stated","Unk","Unknown or Not Stated","9",25
,"California","06","White","2106-3","25-29 years","25-29","8th grade or less","1","At least one checked","0",97
,"California","06","White","2106-3","25-29 years","25-29","8th grade or less","1","None checked","1",8871
,"California","06","White","2106-3","25-29 years","25-29","8th grade or less","1","Unknown or Not Stated","9",17
,"California","06","White","2106-3","25-29 years","25-29","9th through 12th grade with no diploma","2","At least one checked","0",153
,"California","06","White","2106-3","25-29 years","25-29","9th through 12th grade with no diploma","2","None checked","1",15311
,"California","06","White","2106-3","25-29 years","25-29","9th through 12th grade with no diploma","2","Unknown or Not Stated","9",34
,"California","06","White","2106-3","25-29 years","25-29","High school graduate or GED completed","3","At least one checked","0",671
,"California","06","White","2106-3","25-29 years","25-29","High school graduate or GED completed","3","None checked","1",79783
,"California","06","White","2106-3","25-29 years","25-29","High school graduate or GED completed","3","Unknown or Not Stated","9",108
,"California","06","White","2106-3","25-29 years","25-29","Some college credit, but not a degree","4","At least one checked","0",430
,"California","06","White","2106-3","25-29 years","25-29","Some college credit, but not a degree","4","None checked","1",54557
,"California","06","White","2106-3","25-29 years","25-29","Some college credit, but not a degree","4","Unknown or Not Stated","9",77
,"California","06","White","2106-3","25-29 years","25-29","Associate degree (AA, AS)","5","At least one checked","0",194
,"California","06","White","2106-3","25-29 years","25-29","Associate degree (AA, AS)","5","None checked","1",21181
,"California","06","White","2106-3","25-29 years","25-29","Associate degree (AA, AS)","5","Unknown or Not Stated","9",34
,"California","06","White","2106-3","25-29 years","25-29","Bachelor's degree (BA, AB, BS)","6","At least one checked","0",670
,"California","06","White","2106-3","25-29 years","25-29","Bachelor's degree (BA, AB, BS)","6","None checked","1",45897
,"California","06","White","2106-3","25-29 years","25-29","Bachelor's degree (BA, AB, BS)","6","Unknown or Not Stated","9",94
,"California","06","White","2106-3","25-29 years","25-29","Master's degree (MA, MS, MEng, MEd, MSW, MBA)","7","At least one checked","0",209
,"California","06","White","2106-3","25-29 years","25-29","Master's degree (MA, MS, MEng, MEd, MSW, MBA)","7","None checked","1",11760
,"California","06","White","2106-3","25-29 years","25-29","Doctorate (PhD, EdD) or Professional Degree (MD, DDS, DVM, LLB, JD)","8","At least one checked","0",33
,"California","06","White","2106-3","25-29 years","25-29","Doctorate (PhD, EdD) or Professional Degree (MD, DDS, DVM, LLB, JD)","8","None checked","1",2064
,"California","06","White","2106-3","25-29 years","25-29","Doctorate (PhD, EdD) or Professional Degree (MD, DDS, DVM, LLB, JD)","8","Unknown or Not Stated","9",10
,"California","06","White","2106-3","25-29 years","25-29","Unknown or Not Stated","Unk","At least one checked","0",201
,"California","06","White","2106-3","25-29 years","25-29","Unknown or Not Stated","Unk","None checked","1",18327
,"California","06","White","2106-3","25-29 years","25-29","Unknown or Not Stated","Unk","Unknown or Not Stated","9",32
,"California","06","White","2106-3","30-34 years","30-34","8th grade or less","1","At least one checked","0",85
,"California","06","White","2106-3","30-34 years","30-34","8th grade or less","1","None checked","1",9096
,"California","06","White","2106-3","30-34 years","30-34","8th grade or less","1","Unknown or Not Stated","9",11
,"California","06","White","2106-3","30-34 years","30-34","9th through 12th grade with no diploma","2","At least one checked","0",120
,"California","06","White","2106-3","30-34 years","30-34","9th through 12th grade with no diploma","2","None checked","1",14989
,"California","06","White","2106-3","30-34 years","30-34","9th through 12th grade with no diploma","2","Unknown or Not Stated","9",24
,"California","06","White","2106-3","30-34 years","30-34","High school graduate or GED completed","3","At least one checked","0",530
,"California","06","White","2106-3","30-34 years","30-34","High school graduate or GED completed","3","None checked","1",62470
,"California","06","White","2106-3","30-34 years","30-34","High school graduate or GED completed","3","Unknown or Not Stated","9",103
,"California","06","White","2106-3","30-34 years","30-34","Some college credit, but not a degree","4","At least one checked","0",451
,"California","06","White","2106-3","30-34 years","30-34","Some college credit, but not a degree","4","None checked","1",53971
,"California","06","White","2106-3","30-34 years","30-34","Some college credit, but not a degree","4","Unknown or Not Stated","9",113
,"California","06","White","2106-3","30-34 years","30-34","Associate degree (AA, AS)","5","At least one checked","0",221
,"California","06","White","2106-3","30-34 years","30-34","Associate degree (AA, AS)","5","None checked","1",25083
,"California","06","White","2106-3","30-34 years","30-34","Associate degree (AA, AS)","5","Unknown or Not Stated","9",40
,"California","06","White","2106-3","30-34 years","30-34","Bachelor's degree (BA, AB, BS)","6","At least one checked","0",1160
,"California","06","White","2106-3","30-34 years","30-34","Bachelor's degree (BA, AB, BS)","6","None checked","1",83420
,"California","06","White","2106-3","30-34 years","30-34","Bachelor's degree (BA, AB, BS)","6","Unknown or Not Stated","9",192
,"California","06","White","2106-3","30-34 years","30-34","Master's degree (MA, MS, MEng, MEd, MSW, MBA)","7","At least one checked","0",611
,"California","06","White","2106-3","30-34 years","30-34","Master's degree (MA, MS, MEng, MEd, MSW, MBA)","7","None checked","1",36175
,"California","06","White","2106-3","30-34 years","30-34","Master's degree (MA, MS, MEng, MEd, MSW, MBA)","7","Unknown or Not Stated","9",70
,"California","06","White","2106-3","30-34 years","30-34","Doctorate (PhD, EdD) or Professional Degree (MD, DDS, DVM, LLB, JD)","8","At least one checked","0",197
,"California","06","White","2106-3","30-34 years","30-34","Doctorate (PhD, EdD) or Professional Degree (MD, DDS, DVM, LLB, JD)","8","None checked","1",10316
,"California","06","White","2106-3","30-34 years","30-34","Doctorate (PhD, EdD) or Professional Degree (MD, DDS, DVM, LLB, JD)","8","Unknown or Not Stated","9",10
,"California","06","White","2106-3","30-34 years","30-34","Unknown or Not Stated","Unk","At least one checked","0",296
,"California","06","White","2106-3","30-34 years","30-34","Unknown or Not Stated","Unk","None checked","1",23457
,"California","06","White","2106-3","30-34 years","30-34","Unknown or Not Stated","Unk","Unknown or Not Stated","9",50
,"California","06","White","2106-3","35-39 years","35-39","8th grade or less","1","At least one checked","0",67
,"California","06","White","2106-3","35-39 years","35-39","8th grade or less","1","None checked","1",7549
,"California","06","White","2106-3","35-39 years","35-39","9th through 12th grade with no diploma","2","At least one checked","0",79
,"California","06","White","2106-3","35-39 years","35-39","9th through 12th grade with no diploma","2","None checked","1",10388
,"California","06","White","2106-3","35-39 years","35-39","9th through 12th grade with no diploma","2","Unknown or Not Stated","9",21
,"California","06","White","2106-3","35-39 years","35-39","High school graduate or GED completed","3","At least one checked","0",220
,"California","06","White","2106-3","35-39 years","35-39","High school graduate or GED completed","3","None checked","1",31109
,"California","06","White","2106-3","35-39 years","35-39","High school graduate or GED completed","3","Unknown or Not Stated","9",67
,"California","06","White","2106-3","35-39 years","35-39","Some college credit, but not a degree","4","At least one checked","0",250
,"California","06","White","2106-3","35-39 years","35-39","Some college credit, but not a degree","4","None checked","1",28601
,"California","06","White","2106-3","35-39 years","35-39","Some college credit, but not a degree","4","Unknown or Not Stated","9",64
,"California","06","White","2106-3","35-39 years","35-39","Associate degree (AA, AS)","5","At least one checked","0",145
,"California","06","White","2106-3","35-39 years","35-39","Associate degree (AA, AS)","5","None checked","1",13883
,"California","06","White","2106-3","35-39 years","35-39","Associate degree (AA, AS)","5","Unknown or Not Stated","9",30
,"California","06","White","2106-3","35-39 years","35-39","Bachelor's degree (BA, AB, BS)","6","At least one checked","0",707
,"California","06","White","2106-3","35-39 years","35-39","Bachelor's degree (BA, AB, BS)","6","None checked","1",54907
,"California","06","White","2106-3","35-39 years","35-39","Bachelor's degree (BA, AB, BS)","6","Unknown or Not Stated","9",132
,"California","06","White","2106-3","35-39 years","35-39","Master's degree (MA, MS, MEng, MEd, MSW, MBA)","7","At least one checked","0",427
,"California","06","White","2106-3","35-39 years","35-39","Master's degree (MA, MS, MEng, MEd, MSW, MBA)","7","None checked","1",30351
,"California","06","White","2106-3","35-39 years","35-39","Master's degree (MA, MS, MEng, MEd, MSW, MBA)","7","Unknown or Not Stated","9",67
,"California","06","White","2106-3","35-39 years","35-39","Doctorate (PhD, EdD) or Professional Degree (MD, DDS, DVM, LLB, JD)","8","At least one checked","0",197
,"California","06","White","2106-3","35-39 years","35-39","Doctorate (PhD, EdD) or Professional Degree (MD, DDS, DVM, LLB, JD)","8","None checked","1",11577
,"California","06","White","2106-3","35-39 years","35-39","Doctorate (PhD, EdD) or Professional Degree (MD, DDS, DVM, LLB, JD)","8","Unknown or Not Stated","9",20
,"California","06","White","2106-3","35-39 years","35-39","Unknown or Not Stated","Unk","At least one checked","0",237
,"California","06","White","2106-3","35-39 years","35-39","Unknown or Not Stated","Unk","None checked","1",16434
,"California","06","White","2106-3","35-39 years","35-39","Unknown or Not Stated","Unk","Unknown or Not Stated","9",37
,"California","06","White","2106-3","40-44 years","40-44","8th grade or less","1","At least one checked","0",22
,"California","06","White","2106-3","40-44 years","40-44","8th grade or less","1","None checked","1",3366
,"California","06","White","2106-3","40-44 years","40-44","9th through 12th grade with no diploma","2","At least one checked","0",22
,"California","06","White","2106-3","40-44 years","40-44","9th through 12th grade with no diploma","2","None checked","1",3277
,"California","06","White","2106-3","40-44 years","40-44","High school graduate or GED completed","3","At least one checked","0",65
,"California","06","White","2106-3","40-44 years","40-44","High school graduate or GED completed","3","None checked","1",7380
,"California","06","White","2106-3","40-44 years","40-44","Some college credit, but not a degree","4","At least one checked","0",55
,"California","06","White","2106-3","40-44 years","40-44","Some college credit, but not a degree","4","None checked","1",6360
,"California","06","White","2106-3","40-44 years","40-44","Some college credit, but not a degree","4","Unknown or Not Stated","9",19
,"California","06","White","2106-3","40-44 years","40-44","Associate degree (AA, AS)","5","At least one checked","0",22
,"California","06","White","2106-3","40-44 years","40-44","Associate degree (AA, AS)","5","None checked","1",2946
,"California","06","White","2106-3","40-44 years","40-44","Associate degree (AA, AS)","5","Unknown or Not Stated","9",10
,"California","06","White","2106-3","40-44 years","40-44","Bachelor's degree (BA, AB, BS)","6","At least one checked","0",116
,"California","06","White","2106-3","40-44 years","40-44","Bachelor's degree (BA, AB, BS)","6","None checked","1",11755
,"California","06","White","2106-3","40-44 years","40-44","Bachelor's degree (BA, AB, BS)","6","Unknown or Not Stated","9",41
,"California","06","White","2106-3","40-44 years","40-44","Master's degree (MA, MS, MEng, MEd, MSW, MBA)","7","At least one checked","0",100
,"California","06","White","2106-3","40-44 years","40-44","Master's degree (MA, MS, MEng, MEd, MSW, MBA)","7","None checked","1",7457
,"California","06","White","2106-3","40-44 years","40-44","Master's degree (MA, MS, MEng, MEd, MSW, MBA)","7","Unknown or Not Stated","9",12
,"California","06","White","2106-3","40-44 years","40-44","Doctorate (PhD, EdD) or Professional Degree (MD, DDS, DVM, LLB, JD)","8","At least one checked","0",47
,"California","06","White","2106-3","40-44 years","40-44","Doctorate (PhD, EdD) or Professional Degree (MD, DDS, DVM, LLB, JD)","8","None checked","1",3458
,"California","06","White","2106-3","40-44 years","40-44","Unknown or Not Stated","Unk","At least one checked","0",76
,"California","06","White","2106-3","40-44 years","40-44","Unknown or Not Stated","Unk","None checked","1",5185
,"California","06","White","2106-3","40-44 years","40-44","Unknown or Not Stated","Unk","Unknown or Not Stated","9",22
,"California","06","White","2106-3","45-49 years","45-49","8th grade or less","1","None checked","1",238
,"California","06","White","2106-3","45-49 years","45-49","9th through 12th grade with no diploma","2","None checked","1",196
,"California","06","White","2106-3","45-49 years","45-49","High school graduate or GED completed","3","None checked","1",395
,"California","06","White","2106-3","45-49 years","45-49","Some college credit, but not a degree","4","None checked","1",331
,"California","06","White","2106-3","45-49 years","45-49","Associate degree (AA, AS)","5","None checked","1",177
,"California","06","White","2106-3","45-49 years","45-49","Bachelor's degree (BA, AB, BS)","6","None checked","1",840
,"California","06","White","2106-3","45-49 years","45-49","Master's degree (MA, MS, MEng, MEd, MSW, MBA)","7","At least one checked","0",12
,"California","06","White","2106-3","45-49 years","45-49","Master's degree (MA, MS, MEng, MEd, MSW, MBA)","7","None checked","1",646
,"California","06","White","2106-3","45-49 years","45-49","Doctorate (PhD, EdD) or Professional Degree (MD, DDS, DVM, LLB, JD)","8","None checked","1",296
,"California","06","White","2106-3","45-49 years","45-49","Unknown or Not Stated","Unk","At least one checked","0",16
,"California","06","White","2106-3","45-49 years","45-49","Unknown or Not Stated","Unk","None checked","1",871
,"California","06","White","2106-3","50 years and over","50+","8th grade or less","1","None checked","1",11
,"California","06","White","2106-3","50 years and over","50+","9th through 12th grade with no diploma","2","None checked","1",13
,"California","06","White","2106-3","50 years and over","50+","High school graduate or GED completed","3","None checked","1",28
,"California","06","White","2106-3","50 years and over","50+","Some college credit, but not a degree","4","None checked","1",23
,"California","06","White","2106-3","50 years and over","50+","Associate degree (AA, AS)","5","None checked","1",19
,"California","06","White","2106-3","50 years and over","50+","Bachelor's degree (BA, AB, BS)","6","None checked","1",96
,"California","06","White","2106-3","50 years and over","50+","Master's degree (MA, MS, MEng, MEd, MSW, MBA)","7","None checked","1",81
,"California","06","White","2106-3","50 years and over","50+","Doctorate (PhD, EdD) or Professional Degree (MD, DDS, DVM, LLB, JD)","8","None checked","1",54
,"California","06","White","2106-3","50 years and over","50+","Unknown or Not Stated","Unk","None checked","1",251
,"California","06","More than one race","M","15 - 17 years","15-17","9th through 12th grade with no diploma","2","None checked","1",316
,"California","06","More than one race","M","15 - 17 years","15-17","High school graduate or GED completed","3","None checked","1",88
,"California","06","More than one race","M","15 - 17 years","15-17","Unknown or Not Stated","Unk","None checked","1",38
,"California","06","More than one race","M","18 - 19 years","18-19","9th through 12th grade with no diploma","2","None checked","1",277
,"California","06","More than one race","M","18 - 19 years","18-19","High school graduate or GED completed","3","None checked","1",863
,"California","06","More than one race","M","18 - 19 years","18-19","Some college credit, but not a degree","4","None checked","1",174
,"California","06","More than one race","M","18 - 19 years","18-19","Unknown or Not Stated","Unk","None checked","1",60
,"California","06","More than one race","M","20-24 years","20-24","8th grade or less","1","None checked","1",29
,"California","06","More than one race","M","20-24 years","20-24","9th through 12th grade with no diploma","2","None checked","1",546
,"California","06","More than one race","M","20-24 years","20-24","High school graduate or GED completed","3","At least one checked","0",35
,"California","06","More than one race","M","20-24 years","20-24","High school graduate or GED completed","3","None checked","1",3897
,"California","06","More than one race","M","20-24 years","20-24","Some college credit, but not a degree","4","At least one checked","0",24
,"California","06","More than one race","M","20-24 years","20-24","Some college credit, but not a degree","4","None checked","1",2083
,"California","06","More than one race","M","20-24 years","20-24","Associate degree (AA, AS)","5","At least one checked","0",10
,"California","06","More than one race","M","20-24 years","20-24","Associate degree (AA, AS)","5","None checked","1",435
,"California","06","More than one race","M","20-24 years","20-24","Bachelor's degree (BA, AB, BS)","6","None checked","1",382
,"California","06","More than one race","M","20-24 years","20-24","Master's degree (MA, MS, MEng, MEd, MSW, MBA)","7","None checked","1",26
,"California","06","More than one race","M","20-24 years","20-24","Unknown or Not Stated","Unk","None checked","1",331
,"California","06","More than one race","M","25-29 years","25-29","8th grade or less","1","None checked","1",34
,"California","06","More than one race","M","25-29 years","25-29","9th through 12th grade with no diploma","2","None checked","1",420
,"California","06","More than one race","M","25-29 years","25-29","High school graduate or GED completed","3","At least one checked","0",29
,"California","06","More than one race","M","25-29 years","25-29","High school graduate or GED completed","3","None checked","1",3512
,"California","06","More than one race","M","25-29 years","25-29","Some college credit, but not a degree","4","At least one checked","0",32
,"California","06","More than one race","M","25-29 years","25-29","Some college credit, but not a degree","4","None checked","1",3315
,"California","06","More than one race","M","25-29 years","25-29","Associate degree (AA, AS)","5","At least one checked","0",18
,"California","06","More than one race","M","25-29 years","25-29","Associate degree (AA, AS)","5","None checked","1",1225
,"California","06","More than one race","M","25-29 years","25-29","Bachelor's degree (BA, AB, BS)","6","At least one checked","0",37
,"California","06","More than one race","M","25-29 years","25-29","Bachelor's degree (BA, AB, BS)","6","None checked","1",2533
,"California","06","More than one race","M","25-29 years","25-29","Master's degree (MA, MS, MEng, MEd, MSW, MBA)","7","At least one checked","0",16
,"California","06","More than one race","M","25-29 years","25-29","Master's degree (MA, MS, MEng, MEd, MSW, MBA)","7","None checked","1",763
,"California","06","More than one race","M","25-29 years","25-29","Doctorate (PhD, EdD) or Professional Degree (MD, DDS, DVM, LLB, JD)","8","None checked","1",128
,"California","06","More than one race","M","25-29 years","25-29","Unknown or Not Stated","Unk","None checked","1",490
,"California","06","More than one race","M","30-34 years","30-34","8th grade or less","1","None checked","1",30
,"California","06","More than one race","M","30-34 years","30-34","9th through 12th grade with no diploma","2","None checked","1",336
,"California","06","More than one race","M","30-34 years","30-34","High school graduate or GED completed","3","At least one checked","0",17
,"California","06","More than one race","M","30-34 years","30-34","High school graduate or GED completed","3","None checked","1",2653
,"California","06","More than one race","M","30-34 years","30-34","Some college credit, but not a degree","4","At least one checked","0",38
,"California","06","More than one race","M","30-34 years","30-34","Some college credit, but not a degree","4","None checked","1",3414
,"California","06","More than one race","M","30-34 years","30-34","Associate degree (AA, AS)","5","At least one checked","0",13
,"California","06","More than one race","M","30-34 years","30-34","Associate degree (AA, AS)","5","None checked","1",1551
,"California","06","More than one race","M","30-34 years","30-34","Bachelor's degree (BA, AB, BS)","6","At least one checked","0",61
,"California","06","More than one race","M","30-34 years","30-34","Bachelor's degree (BA, AB, BS)","6","None checked","1",5096
,"California","06","More than one race","M","30-34 years","30-34","Bachelor's degree (BA, AB, BS)","6","Unknown or Not Stated","9",13
,"California","06","More than one race","M","30-34 years","30-34","Master's degree (MA, MS, MEng, MEd, MSW, MBA)","7","At least one checked","0",34
,"California","06","More than one race","M","30-34 years","30-34","Master's degree (MA, MS, MEng, MEd, MSW, MBA)","7","None checked","1",2308
,"California","06","More than one race","M","30-34 years","30-34","Doctorate (PhD, EdD) or Professional Degree (MD, DDS, DVM, LLB, JD)","8","At least one checked","0",18
,"California","06","More than one race","M","30-34 years","30-34","Doctorate (PhD, EdD) or Professional Degree (MD, DDS, DVM, LLB, JD)","8","None checked","1",731
,"California","06","More than one race","M","30-34 years","30-34","Unknown or Not Stated","Unk","None checked","1",511
,"California","06","More than one race","M","35-39 years","35-39","8th grade or less","1","None checked","1",30
,"California","06","More than one race","M","35-39 years","35-39","9th through 12th grade with no diploma","2","None checked","1",190
,"California","06","More than one race","M","35-39 years","35-39","High school graduate or GED completed","3","At least one checked","0",12
,"California","06","More than one race","M","35-39 years","35-39","High school graduate or GED completed","3","None checked","1",1163
,"California","06","More than one race","M","35-39 years","35-39","Some college credit, but not a degree","4","At least one checked","0",21
,"California","06","More than one race","M","35-39 years","35-39","Some college credit, but not a degree","4","None checked","1",1827
,"California","06","More than one race","M","35-39 years","35-39","Associate degree (AA, AS)","5","None checked","1",969
,"California","06","More than one race","M","35-39 years","35-39","Bachelor's degree (BA, AB, BS)","6","At least one checked","0",38
,"California","06","More than one race","M","35-39 years","35-39","Bachelor's degree (BA, AB, BS)","6","None checked","1",3520
,"California","06","More than one race","M","35-39 years","35-39","Master's degree (MA, MS, MEng, MEd, MSW, MBA)","7","At least one checked","0",27
,"California","06","More than one race","M","35-39 years","35-39","Master's degree (MA, MS, MEng, MEd, MSW, MBA)","7","None checked","1",1894
,"California","06","More than one race","M","35-39 years","35-39","Doctorate (PhD, EdD) or Professional Degree (MD, DDS, DVM, LLB, JD)","8","At least one checked","0",14
,"California","06","More than one race","M","35-39 years","35-39","Doctorate (PhD, EdD) or Professional Degree (MD, DDS, DVM, LLB, JD)","8","None checked","1",827
,"California","06","More than one race","M","35-39 years","35-39","Unknown or Not Stated","Unk","None checked","1",346
,"California","06","More than one race","M","40-44 years","40-44","9th through 12th grade with no diploma","2","None checked","1",39
,"California","06","More than one race","M","40-44 years","40-44","High school graduate or GED completed","3","None checked","1",249
,"California","06","More than one race","M","40-44 years","40-44","Some college credit, but not a degree","4","None checked","1",412
,"California","06","More than one race","M","40-44 years","40-44","Associate degree (AA, AS)","5","None checked","1",229
,"California","06","More than one race","M","40-44 years","40-44","Bachelor's degree (BA, AB, BS)","6","At least one checked","0",15
,"California","06","More than one race","M","40-44 years","40-44","Bachelor's degree (BA, AB, BS)","6","None checked","1",784
,"California","06","More than one race","M","40-44 years","40-44","Master's degree (MA, MS, MEng, MEd, MSW, MBA)","7","At least one checked","0",10
,"California","06","More than one race","M","40-44 years","40-44","Master's degree (MA, MS, MEng, MEd, MSW, MBA)","7","None checked","1",507
,"California","06","More than one race","M","40-44 years","40-44","Doctorate (PhD, EdD) or Professional Degree (MD, DDS, DVM, LLB, JD)","8","None checked","1",232
,"California","06","More than one race","M","40-44 years","40-44","Unknown or Not Stated","Unk","None checked","1",78
,"California","06","More than one race","M","45-49 years","45-49","High school graduate or GED completed","3","None checked","1",10
,"California","06","More than one race","M","45-49 years","45-49","Some college credit, but not a degree","4","None checked","1",29
,"California","06","More than one race","M","45-49 years","45-49","Associate degree (AA, AS)","5","None checked","1",20
,"California","06","More than one race","M","45-49 years","45-49","Bachelor's degree (BA, AB, BS)","6","None checked","1",59
,"California","06","More than one race","M","45-49 years","45-49","Master's degree (MA, MS, MEng, MEd, MSW, MBA)","7","None checked","1",43
,"California","06","More than one race","M","45-49 years","45-49","Doctorate (PhD, EdD) or Professional Degree (MD, DDS, DVM, LLB, JD)","8","None checked","1",22
,"Nebraska","31","American Indian or Alaska Native","1002-5","15 - 17 years","15-17","9th through 12th grade with no diploma","2","None checked","1",33
,"Nebraska","31","American Indian or Alaska Native","1002-5","18 - 19 years","18-19","9th through 12th grade with no diploma","2","None checked","1",38
,"Nebraska","31","American Indian or Alaska Native","1002-5","18 - 19 years","18-19","High school graduate or GED completed","3","None checked","1",64
,"Nebraska","31","American Indian or Alaska Native","1002-5","18 - 19 years","18-19","Some college credit, but not a degree","4","None checked","1",14
,"Nebraska","31","American Indian or Alaska Native","1002-5","20-24 years","20-24","8th grade or less","1","None checked","1",24
,"Nebraska","31","American Indian or Alaska Native","1002-5","20-24 years","20-24","9th through 12th grade with no diploma","2","None checked","1",95
,"Nebraska","31","American Indian or Alaska Native","1002-5","20-24 years","20-24","High school graduate or GED completed","3","None checked","1",206
,"Nebraska","31","American Indian or Alaska Native","1002-5","20-24 years","20-24","Some college credit, but not a degree","4","None checked","1",90
,"Nebraska","31","American Indian or Alaska Native","1002-5","20-24 years","20-24","Associate degree (AA, AS)","5","None checked","1",13
,"Nebraska","31","American Indian or Alaska Native","1002-5","25-29 years","25-29","8th grade or less","1","None checked","1",31
,"Nebraska","31","American Indian or Alaska Native","1002-5","25-29 years","25-29","9th through 12th grade with no diploma","2","None checked","1",63
,"Nebraska","31","American Indian or Alaska Native","1002-5","25-29 years","25-29","High school graduate or GED completed","3","None checked","1",189
,"Nebraska","31","American Indian or Alaska Native","1002-5","25-29 years","25-29","Some college credit, but not a degree","4","None checked","1",94
,"Nebraska","31","American Indian or Alaska Native","1002-5","25-29 years","25-29","Associate degree (AA, AS)","5","None checked","1",30
,"Nebraska","31","American Indian or Alaska Native","1002-5","25-29 years","25-29","Bachelor's degree (BA, AB, BS)","6","None checked","1",31
,"Nebraska","31","American Indian or Alaska Native","1002-5","30-34 years","30-34","8th grade or less","1","None checked","1",20
,"Nebraska","31","American Indian or Alaska Native","1002-5","30-34 years","30-34","9th through 12th grade with no diploma","2","None checked","1",45
,"Nebraska","31","American Indian or Alaska Native","1002-5","30-34 years","30-34","High school graduate or GED completed","3","None checked","1",113
,"Nebraska","31","American Indian or Alaska Native","1002-5","30-34 years","30-34","Some college credit, but not a degree","4","None checked","1",65
,"Nebraska","31","American Indian or Alaska Native","1002-5","30-34 years","30-34","Associate degree (AA, AS)","5","None checked","1",30
,"Nebraska","31","American Indian or Alaska Native","1002-5","30-34 years","30-34","Bachelor's degree (BA, AB, BS)","6","None checked","1",22
,"Nebraska","31","American Indian or Alaska Native","1002-5","30-34 years","30-34","Master's degree (MA, MS, MEng, MEd, MSW, MBA)","7","None checked","1",11
,"Nebraska","31","American Indian or Alaska Native","1002-5","35-39 years","35-39","8th grade or less","1","None checked","1",20
,"Nebraska","31","American Indian or Alaska Native","1002-5","35-39 years","35-39","9th through 12th grade with no diploma","2","None checked","1",31
,"Nebraska","31","American Indian or Alaska Native","1002-5","35-39 years","35-39","High school graduate or GED completed","3","None checked","1",48
,"Nebraska","31","American Indian or Alaska Native","1002-5","35-39 years","35-39","Some college credit, but not a degree","4","None checked","1",42
,"Nebraska","31","American Indian or Alaska Native","1002-5","35-39 years","35-39","Associate degree (AA, AS)","5","None checked","1",22
,"Nebraska","31","American Indian or Alaska Native","1002-5","35-39 years","35-39","Bachelor's degree (BA, AB, BS)","6","None checked","1",16
,"Nebraska","31","American Indian or Alaska Native","1002-5","40-44 years","40-44","High school graduate or GED completed","3","None checked","1",12
,"Nebraska","31","American Indian or Alaska Native","1002-5","40-44 years","40-44","Some college credit, but not a degree","4","None checked","1",10
,"Nebraska","31","Asian","A","18 - 19 years","18-19","High school graduate or GED completed","3","None checked","1",11
,"Nebraska","31","Asian","A","20-24 years","20-24","8th grade or less","1","None checked","1",21
,"Nebraska","31","Asian","A","20-24 years","20-24","9th through 12th grade with no diploma","2","None checked","1",38
,"Nebraska","31","Asian","A","20-24 years","20-24","High school graduate or GED completed","3","None checked","1",104
,"Nebraska","31","Asian","A","20-24 years","20-24","Some college credit, but not a degree","4","None checked","1",55
,"Nebraska","31","Asian","A","20-24 years","20-24","Associate degree (AA, AS)","5","None checked","1",12
,"Nebraska","31","Asian","A","20-24 years","20-24","Bachelor's degree (BA, AB, BS)","6","None checked","1",22
,"Nebraska","31","Asian","A","25-29 years","25-29","8th grade or less","1","None checked","1",44
,"Nebraska","31","Asian","A","25-29 years","25-29","9th through 12th grade with no diploma","2","None checked","1",56
,"Nebraska","31","Asian","A","25-29 years","25-29","High school graduate or GED completed","3","None checked","1",161
,"Nebraska","31","Asian","A","25-29 years","25-29","Some college credit, but not a degree","4","None checked","1",95
,"Nebraska","31","Asian","A","25-29 years","25-29","Associate degree (AA, AS)","5","None checked","1",46
,"Nebraska","31","Asian","A","25-29 years","25-29","Bachelor's degree (BA, AB, BS)","6","At least one checked","0",13
,"Nebraska","31","Asian","A","25-29 years","25-29","Bachelor's degree (BA, AB, BS)","6","None checked","1",216
,"Nebraska","31","Asian","A","25-29 years","25-29","Master's degree (MA, MS, MEng, MEd, MSW, MBA)","7","At least one checked","0",10
,"Nebraska","31","Asian","A","25-29 years","25-29","Master's degree (MA, MS, MEng, MEd, MSW, MBA)","7","None checked","1",85
,"Nebraska","31","Asian","A","25-29 years","25-29","Doctorate (PhD, EdD) or Professional Degree (MD, DDS, DVM, LLB, JD)","8","None checked","1",16
,"Nebraska","31","Asian","A","30-34 years","30-34","8th grade or less","1","None checked","1",69
,"Nebraska","31","Asian","A","30-34 years","30-34","9th through 12th grade with no diploma","2","None checked","1",62
,"Nebraska","31","Asian","A","30-34 years","30-34","High school graduate or GED completed","3","None checked","1",145
,"Nebraska","31","Asian","A","30-34 years","30-34","Some college credit, but not a degree","4","None checked","1",82
,"Nebraska","31","Asian","A","30-34 years","30-34","Associate degree (AA, AS)","5","None checked","1",48
,"Nebraska","31","Asian","A","30-34 years","30-34","Bachelor's degree (BA, AB, BS)","6","None checked","1",319
,"Nebraska","31","Asian","A","30-34 years","30-34","Master's degree (MA, MS, MEng, MEd, MSW, MBA)","7","At least one checked","0",12
,"Nebraska","31","Asian","A","30-34 years","30-34","Master's degree (MA, MS, MEng, MEd, MSW, MBA)","7","None checked","1",231
,"Nebraska","31","Asian","A","30-34 years","30-34","Doctorate (PhD, EdD) or Professional Degree (MD, DDS, DVM, LLB, JD)","8","None checked","1",91
,"Nebraska","31","Asian","A","35-39 years","35-39","8th grade or less","1","None checked","1",60
,"Nebraska","31","Asian","A","35-39 years","35-39","9th through 12th grade with no diploma","2","None checked","1",41
,"Nebraska","31","Asian","A","35-39 years","35-39","High school graduate or GED completed","3","None checked","1",53
,"Nebraska","31","Asian","A","35-39 years","35-39","Some college credit, but not a degree","4","None checked","1",51
,"Nebraska","31","Asian","A","35-39 years","35-39","Associate degree (AA, AS)","5","None checked","1",30
,"Nebraska","31","Asian","A","35-39 years","35-39","Bachelor's degree (BA, AB, BS)","6","None checked","1",157
,"Nebraska","31","Asian","A","35-39 years","35-39","Master's degree (MA, MS, MEng, MEd, MSW, MBA)","7","None checked","1",119
,"Nebraska","31","Asian","A","35-39 years","35-39","Doctorate (PhD, EdD) or Professional Degree (MD, DDS, DVM, LLB, JD)","8","None checked","1",100
,"Nebraska","31","Asian","A","40-44 years","40-44","8th grade or less","1","None checked","1",22
,"Nebraska","31","Asian","A","40-44 years","40-44","High school graduate or GED completed","3","None checked","1",17
,"Nebraska","31","Asian","A","40-44 years","40-44","Bachelor's degree (BA, AB, BS)","6","None checked","1",27
,"Nebraska","31","Asian","A","40-44 years","40-44","Master's degree (MA, MS, MEng, MEd, MSW, MBA)","7","None checked","1",23
,"Nebraska","31","Asian","A","40-44 years","40-44","Doctorate (PhD, EdD) or Professional Degree (MD, DDS, DVM, LLB, JD)","8","None checked","1",13
,"Nebraska","31","Black or African American","2054-5","15 - 17 years","15-17","9th through 12th grade with no diploma","2","None checked","1",93
,"Nebraska","31","Black or African American","2054-5","18 - 19 years","18-19","9th through 12th grade with no diploma","2","None checked","1",91
,"Nebraska","31","Black or African American","2054-5","18 - 19 years","18-19","High school graduate or GED completed","3","None checked","1",129
,"Nebraska","31","Black or African American","2054-5","18 - 19 years","18-19","Some college credit, but not a degree","4","None checked","1",34
,"Nebraska","31","Black or African American","2054-5","20-24 years","20-24","8th grade or less","1","None checked","1",47
,"Nebraska","31","Black or African American","2054-5","20-24 years","20-24","9th through 12th grade with no diploma","2","None checked","1",172
,"Nebraska","31","Black or African American","2054-5","20-24 years","20-24","High school graduate or GED completed","3","At least one checked","0",17
,"Nebraska","31","Black or African American","2054-5","20-24 years","20-24","High school graduate or GED completed","3","None checked","1",592
,"Nebraska","31","Black or African American","2054-5","20-24 years","20-24","Some college credit, but not a degree","4","None checked","1",309
,"Nebraska","31","Black or African American","2054-5","20-24 years","20-24","Associate degree (AA, AS)","5","None checked","1",38
,"Nebraska","31","Black or African American","2054-5","20-24 years","20-24","Bachelor's degree (BA, AB, BS)","6","None checked","1",31
,"Nebraska","31","Black or African American","2054-5","25-29 years","25-29","8th grade or less","1","None checked","1",101
,"Nebraska","31","Black or African American","2054-5","25-29 years","25-29","9th through 12th grade with no diploma","2","None checked","1",144
,"Nebraska","31","Black or African American","2054-5","25-29 years","25-29","High school graduate or GED completed","3","At least one checked","0",10
,"Nebraska","31","Black or African American","2054-5","25-29 years","25-29","High school graduate or GED completed","3","None checked","1",549
,"Nebraska","31","Black or African American","2054-5","25-29 years","25-29","Some college credit, but not a degree","4","None checked","1",387
,"Nebraska","31","Black or African American","2054-5","25-29 years","25-29","Associate degree (AA, AS)","5","None checked","1",98
,"Nebraska","31","Black or African American","2054-5","25-29 years","25-29","Bachelor's degree (BA, AB, BS)","6","None checked","1",195
,"Nebraska","31","Black or African American","2054-5","25-29 years","25-29","Master's degree (MA, MS, MEng, MEd, MSW, MBA)","7","None checked","1",46
,"Nebraska","31","Black or African American","2054-5","30-34 years","30-34","8th grade or less","1","None checked","1",144
,"Nebraska","31","Black or African American","2054-5","30-34 years","30-34","9th through 12th grade with no diploma","2","None checked","1",144
,"Nebraska","31","Black or African American","2054-5","30-34 years","30-34","High school graduate or GED completed","3","At least one checked","0",11
,"Nebraska","31","Black or African American","2054-5","30-34 years","30-34","High school graduate or GED completed","3","None checked","1",429
,"Nebraska","31","Black or African American","2054-5","30-34 years","30-34","Some college credit, but not a degree","4","At least one checked","0",10
,"Nebraska","31","Black or African American","2054-5","30-34 years","30-34","Some college credit, but not a degree","4","None checked","1",360
,"Nebraska","31","Black or African American","2054-5","30-34 years","30-34","Associate degree (AA, AS)","5","None checked","1",131
,"Nebraska","31","Black or African American","2054-5","30-34 years","30-34","Bachelor's degree (BA, AB, BS)","6","None checked","1",241
,"Nebraska","31","Black or African American","2054-5","30-34 years","30-34","Master's degree (MA, MS, MEng, MEd, MSW, MBA)","7","None checked","1",90
,"Nebraska","31","Black or African American","2054-5","30-34 years","30-34","Doctorate (PhD, EdD) or Professional Degree (MD, DDS, DVM, LLB, JD)","8","None checked","1",29
,"Nebraska","31","Black or African American","2054-5","35-39 years","35-39","8th grade or less","1","None checked","1",123
,"Nebraska","31","Black or African American","2054-5","35-39 years","35-39","9th through 12th grade with no diploma","2","None checked","1",89
,"Nebraska","31","Black or African American","2054-5","35-39 years","35-39","High school graduate or GED completed","3","None checked","1",227
,"Nebraska","31","Black or African American","2054-5","35-39 years","35-39","Some college credit, but not a degree","4","None checked","1",186
,"Nebraska","31","Black or African American","2054-5","35-39 years","35-39","Associate degree (AA, AS)","5","None checked","1",94
,"Nebraska","31","Black or African American","2054-5","35-39 years","35-39","Bachelor's degree (BA, AB, BS)","6","None checked","1",142
,"Nebraska","31","Black or African American","2054-5","35-39 years","35-39","Master's degree (MA, MS, MEng, MEd, MSW, MBA)","7","None checked","1",61
,"Nebraska","31","Black or African American","2054-5","35-39 years","35-39","Doctorate (PhD, EdD) or Professional Degree (MD, DDS, DVM, LLB, JD)","8","None checked","1",16
,"Nebraska","31","Black or African American","2054-5","40-44 years","40-44","8th grade or less","1","None checked","1",65
,"Nebraska","31","Black or African American","2054-5","40-44 years","40-44","9th through 12th grade with no diploma","2","None checked","1",28
,"Nebraska","31","Black or African American","2054-5","40-44 years","40-44","High school graduate or GED completed","3","None checked","1",63
,"Nebraska","31","Black or African American","2054-5","40-44 years","40-44","Some college credit, but not a degree","4","None checked","1",34
,"Nebraska","31","Black or African American","2054-5","40-44 years","40-44","Associate degree (AA, AS)","5","None checked","1",24
,"Nebraska","31","Black or African American","2054-5","40-44 years","40-44","Bachelor's degree (BA, AB, BS)","6","None checked","1",40
,"Nebraska","31","Black or African American","2054-5","40-44 years","40-44","Master's degree (MA, MS, MEng, MEd, MSW, MBA)","7","None checked","1",25
,"Nebraska","31","Black or African American","2054-5","40-44 years","40-44","Doctorate (PhD, EdD) or Professional Degree (MD, DDS, DVM, LLB, JD)","8","None checked","1",13
,"Nebraska","31","Black or African American","2054-5","45-49 years","45-49","8th grade or less","1","None checked","1",10
,"Nebraska","31","Native Hawaiian or Other Pacific Islander","NHOPI","20-24 years","20-24","9th through 12th grade with no diploma","2","None checked","1",11
,"Nebraska","31","Native Hawaiian or Other Pacific Islander","NHOPI","20-24 years","20-24","High school graduate or GED completed","3","None checked","1",22
,"Nebraska","31","Native Hawaiian or Other Pacific Islander","NHOPI","25-29 years","25-29","9th through 12th grade with no diploma","2","None checked","1",12
,"Nebraska","31","Native Hawaiian or Other Pacific Islander","NHOPI","25-29 years","25-29","High school graduate or GED completed","3","None checked","1",36
,"Nebraska","31","Native Hawaiian or Other Pacific Islander","NHOPI","25-29 years","25-29","Some college credit, but not a degree","4","None checked","1",14
,"Nebraska","31","Native Hawaiian or Other Pacific Islander","NHOPI","30-34 years","30-34","8th grade or less","1","None checked","1",11
,"Nebraska","31","Native Hawaiian or Other Pacific Islander","NHOPI","30-34 years","30-34","9th through 12th grade with no diploma","2","None checked","1",14
,"Nebraska","31","Native Hawaiian or Other Pacific Islander","NHOPI","30-34 years","30-34","High school graduate or GED completed","3","None checked","1",12
,"Nebraska","31","Native Hawaiian or Other Pacific Islander","NHOPI","30-34 years","30-34","Some college credit, but not a degree","4","None checked","1",10
,"Nebraska","31","White","2106-3","Under 15 years","15-","8th grade or less","1","None checked","1",11
,"Nebraska","31","White","2106-3","15 - 17 years","15-17","8th grade or less","1","None checked","1",50
,"Nebraska","31","White","2106-3","15 - 17 years","15-17","9th through 12th grade with no diploma","2","At least one checked","0",15
,"Nebraska","31","White","2106-3","15 - 17 years","15-17","9th through 12th grade with no diploma","2","None checked","1",418
,"Nebraska","31","White","2106-3","15 - 17 years","15-17","High school graduate or GED completed","3","None checked","1",70
,"Nebraska","31","White","2106-3","18 - 19 years","18-19","8th grade or less","1","None checked","1",124
,"Nebraska","31","White","2106-3","18 - 19 years","18-19","9th through 12th grade with no diploma","2","At least one checked","0",14
,"Nebraska","31","White","2106-3","18 - 19 years","18-19","9th through 12th grade with no diploma","2","None checked","1",470
,"Nebraska","31","White","2106-3","18 - 19 years","18-19","High school graduate or GED completed","3","At least one checked","0",19
,"Nebraska","31","White","2106-3","18 - 19 years","18-19","High school graduate or GED completed","3","None checked","1",834
,"Nebraska","31","White","2106-3","18 - 19 years","18-19","Some college credit, but not a degree","4","None checked","1",236
,"Nebraska","31","White","2106-3","20-24 years","20-24","8th grade or less","1","At least one checked","0",16
,"Nebraska","31","White","2106-3","20-24 years","20-24","8th grade or less","1","None checked","1",616
,"Nebraska","31","White","2106-3","20-24 years","20-24","9th through 12th grade with no diploma","2","At least one checked","0",18
,"Nebraska","31","White","2106-3","20-24 years","20-24","9th through 12th grade with no diploma","2","None checked","1",1268
,"Nebraska","31","White","2106-3","20-24 years","20-24","High school graduate or GED completed","3","At least one checked","0",83
,"Nebraska","31","White","2106-3","20-24 years","20-24","High school graduate or GED completed","3","None checked","1",4285
,"Nebraska","31","White","2106-3","20-24 years","20-24","Some college credit, but not a degree","4","At least one checked","0",79
,"Nebraska","31","White","2106-3","20-24 years","20-24","Some college credit, but not a degree","4","None checked","1",2840
,"Nebraska","31","White","2106-3","20-24 years","20-24","Associate degree (AA, AS)","5","At least one checked","0",23
,"Nebraska","31","White","2106-3","20-24 years","20-24","Associate degree (AA, AS)","5","None checked","1",877
,"Nebraska","31","White","2106-3","20-24 years","20-24","Bachelor's degree (BA, AB, BS)","6","At least one checked","0",23
,"Nebraska","31","White","2106-3","20-24 years","20-24","Bachelor's degree (BA, AB, BS)","6","None checked","1",1247
,"Nebraska","31","White","2106-3","20-24 years","20-24","Master's degree (MA, MS, MEng, MEd, MSW, MBA)","7","None checked","1",51
,"Nebraska","31","White","2106-3","20-24 years","20-24","Unknown or Not Stated","Unk","None checked","1",16
,"Nebraska","31","White","2106-3","25-29 years","25-29","8th grade or less","1","At least one checked","0",12
,"Nebraska","31","White","2106-3","25-29 years","25-29","8th grade or less","1","None checked","1",763
,"Nebraska","31","White","2106-3","25-29 years","25-29","9th through 12th grade with no diploma","2","At least one checked","0",11
,"Nebraska","31","White","2106-3","25-29 years","25-29","9th through 12th grade with no diploma","2","None checked","1",886
,"Nebraska","31","White","2106-3","25-29 years","25-29","High school graduate or GED completed","3","At least one checked","0",67
,"Nebraska","31","White","2106-3","25-29 years","25-29","High school graduate or GED completed","3","None checked","1",4259
,"Nebraska","31","White","2106-3","25-29 years","25-29","Some college credit, but not a degree","4","At least one checked","0",65
,"Nebraska","31","White","2106-3","25-29 years","25-29","Some college credit, but not a degree","4","None checked","1",4401
,"Nebraska","31","White","2106-3","25-29 years","25-29","Associate degree (AA, AS)","5","At least one checked","0",42
,"Nebraska","31","White","2106-3","25-29 years","25-29","Associate degree (AA, AS)","5","None checked","1",2441
,"Nebraska","31","White","2106-3","25-29 years","25-29","Bachelor's degree (BA, AB, BS)","6","At least one checked","0",167
,"Nebraska","31","White","2106-3","25-29 years","25-29","Bachelor's degree (BA, AB, BS)","6","None checked","1",6972
,"Nebraska","31","White","2106-3","25-29 years","25-29","Master's degree (MA, MS, MEng, MEd, MSW, MBA)","7","At least one checked","0",41
,"Nebraska","31","White","2106-3","25-29 years","25-29","Master's degree (MA, MS, MEng, MEd, MSW, MBA)","7","None checked","1",2285
,"Nebraska","31","White","2106-3","25-29 years","25-29","Doctorate (PhD, EdD) or Professional Degree (MD, DDS, DVM, LLB, JD)","8","At least one checked","0",32
,"Nebraska","31","White","2106-3","25-29 years","25-29","Doctorate (PhD, EdD) or Professional Degree (MD, DDS, DVM, LLB, JD)","8","None checked","1",612
,"Nebraska","31","White","2106-3","25-29 years","25-29","Unknown or Not Stated","Unk","None checked","1",39
,"Nebraska","31","White","2106-3","30-34 years","30-34","8th grade or less","1","At least one checked","0",18
,"Nebraska","31","White","2106-3","30-34 years","30-34","8th grade or less","1","None checked","1",691
,"Nebraska","31","White","2106-3","30-34 years","30-34","9th through 12th grade with no diploma","2","None checked","1",667
,"Nebraska","31","White","2106-3","30-34 years","30-34","High school graduate or GED completed","3","At least one checked","0",48
,"Nebraska","31","White","2106-3","30-34 years","30-34","High school graduate or GED completed","3","None checked","1",2572
,"Nebraska","31","White","2106-3","30-34 years","30-34","Some college credit, but not a degree","4","At least one checked","0",40
,"Nebraska","31","White","2106-3","30-34 years","30-34","Some college credit, but not a degree","4","None checked","1",3251
,"Nebraska","31","White","2106-3","30-34 years","30-34","Associate degree (AA, AS)","5","At least one checked","0",41
,"Nebraska","31","White","2106-3","30-34 years","30-34","Associate degree (AA, AS)","5","None checked","1",2325
,"Nebraska","31","White","2106-3","30-34 years","30-34","Bachelor's degree (BA, AB, BS)","6","At least one checked","0",126
,"Nebraska","31","White","2106-3","30-34 years","30-34","Bachelor's degree (BA, AB, BS)","6","None checked","1",7392
,"Nebraska","31","White","2106-3","30-34 years","30-34","Master's degree (MA, MS, MEng, MEd, MSW, MBA)","7","At least one checked","0",61
,"Nebraska","31","White","2106-3","30-34 years","30-34","Master's degree (MA, MS, MEng, MEd, MSW, MBA)","7","None checked","1",3795
,"Nebraska","31","White","2106-3","30-34 years","30-34","Doctorate (PhD, EdD) or Professional Degree (MD, DDS, DVM, LLB, JD)","8","At least one checked","0",25
,"Nebraska","31","White","2106-3","30-34 years","30-34","Doctorate (PhD, EdD) or Professional Degree (MD, DDS, DVM, LLB, JD)","8","None checked","1",1291
,"Nebraska","31","White","2106-3","30-34 years","30-34","Unknown or Not Stated","Unk","None checked","1",23
,"Nebraska","31","White","2106-3","35-39 years","35-39","8th grade or less","1","None checked","1",502
,"Nebraska","31","White","2106-3","35-39 years","35-39","9th through 12th grade with no diploma","2","None checked","1",377
,"Nebraska","31","White","2106-3","35-39 years","35-39","High school graduate or GED completed","3","At least one checked","0",14
,"Nebraska","31","White","2106-3","35-39 years","35-39","High school graduate or GED completed","3","None checked","1",1080
,"Nebraska","31","White","2106-3","35-39 years","35-39","Some college credit, but not a degree","4","At least one checked","0",12
,"Nebraska","31","White","2106-3","35-39 years","35-39","Some college credit, but not a degree","4","None checked","1",1413
,"Nebraska","31","White","2106-3","35-39 years","35-39","Associate degree (AA, AS)","5","At least one checked","0",15
,"Nebraska","31","White","2106-3","35-39 years","35-39","Associate degree (AA, AS)","5","None checked","1",1010
,"Nebraska","31","White","2106-3","35-39 years","35-39","Bachelor's degree (BA, AB, BS)","6","At least one checked","0",55
,"Nebraska","31","White","2106-3","35-39 years","35-39","Bachelor's degree (BA, AB, BS)","6","None checked","1",3231
,"Nebraska","31","White","2106-3","35-39 years","35-39","Master's degree (MA, MS, MEng, MEd, MSW, MBA)","7","At least one checked","0",16
,"Nebraska","31","White","2106-3","35-39 years","35-39","Master's degree (MA, MS, MEng, MEd, MSW, MBA)","7","None checked","1",1762
,"Nebraska","31","White","2106-3","35-39 years","35-39","Doctorate (PhD, EdD) or Professional Degree (MD, DDS, DVM, LLB, JD)","8","None checked","1",738
,"Nebraska","31","White","2106-3","35-39 years","35-39","Unknown or Not Stated","Unk","None checked","1",32
,"Nebraska","31","White","2106-3","40-44 years","40-44","8th grade or less","1","None checked","1",168
,"Nebraska","31","White","2106-3","40-44 years","40-44","9th through 12th grade with no diploma","2","None checked","1",109
,"Nebraska","31","White","2106-3","40-44 years","40-44","High school graduate or GED completed","3","None checked","1",220
,"Nebraska","31","White","2106-3","40-44 years","40-44","Some college credit, but not a degree","4","None checked","1",260
,"Nebraska","31","White","2106-3","40-44 years","40-44","Associate degree (AA, AS)","5","None checked","1",193
,"Nebraska","31","White","2106-3","40-44 years","40-44","Bachelor's degree (BA, AB, BS)","6","At least one checked","0",12
,"Nebraska","31","White","2106-3","40-44 years","40-44","Bachelor's degree (BA, AB, BS)","6","None checked","1",527
,"Nebraska","31","White","2106-3","40-44 years","40-44","Master's degree (MA, MS, MEng, MEd, MSW, MBA)","7","None checked","1",319
,"Nebraska","31","White","2106-3","40-44 years","40-44","Doctorate (PhD, EdD) or Professional Degree (MD, DDS, DVM, LLB, JD)","8","None checked","1",118
,"Nebraska","31","White","2106-3","45-49 years","45-49","High school graduate or GED completed","3","None checked","1",16
,"Nebraska","31","White","2106-3","45-49 years","45-49","Some college credit, but not a degree","4","None checked","1",14
,"Nebraska","31","White","2106-3","45-49 years","45-49","Bachelor's degree (BA, AB, BS)","6","None checked","1",29
,"Nebraska","31","White","2106-3","45-49 years","45-49","Master's degree (MA, MS, MEng, MEd, MSW, MBA)","7","None checked","1",26
,"Nebraska","31","More than one race","M","15 - 17 years","15-17","9th through 12th grade with no diploma","2","None checked","1",57
,"Nebraska","31","More than one race","M","18 - 19 years","18-19","9th through 12th grade with no diploma","2","None checked","1",42
,"Nebraska","31","More than one race","M","18 - 19 years","18-19","High school graduate or GED completed","3","None checked","1",87
,"Nebraska","31","More than one race","M","18 - 19 years","18-19","Some college credit, but not a degree","4","None checked","1",18
,"Nebraska","31","More than one race","M","20-24 years","20-24","8th grade or less","1","None checked","1",15
,"Nebraska","31","More than one race","M","20-24 years","20-24","9th through 12th grade with no diploma","2","None checked","1",86
,"Nebraska","31","More than one race","M","20-24 years","20-24","High school graduate or GED completed","3","None checked","1",335
,"Nebraska","31","More than one race","M","20-24 years","20-24","Some college credit, but not a degree","4","None checked","1",223
,"Nebraska","31","More than one race","M","20-24 years","20-24","Associate degree (AA, AS)","5","None checked","1",36
,"Nebraska","31","More than one race","M","20-24 years","20-24","Bachelor's degree (BA, AB, BS)","6","None checked","1",34
,"Nebraska","31","More than one race","M","25-29 years","25-29","8th grade or less","1","None checked","1",16
,"Nebraska","31","More than one race","M","25-29 years","25-29","9th through 12th grade with no diploma","2","None checked","1",62
,"Nebraska","31","More than one race","M","25-29 years","25-29","High school graduate or GED completed","3","None checked","1",252
,"Nebraska","31","More than one race","M","25-29 years","25-29","Some college credit, but not a degree","4","None checked","1",275
,"Nebraska","31","More than one race","M","25-29 years","25-29","Associate degree (AA, AS)","5","None checked","1",47
,"Nebraska","31","More than one race","M","25-29 years","25-29","Bachelor's degree (BA, AB, BS)","6","None checked","1",188
,"Nebraska","31","More than one race","M","25-29 years","25-29","Master's degree (MA, MS, MEng, MEd, MSW, MBA)","7","None checked","1",49
,"Nebraska","31","More than one race","M","30-34 years","30-34","8th grade or less","1","None checked","1",15
,"Nebraska","31","More than one race","M","30-34 years","30-34","9th through 12th grade with no diploma","2","None checked","1",33
,"Nebraska","31","More than one race","M","30-34 years","30-34","High school graduate or GED completed","3","None checked","1",125
,"Nebraska","31","More than one race","M","30-34 years","30-34","Some college credit, but not a degree","4","None checked","1",176
,"Nebraska","31","More than one race","M","30-34 years","30-34","Associate degree (AA, AS)","5","None checked","1",62
,"Nebraska","31","More than one race","M","30-34 years","30-34","Bachelor's degree (BA, AB, BS)","6","None checked","1",155
,"Nebraska","31","More than one race","M","30-34 years","30-34","Master's degree (MA, MS, MEng, MEd, MSW, MBA)","7","None checked","1",89
,"Nebraska","31","More than one race","M","30-34 years","30-34","Doctorate (PhD, EdD) or Professional Degree (MD, DDS, DVM, LLB, JD)","8","None checked","1",21
,"Nebraska","31","More than one race","M","35-39 years","35-39","8th grade or less","1","None checked","1",14
,"Nebraska","31","More than one race","M","35-39 years","35-39","9th through 12th grade with no diploma","2","None checked","1",14
,"Nebraska","31","More than one race","M","35-39 years","35-39","High school graduate or GED completed","3","None checked","1",41
,"Nebraska","31","More than one race","M","35-39 years","35-39","Some college credit, but not a degree","4","None checked","1",68
,"Nebraska","31","More than one race","M","35-39 years","35-39","Associate degree (AA, AS)","5","None checked","1",31
,"Nebraska","31","More than one race","M","35-39 years","35-39","Bachelor's degree (BA, AB, BS)","6","None checked","1",59
,"Nebraska","31","More than one race","M","35-39 years","35-39","Master's degree (MA, MS, MEng, MEd, MSW, MBA)","7","None checked","1",23
,"Nebraska","31","More than one race","M","35-39 years","35-39","Doctorate (PhD, EdD) or Professional Degree (MD, DDS, DVM, LLB, JD)","8","None checked","1",20
,"Nebraska","31","More than one race","M","40-44 years","40-44","Some college credit, but not a degree","4","None checked","1",15
,"Nebraska","31","More than one race","M","40-44 years","40-44","Bachelor's degree (BA, AB, BS)","6","None checked","1",16
,"New Hampshire","33","Asian","A","20-24 years","20-24","High school graduate or GED completed","3","None checked","1",21
,"New Hampshire","33","Asian","A","20-24 years","20-24","Some college credit, but not a degree","4","None checked","1",15
,"New Hampshire","33","Asian","A","20-24 years","20-24","Bachelor's degree (BA, AB, BS)","6","None checked","1",12
,"New Hampshire","33","Asian","A","25-29 years","25-29","9th through 12th grade with no diploma","2","None checked","1",11
,"New Hampshire","33","Asian","A","25-29 years","25-29","High school graduate or GED completed","3","None checked","1",40
,"New Hampshire","33","Asian","A","25-29 years","25-29","Some college credit, but not a degree","4","None checked","1",25
,"New Hampshire","33","Asian","A","25-29 years","25-29","Associate degree (AA, AS)","5","None checked","1",15
,"New Hampshire","33","Asian","A","25-29 years","25-29","Bachelor's degree (BA, AB, BS)","6","None checked","1",114
,"New Hampshire","33","Asian","A","25-29 years","25-29","Master's degree (MA, MS, MEng, MEd, MSW, MBA)","7","None checked","1",60
,"New Hampshire","33","Asian","A","30-34 years","30-34","High school graduate or GED completed","3","None checked","1",52
,"New Hampshire","33","Asian","A","30-34 years","30-34","Some college credit, but not a degree","4","None checked","1",34
,"New Hampshire","33","Asian","A","30-34 years","30-34","Associate degree (AA, AS)","5","None checked","1",29
,"New Hampshire","33","Asian","A","30-34 years","30-34","Bachelor's degree (BA, AB, BS)","6","At least one checked","0",13
,"New Hampshire","33","Asian","A","30-34 years","30-34","Bachelor's degree (BA, AB, BS)","6","None checked","1",249
,"New Hampshire","33","Asian","A","30-34 years","30-34","Master's degree (MA, MS, MEng, MEd, MSW, MBA)","7","At least one checked","0",17
,"New Hampshire","33","Asian","A","30-34 years","30-34","Master's degree (MA, MS, MEng, MEd, MSW, MBA)","7","None checked","1",205
,"New Hampshire","33","Asian","A","30-34 years","30-34","Doctorate (PhD, EdD) or Professional Degree (MD, DDS, DVM, LLB, JD)","8","None checked","1",64
,"New Hampshire","33","Asian","A","35-39 years","35-39","High school graduate or GED completed","3","None checked","1",37
,"New Hampshire","33","Asian","A","35-39 years","35-39","Some college credit, but not a degree","4","None checked","1",22
,"New Hampshire","33","Asian","A","35-39 years","35-39","Associate degree (AA, AS)","5","None checked","1",22
,"New Hampshire","33","Asian","A","35-39 years","35-39","Bachelor's degree (BA, AB, BS)","6","At least one checked","0",13
,"New Hampshire","33","Asian","A","35-39 years","35-39","Bachelor's degree (BA, AB, BS)","6","None checked","1",118
,"New Hampshire","33","Asian","A","35-39 years","35-39","Master's degree (MA, MS, MEng, MEd, MSW, MBA)","7","None checked","1",116
,"New Hampshire","33","Asian","A","35-39 years","35-39","Doctorate (PhD, EdD) or Professional Degree (MD, DDS, DVM, LLB, JD)","8","None checked","1",67
,"New Hampshire","33","Asian","A","40-44 years","40-44","High school graduate or GED completed","3","None checked","1",13
,"New Hampshire","33","Asian","A","40-44 years","40-44","Associate degree (AA, AS)","5","None checked","1",11
,"New Hampshire","33","Asian","A","40-44 years","40-44","Bachelor's degree (BA, AB, BS)","6","None checked","1",36
,"New Hampshire","33","Asian","A","40-44 years","40-44","Master's degree (MA, MS, MEng, MEd, MSW, MBA)","7","None checked","1",21
,"New Hampshire","33","Asian","A","40-44 years","40-44","Doctorate (PhD, EdD) or Professional Degree (MD, DDS, DVM, LLB, JD)","8","None checked","1",10
,"New Hampshire","33","Black or African American","2054-5","20-24 years","20-24","9th through 12th grade with no diploma","2","None checked","1",20
,"New Hampshire","33","Black or African American","2054-5","20-24 years","20-24","High school graduate or GED completed","3","None checked","1",88
,"New Hampshire","33","Black or African American","2054-5","20-24 years","20-24","Some college credit, but not a degree","4","None checked","1",30
,"New Hampshire","33","Black or African American","2054-5","20-24 years","20-24","Associate degree (AA, AS)","5","None checked","1",13
,"New Hampshire","33","Black or African American","2054-5","25-29 years","25-29","8th grade or less","1","None checked","1",11
,"New Hampshire","33","Black or African American","2054-5","25-29 years","25-29","9th through 12th grade with no diploma","2","None checked","1",18
,"New Hampshire","33","Black or African American","2054-5","25-29 years","25-29","High school graduate or GED completed","3","None checked","1",113
,"New Hampshire","33","Black or African American","2054-5","25-29 years","25-29","Some college credit, but not a degree","4","None checked","1",75
,"New Hampshire","33","Black or African American","2054-5","25-29 years","25-29","Associate degree (AA, AS)","5","None checked","1",23
,"New Hampshire","33","Black or African American","2054-5","25-29 years","25-29","Bachelor's degree (BA, AB, BS)","6","None checked","1",60
,"New Hampshire","33","Black or African American","2054-5","25-29 years","25-29","Master's degree (MA, MS, MEng, MEd, MSW, MBA)","7","None checked","1",14
,"New Hampshire","33","Black or African American","2054-5","30-34 years","30-34","8th grade or less","1","None checked","1",12
,"New Hampshire","33","Black or African American","2054-5","30-34 years","30-34","9th through 12th grade with no diploma","2","None checked","1",16
,"New Hampshire","33","Black or African American","2054-5","30-34 years","30-34","High school graduate or GED completed","3","None checked","1",74
,"New Hampshire","33","Black or African American","2054-5","30-34 years","30-34","Some college credit, but not a degree","4","None checked","1",52
,"New Hampshire","33","Black or African American","2054-5","30-34 years","30-34","Associate degree (AA, AS)","5","None checked","1",48
,"New Hampshire","33","Black or African American","2054-5","30-34 years","30-34","Bachelor's degree (BA, AB, BS)","6","None checked","1",97
,"New Hampshire","33","Black or African American","2054-5","30-34 years","30-34","Master's degree (MA, MS, MEng, MEd, MSW, MBA)","7","None checked","1",39
,"New Hampshire","33","Black or African American","2054-5","30-34 years","30-34","Doctorate (PhD, EdD) or Professional Degree (MD, DDS, DVM, LLB, JD)","8","None checked","1",12
,"New Hampshire","33","Black or African American","2054-5","30-34 years","30-34","Unknown or Not Stated","Unk","None checked","1",13
,"New Hampshire","33","Black or African American","2054-5","35-39 years","35-39","8th grade or less","1","None checked","1",10
,"New Hampshire","33","Black or African American","2054-5","35-39 years","35-39","9th through 12th grade with no diploma","2","None checked","1",16
,"New Hampshire","33","Black or African American","2054-5","35-39 years","35-39","High school graduate or GED completed","3","None checked","1",42
,"New Hampshire","33","Black or African American","2054-5","35-39 years","35-39","Some college credit, but not a degree","4","None checked","1",31
,"New Hampshire","33","Black or African American","2054-5","35-39 years","35-39","Associate degree (AA, AS)","5","None checked","1",23
,"New Hampshire","33","Black or African American","2054-5","35-39 years","35-39","Bachelor's degree (BA, AB, BS)","6","None checked","1",52
,"New Hampshire","33","Black or African American","2054-5","35-39 years","35-39","Master's degree (MA, MS, MEng, MEd, MSW, MBA)","7","None checked","1",35
,"New Hampshire","33","Black or African American","2054-5","35-39 years","35-39","Doctorate (PhD, EdD) or Professional Degree (MD, DDS, DVM, LLB, JD)","8","None checked","1",17
,"New Hampshire","33","Black or African American","2054-5","40-44 years","40-44","High school graduate or GED completed","3","None checked","1",18
,"New Hampshire","33","Black or African American","2054-5","40-44 years","40-44","Some college credit, but not a degree","4","None checked","1",17
,"New Hampshire","33","Black or African American","2054-5","40-44 years","40-44","Bachelor's degree (BA, AB, BS)","6","None checked","1",19
,"New Hampshire","33","White","2106-3","15 - 17 years","15-17","9th through 12th grade with no diploma","2","None checked","1",83
,"New Hampshire","33","White","2106-3","15 - 17 years","15-17","High school graduate or GED completed","3","None checked","1",21
,"New Hampshire","33","White","2106-3","18 - 19 years","18-19","8th grade or less","1","None checked","1",11
,"New Hampshire","33","White","2106-3","18 - 19 years","18-19","9th through 12th grade with no diploma","2","None checked","1",135
,"New Hampshire","33","White","2106-3","18 - 19 years","18-19","High school graduate or GED completed","3","None checked","1",269
,"New Hampshire","33","White","2106-3","18 - 19 years","18-19","Some college credit, but not a degree","4","None checked","1",36
,"New Hampshire","33","White","2106-3","20-24 years","20-24","8th grade or less","1","None checked","1",31
,"New Hampshire","33","White","2106-3","20-24 years","20-24","9th through 12th grade with no diploma","2","None checked","1",440
,"New Hampshire","33","White","2106-3","20-24 years","20-24","High school graduate or GED completed","3","At least one checked","0",47
,"New Hampshire","33","White","2106-3","20-24 years","20-24","High school graduate or GED completed","3","None checked","1",1738
,"New Hampshire","33","White","2106-3","20-24 years","20-24","Some college credit, but not a degree","4","At least one checked","0",16
,"New Hampshire","33","White","2106-3","20-24 years","20-24","Some college credit, but not a degree","4","None checked","1",718
,"New Hampshire","33","White","2106-3","20-24 years","20-24","Associate degree (AA, AS)","5","None checked","1",208
,"New Hampshire","33","White","2106-3","20-24 years","20-24","Bachelor's degree (BA, AB, BS)","6","At least one checked","0",11
,"New Hampshire","33","White","2106-3","20-24 years","20-24","Bachelor's degree (BA, AB, BS)","6","None checked","1",286
,"New Hampshire","33","White","2106-3","20-24 years","20-24","Master's degree (MA, MS, MEng, MEd, MSW, MBA)","7","None checked","1",20
,"New Hampshire","33","White","2106-3","20-24 years","20-24","Unknown or Not Stated","Unk","None checked","1",13
,"New Hampshire","33","White","2106-3","25-29 years","25-29","8th grade or less","1","None checked","1",38
,"New Hampshire","33","White","2106-3","25-29 years","25-29","9th through 12th grade with no diploma","2","None checked","1",277
,"New Hampshire","33","White","2106-3","25-29 years","25-29","High school graduate or GED completed","3","At least one checked","0",56
,"New Hampshire","33","White","2106-3","25-29 years","25-29","High school graduate or GED completed","3","None checked","1",2465
,"New Hampshire","33","White","2106-3","25-29 years","25-29","Some college credit, but not a degree","4","At least one checked","0",46
,"New Hampshire","33","White","2106-3","25-29 years","25-29","Some college credit, but not a degree","4","None checked","1",1895
,"New Hampshire","33","White","2106-3","25-29 years","25-29","Associate degree (AA, AS)","5","At least one checked","0",29
,"New Hampshire","33","White","2106-3","25-29 years","25-29","Associate degree (AA, AS)","5","None checked","1",972
,"New Hampshire","33","White","2106-3","25-29 years","25-29","Bachelor's degree (BA, AB, BS)","6","At least one checked","0",91
,"New Hampshire","33","White","2106-3","25-29 years","25-29","Bachelor's degree (BA, AB, BS)","6","None checked","1",2694
,"New Hampshire","33","White","2106-3","25-29 years","25-29","Master's degree (MA, MS, MEng, MEd, MSW, MBA)","7","At least one checked","0",38
,"New Hampshire","33","White","2106-3","25-29 years","25-29","Master's degree (MA, MS, MEng, MEd, MSW, MBA)","7","None checked","1",993
,"New Hampshire","33","White","2106-3","25-29 years","25-29","Doctorate (PhD, EdD) or Professional Degree (MD, DDS, DVM, LLB, JD)","8","None checked","1",127
,"New Hampshire","33","White","2106-3","25-29 years","25-29","Unknown or Not Stated","Unk","None checked","1",49
,"New Hampshire","33","White","2106-3","30-34 years","30-34","8th grade or less","1","None checked","1",50
,"New Hampshire","33","White","2106-3","30-34 years","30-34","9th through 12th grade with no diploma","2","None checked","1",200
,"New Hampshire","33","White","2106-3","30-34 years","30-34","High school graduate or GED completed","3","At least one checked","0",45
,"New Hampshire","33","White","2106-3","30-34 years","30-34","High school graduate or GED completed","3","None checked","1",1802
,"New Hampshire","33","White","2106-3","30-34 years","30-34","Some college credit, but not a degree","4","At least one checked","0",60
,"New Hampshire","33","White","2106-3","30-34 years","30-34","Some college credit, but not a degree","4","None checked","1",1895
,"New Hampshire","33","White","2106-3","30-34 years","30-34","Associate degree (AA, AS)","5","At least one checked","0",35
,"New Hampshire","33","White","2106-3","30-34 years","30-34","Associate degree (AA, AS)","5","None checked","1",1240
,"New Hampshire","33","White","2106-3","30-34 years","30-34","Bachelor's degree (BA, AB, BS)","6","At least one checked","0",172
,"New Hampshire","33","White","2106-3","30-34 years","30-34","Bachelor's degree (BA, AB, BS)","6","None checked","1",5074
,"New Hampshire","33","White","2106-3","30-34 years","30-34","Bachelor's degree (BA, AB, BS)","6","Unknown or Not Stated","9",11
,"New Hampshire","33","White","2106-3","30-34 years","30-34","Master's degree (MA, MS, MEng, MEd, MSW, MBA)","7","At least one checked","0",118
,"New Hampshire","33","White","2106-3","30-34 years","30-34","Master's degree (MA, MS, MEng, MEd, MSW, MBA)","7","None checked","1",3326
,"New Hampshire","33","White","2106-3","30-34 years","30-34","Master's degree (MA, MS, MEng, MEd, MSW, MBA)","7","Unknown or Not Stated","9",10
,"New Hampshire","33","White","2106-3","30-34 years","30-34","Doctorate (PhD, EdD) or Professional Degree (MD, DDS, DVM, LLB, JD)","8","At least one checked","0",16
,"New Hampshire","33","White","2106-3","30-34 years","30-34","Doctorate (PhD, EdD) or Professional Degree (MD, DDS, DVM, LLB, JD)","8","None checked","1",639
,"New Hampshire","33","White","2106-3","30-34 years","30-34","Unknown or Not Stated","Unk","None checked","1",70
,"New Hampshire","33","White","2106-3","35-39 years","35-39","8th grade or less","1","None checked","1",27
,"New Hampshire","33","White","2106-3","35-39 years","35-39","9th through 12th grade with no diploma","2","None checked","1",118
,"New Hampshire","33","White","2106-3","35-39 years","35-39","High school graduate or GED completed","3","At least one checked","0",25
,"New Hampshire","33","White","2106-3","35-39 years","35-39","High school graduate or GED completed","3","None checked","1",718
,"New Hampshire","33","White","2106-3","35-39 years","35-39","Some college credit, but not a degree","4","At least one checked","0",26
,"New Hampshire","33","White","2106-3","35-39 years","35-39","Some college credit, but not a degree","4","None checked","1",928
,"New Hampshire","33","White","2106-3","35-39 years","35-39","Associate degree (AA, AS)","5","At least one checked","0",24
,"New Hampshire","33","White","2106-3","35-39 years","35-39","Associate degree (AA, AS)","5","None checked","1",640
,"New Hampshire","33","White","2106-3","35-39 years","35-39","Bachelor's degree (BA, AB, BS)","6","At least one checked","0",70
,"New Hampshire","33","White","2106-3","35-39 years","35-39","Bachelor's degree (BA, AB, BS)","6","None checked","1",2667
,"New Hampshire","33","White","2106-3","35-39 years","35-39","Master's degree (MA, MS, MEng, MEd, MSW, MBA)","7","At least one checked","0",56
,"New Hampshire","33","White","2106-3","35-39 years","35-39","Master's degree (MA, MS, MEng, MEd, MSW, MBA)","7","None checked","1",1988
,"New Hampshire","33","White","2106-3","35-39 years","35-39","Doctorate (PhD, EdD) or Professional Degree (MD, DDS, DVM, LLB, JD)","8","At least one checked","0",12
,"New Hampshire","33","White","2106-3","35-39 years","35-39","Doctorate (PhD, EdD) or Professional Degree (MD, DDS, DVM, LLB, JD)","8","None checked","1",446
,"New Hampshire","33","White","2106-3","35-39 years","35-39","Unknown or Not Stated","Unk","None checked","1",47
,"New Hampshire","33","White","2106-3","40-44 years","40-44","9th through 12th grade with no diploma","2","None checked","1",34
,"New Hampshire","33","White","2106-3","40-44 years","40-44","High school graduate or GED completed","3","None checked","1",133
,"New Hampshire","33","White","2106-3","40-44 years","40-44","Some college credit, but not a degree","4","None checked","1",182
,"New Hampshire","33","White","2106-3","40-44 years","40-44","Associate degree (AA, AS)","5","None checked","1",104
,"New Hampshire","33","White","2106-3","40-44 years","40-44","Bachelor's degree (BA, AB, BS)","6","At least one checked","0",15
,"New Hampshire","33","White","2106-3","40-44 years","40-44","Bachelor's degree (BA, AB, BS)","6","None checked","1",425
,"New Hampshire","33","White","2106-3","40-44 years","40-44","Master's degree (MA, MS, MEng, MEd, MSW, MBA)","7","None checked","1",314
,"New Hampshire","33","White","2106-3","40-44 years","40-44","Doctorate (PhD, EdD) or Professional Degree (MD, DDS, DVM, LLB, JD)","8","None checked","1",109
,"New Hampshire","33","White","2106-3","40-44 years","40-44","Unknown or Not Stated","Unk","None checked","1",16
,"New Hampshire","33","White","2106-3","45-49 years","45-49","Bachelor's degree (BA, AB, BS)","6","None checked","1",24
,"New Hampshire","33","White","2106-3","45-49 years","45-49","Master's degree (MA, MS, MEng, MEd, MSW, MBA)","7","None checked","1",23
,"New Hampshire","33","More than one race","M","20-24 years","20-24","High school graduate or GED completed","3","None checked","1",49
,"New Hampshire","33","More than one race","M","20-24 years","20-24","Some college credit, but not a degree","4","None checked","1",26
,"New Hampshire","33","More than one race","M","25-29 years","25-29","High school graduate or GED completed","3","None checked","1",40
,"New Hampshire","33","More than one race","M","25-29 years","25-29","Some college credit, but not a degree","4","None checked","1",41
,"New Hampshire","33","More than one race","M","25-29 years","25-29","Associate degree (AA, AS)","5","None checked","1",18
,"New Hampshire","33","More than one race","M","25-29 years","25-29","Bachelor's degree (BA, AB, BS)","6","None checked","1",31
,"New Hampshire","33","More than one race","M","25-29 years","25-29","Master's degree (MA, MS, MEng, MEd, MSW, MBA)","7","None checked","1",15
,"New Hampshire","33","More than one race","M","30-34 years","30-34","High school graduate or GED completed","3","None checked","1",28
,"New Hampshire","33","More than one race","M","30-34 years","30-34","Some college credit, but not a degree","4","None checked","1",27
,"New Hampshire","33","More than one race","M","30-34 years","30-34","Associate degree (AA, AS)","5","None checked","1",24
,"New Hampshire","33","More than one race","M","30-34 years","30-34","Bachelor's degree (BA, AB, BS)","6","None checked","1",65
,"New Hampshire","33","More than one race","M","30-34 years","30-34","Master's degree (MA, MS, MEng, MEd, MSW, MBA)","7","None checked","1",29
,"New Hampshire","33","More than one race","M","35-39 years","35-39","Some college credit, but not a degree","4","None checked","1",13
,"New Hampshire","33","More than one race","M","35-39 years","35-39","Associate degree (AA, AS)","5","None checked","1",10
,"New Hampshire","33","More than one race","M","35-39 years","35-39","Bachelor's degree (BA, AB, BS)","6","None checked","1",23
,"New Hampshire","33","More than one race","M","35-39 years","35-39","Master's degree (MA, MS, MEng, MEd, MSW, MBA)","7","None checked","1",22
,"New Hampshire","33","More than one race","M","35-39 years","35-39","Doctorate (PhD, EdD) or Professional Degree (MD, DDS, DVM, LLB, JD)","8","None checked","1",11
,"Texas","48","American Indian or Alaska Native","1002-5","15 - 17 years","15-17","9th through 12th grade with no diploma","2","None checked","1",34
,"Texas","48","American Indian or Alaska Native","1002-5","18 - 19 years","18-19","9th through 12th grade with no diploma","2","None checked","1",56
,"Texas","48","American Indian or Alaska Native","1002-5","18 - 19 years","18-19","High school graduate or GED completed","3","None checked","1",79
,"Texas","48","American Indian or Alaska Native","1002-5","18 - 19 years","18-19","Some college credit, but not a degree","4","None checked","1",10
,"Texas","48","American Indian or Alaska Native","1002-5","20-24 years","20-24","8th grade or less","1","None checked","1",20
,"Texas","48","American Indian or Alaska Native","1002-5","20-24 years","20-24","9th through 12th grade with no diploma","2","None checked","1",115
,"Texas","48","American Indian or Alaska Native","1002-5","20-24 years","20-24","High school graduate or GED completed","3","None checked","1",434
,"Texas","48","American Indian or Alaska Native","1002-5","20-24 years","20-24","Some college credit, but not a degree","4","None checked","1",199
,"Texas","48","American Indian or Alaska Native","1002-5","20-24 years","20-24","Associate degree (AA, AS)","5","None checked","1",75
,"Texas","48","American Indian or Alaska Native","1002-5","20-24 years","20-24","Bachelor's degree (BA, AB, BS)","6","None checked","1",59
,"Texas","48","American Indian or Alaska Native","1002-5","20-24 years","20-24","Unknown or Not Stated","Unk","None checked","1",14
,"Texas","48","American Indian or Alaska Native","1002-5","25-29 years","25-29","8th grade or less","1","None checked","1",26
,"Texas","48","American Indian or Alaska Native","1002-5","25-29 years","25-29","9th through 12th grade with no diploma","2","None checked","1",85
,"Texas","48","American Indian or Alaska Native","1002-5","25-29 years","25-29","High school graduate or GED completed","3","None checked","1",374
,"Texas","48","American Indian or Alaska Native","1002-5","25-29 years","25-29","Some college credit, but not a degree","4","None checked","1",334
,"Texas","48","American Indian or Alaska Native","1002-5","25-29 years","25-29","Associate degree (AA, AS)","5","None checked","1",139
,"Texas","48","American Indian or Alaska Native","1002-5","25-29 years","25-29","Bachelor's degree (BA, AB, BS)","6","None checked","1",258
,"Texas","48","American Indian or Alaska Native","1002-5","25-29 years","25-29","Master's degree (MA, MS, MEng, MEd, MSW, MBA)","7","None checked","1",46
,"Texas","48","American Indian or Alaska Native","1002-5","25-29 years","25-29","Doctorate (PhD, EdD) or Professional Degree (MD, DDS, DVM, LLB, JD)","8","None checked","1",12
,"Texas","48","American Indian or Alaska Native","1002-5","25-29 years","25-29","Unknown or Not Stated","Unk","None checked","1",12
,"Texas","48","American Indian or Alaska Native","1002-5","30-34 years","30-34","8th grade or less","1","None checked","1",18
,"Texas","48","American Indian or Alaska Native","1002-5","30-34 years","30-34","9th through 12th grade with no diploma","2","None checked","1",46
,"Texas","48","American Indian or Alaska Native","1002-5","30-34 years","30-34","High school graduate or GED completed","3","None checked","1",219
,"Texas","48","American Indian or Alaska Native","1002-5","30-34 years","30-34","Some college credit, but not a degree","4","None checked","1",296
,"Texas","48","American Indian or Alaska Native","1002-5","30-34 years","30-34","Associate degree (AA, AS)","5","None checked","1",122
,"Texas","48","American Indian or Alaska Native","1002-5","30-34 years","30-34","Bachelor's degree (BA, AB, BS)","6","None checked","1",279
,"Texas","48","American Indian or Alaska Native","1002-5","30-34 years","30-34","Master's degree (MA, MS, MEng, MEd, MSW, MBA)","7","None checked","1",103
,"Texas","48","American Indian or Alaska Native","1002-5","30-34 years","30-34","Doctorate (PhD, EdD) or Professional Degree (MD, DDS, DVM, LLB, JD)","8","None checked","1",26
,"Texas","48","American Indian or Alaska Native","1002-5","30-34 years","30-34","Unknown or Not Stated","Unk","None checked","1",11
,"Texas","48","American Indian or Alaska Native","1002-5","35-39 years","35-39","8th grade or less","1","None checked","1",22
,"Texas","48","American Indian or Alaska Native","1002-5","35-39 years","35-39","9th through 12th grade with no diploma","2","None checked","1",33
,"Texas","48","American Indian or Alaska Native","1002-5","35-39 years","35-39","High school graduate or GED completed","3","None checked","1",95
,"Texas","48","American Indian or Alaska Native","1002-5","35-39 years","35-39","Some college credit, but not a degree","4","None checked","1",117
,"Texas","48","American Indian or Alaska Native","1002-5","35-39 years","35-39","Associate degree (AA, AS)","5","None checked","1",68
,"Texas","48","American Indian or Alaska Native","1002-5","35-39 years","35-39","Bachelor's degree (BA, AB, BS)","6","None checked","1",145
,"Texas","48","American Indian or Alaska Native","1002-5","35-39 years","35-39","Master's degree (MA, MS, MEng, MEd, MSW, MBA)","7","None checked","1",71
,"Texas","48","American Indian or Alaska Native","1002-5","35-39 years","35-39","Doctorate (PhD, EdD) or Professional Degree (MD, DDS, DVM, LLB, JD)","8","None checked","1",14
,"Texas","48","American Indian or Alaska Native","1002-5","40-44 years","40-44","High school graduate or GED completed","3","None checked","1",22
,"Texas","48","American Indian or Alaska Native","1002-5","40-44 years","40-44","Some college credit, but not a degree","4","None checked","1",27
,"Texas","48","American Indian or Alaska Native","1002-5","40-44 years","40-44","Associate degree (AA, AS)","5","None checked","1",10
,"Texas","48","American Indian or Alaska Native","1002-5","40-44 years","40-44","Bachelor's degree (BA, AB, BS)","6","None checked","1",21
,"Texas","48","American Indian or Alaska Native","1002-5","40-44 years","40-44","Master's degree (MA, MS, MEng, MEd, MSW, MBA)","7","None checked","1",17
,"Texas","48","Asian","A","15 - 17 years","15-17","9th through 12th grade with no diploma","2","None checked","1",39
,"Texas","48","Asian","A","15 - 17 years","15-17","High school graduate or GED completed","3","None checked","1",12
,"Texas","48","Asian","A","18 - 19 years","18-19","9th through 12th grade with no diploma","2","None checked","1",59
,"Texas","48","Asian","A","18 - 19 years","18-19","High school graduate or GED completed","3","None checked","1",115
,"Texas","48","Asian","A","18 - 19 years","18-19","Some college credit, but not a degree","4","None checked","1",39
,"Texas","48","Asian","A","20-24 years","20-24","8th grade or less","1","None checked","1",103
,"Texas","48","Asian","A","20-24 years","20-24","9th through 12th grade with no diploma","2","None checked","1",232
,"Texas","48","Asian","A","20-24 years","20-24","High school graduate or GED completed","3","At least one checked","0",15
,"Texas","48","Asian","A","20-24 years","20-24","High school graduate or GED completed","3","None checked","1",997
,"Texas","48","Asian","A","20-24 years","20-24","Some college credit, but not a degree","4","None checked","1",657
,"Texas","48","Asian","A","20-24 years","20-24","Associate degree (AA, AS)","5","None checked","1",239
,"Texas","48","Asian","A","20-24 years","20-24","Bachelor's degree (BA, AB, BS)","6","At least one checked","0",12
,"Texas","48","Asian","A","20-24 years","20-24","Bachelor's degree (BA, AB, BS)","6","None checked","1",654
,"Texas","48","Asian","A","20-24 years","20-24","Master's degree (MA, MS, MEng, MEd, MSW, MBA)","7","None checked","1",96
,"Texas","48","Asian","A","20-24 years","20-24","Unknown or Not Stated","Unk","None checked","1",69
,"Texas","48","Asian","A","25-29 years","25-29","8th grade or less","1","None checked","1",229
,"Texas","48","Asian","A","25-29 years","25-29","9th through 12th grade with no diploma","2","None checked","1",556
,"Texas","48","Asian","A","25-29 years","25-29","High school graduate or GED completed","3","At least one checked","0",24
,"Texas","48","Asian","A","25-29 years","25-29","High school graduate or GED completed","3","None checked","1",1947
,"Texas","48","Asian","A","25-29 years","25-29","Some college credit, but not a degree","4","At least one checked","0",13
,"Texas","48","Asian","A","25-29 years","25-29","Some college credit, but not a degree","4","None checked","1",1544
,"Texas","48","Asian","A","25-29 years","25-29","Associate degree (AA, AS)","5","At least one checked","0",10
,"Texas","48","Asian","A","25-29 years","25-29","Associate degree (AA, AS)","5","None checked","1",996
,"Texas","48","Asian","A","25-29 years","25-29","Bachelor's degree (BA, AB, BS)","6","At least one checked","0",124
,"Texas","48","Asian","A","25-29 years","25-29","Bachelor's degree (BA, AB, BS)","6","None checked","1",6768
,"Texas","48","Asian","A","25-29 years","25-29","Master's degree (MA, MS, MEng, MEd, MSW, MBA)","7","At least one checked","0",75
,"Texas","48","Asian","A","25-29 years","25-29","Master's degree (MA, MS, MEng, MEd, MSW, MBA)","7","None checked","1",3596
,"Texas","48","Asian","A","25-29 years","25-29","Doctorate (PhD, EdD) or Professional Degree (MD, DDS, DVM, LLB, JD)","8","At least one checked","0",13
,"Texas","48","Asian","A","25-29 years","25-29","Doctorate (PhD, EdD) or Professional Degree (MD, DDS, DVM, LLB, JD)","8","None checked","1",557
,"Texas","48","Asian","A","25-29 years","25-29","Unknown or Not Stated","Unk","None checked","1",246
,"Texas","48","Asian","A","30-34 years","30-34","8th grade or less","1","None checked","1",284
,"Texas","48","Asian","A","30-34 years","30-34","9th through 12th grade with no diploma","2","None checked","1",653
,"Texas","48","Asian","A","30-34 years","30-34","High school graduate or GED completed","3","At least one checked","0",25
,"Texas","48","Asian","A","30-34 years","30-34","High school graduate or GED completed","3","None checked","1",2145
,"Texas","48","Asian","A","30-34 years","30-34","Some college credit, but not a degree","4","At least one checked","0",21
,"Texas","48","Asian","A","30-34 years","30-34","Some college credit, but not a degree","4","None checked","1",1916
,"Texas","48","Asian","A","30-34 years","30-34","Associate degree (AA, AS)","5","At least one checked","0",17
,"Texas","48","Asian","A","30-34 years","30-34","Associate degree (AA, AS)","5","None checked","1",1476
,"Texas","48","Asian","A","30-34 years","30-34","Bachelor's degree (BA, AB, BS)","6","At least one checked","0",197
,"Texas","48","Asian","A","30-34 years","30-34","Bachelor's degree (BA, AB, BS)","6","None checked","1",13336
,"Texas","48","Asian","A","30-34 years","30-34","Master's degree (MA, MS, MEng, MEd, MSW, MBA)","7","At least one checked","0",198
,"Texas","48","Asian","A","30-34 years","30-34","Master's degree (MA, MS, MEng, MEd, MSW, MBA)","7","None checked","1",12410
,"Texas","48","Asian","A","30-34 years","30-34","Doctorate (PhD, EdD) or Professional Degree (MD, DDS, DVM, LLB, JD)","8","At least one checked","0",56
,"Texas","48","Asian","A","30-34 years","30-34","Doctorate (PhD, EdD) or Professional Degree (MD, DDS, DVM, LLB, JD)","8","None checked","1",3075
,"Texas","48","Asian","A","30-34 years","30-34","Unknown or Not Stated","Unk","None checked","1",368
,"Texas","48","Asian","A","35-39 years","35-39","8th grade or less","1","None checked","1",202
,"Texas","48","Asian","A","35-39 years","35-39","9th through 12th grade with no diploma","2","None checked","1",414
,"Texas","48","Asian","A","35-39 years","35-39","High school graduate or GED completed","3","At least one checked","0",17
,"Texas","48","Asian","A","35-39 years","35-39","High school graduate or GED completed","3","None checked","1",1345
,"Texas","48","Asian","A","35-39 years","35-39","Some college credit, but not a degree","4","At least one checked","0",18
,"Texas","48","Asian","A","35-39 years","35-39","Some college credit, but not a degree","4","None checked","1",1167
,"Texas","48","Asian","A","35-39 years","35-39","Associate degree (AA, AS)","5","At least one checked","0",10
,"Texas","48","Asian","A","35-39 years","35-39","Associate degree (AA, AS)","5","None checked","1",899
,"Texas","48","Asian","A","35-39 years","35-39","Bachelor's degree (BA, AB, BS)","6","At least one checked","0",92
,"Texas","48","Asian","A","35-39 years","35-39","Bachelor's degree (BA, AB, BS)","6","None checked","1",7664
,"Texas","48","Asian","A","35-39 years","35-39","Master's degree (MA, MS, MEng, MEd, MSW, MBA)","7","At least one checked","0",101
,"Texas","48","Asian","A","35-39 years","35-39","Master's degree (MA, MS, MEng, MEd, MSW, MBA)","7","None checked","1",6593
,"Texas","48","Asian","A","35-39 years","35-39","Doctorate (PhD, EdD) or Professional Degree (MD, DDS, DVM, LLB, JD)","8","At least one checked","0",32
,"Texas","48","Asian","A","35-39 years","35-39","Doctorate (PhD, EdD) or Professional Degree (MD, DDS, DVM, LLB, JD)","8","None checked","1",2950
,"Texas","48","Asian","A","35-39 years","35-39","Unknown or Not Stated","Unk","None checked","1",206
,"Texas","48","Asian","A","40-44 years","40-44","8th grade or less","1","None checked","1",65
,"Texas","48","Asian","A","40-44 years","40-44","9th through 12th grade with no diploma","2","None checked","1",106
,"Texas","48","Asian","A","40-44 years","40-44","High school graduate or GED completed","3","None checked","1",345
,"Texas","48","Asian","A","40-44 years","40-44","Some college credit, but not a degree","4","None checked","1",307
,"Texas","48","Asian","A","40-44 years","40-44","Associate degree (AA, AS)","5","None checked","1",220
,"Texas","48","Asian","A","40-44 years","40-44","Bachelor's degree (BA, AB, BS)","6","At least one checked","0",18
,"Texas","48","Asian","A","40-44 years","40-44","Bachelor's degree (BA, AB, BS)","6","None checked","1",1531
,"Texas","48","Asian","A","40-44 years","40-44","Master's degree (MA, MS, MEng, MEd, MSW, MBA)","7","At least one checked","0",12
,"Texas","48","Asian","A","40-44 years","40-44","Master's degree (MA, MS, MEng, MEd, MSW, MBA)","7","None checked","1",1150
,"Texas","48","Asian","A","40-44 years","40-44","Doctorate (PhD, EdD) or Professional Degree (MD, DDS, DVM, LLB, JD)","8","None checked","1",550
,"Texas","48","Asian","A","40-44 years","40-44","Unknown or Not Stated","Unk","None checked","1",62
,"Texas","48","Asian","A","45-49 years","45-49","9th through 12th grade with no diploma","2","None checked","1",12
,"Texas","48","Asian","A","45-49 years","45-49","High school graduate or GED completed","3","None checked","1",30
,"Texas","48","Asian","A","45-49 years","45-49","Some college credit, but not a degree","4","None checked","1",15
,"Texas","48","Asian","A","45-49 years","45-49","Associate degree (AA, AS)","5","None checked","1",23
,"Texas","48","Asian","A","45-49 years","45-49","Bachelor's degree (BA, AB, BS)","6","None checked","1",119
,"Texas","48","Asian","A","45-49 years","45-49","Master's degree (MA, MS, MEng, MEd, MSW, MBA)","7","None checked","1",72
,"Texas","48","Asian","A","45-49 years","45-49","Doctorate (PhD, EdD) or Professional Degree (MD, DDS, DVM, LLB, JD)","8","None checked","1",34
,"Texas","48","Asian","A","50 years and over","50+","Master's degree (MA, MS, MEng, MEd, MSW, MBA)","7","None checked","1",12
,"Texas","48","Black or African American","2054-5","Under 15 years","15-","8th grade or less","1","None checked","1",87
,"Texas","48","Black or African American","2054-5","Under 15 years","15-","9th through 12th grade with no diploma","2","None checked","1",68
,"Texas","48","Black or African American","2054-5","15 - 17 years","15-17","8th grade or less","1","None checked","1",90
,"Texas","48","Black or African American","2054-5","15 - 17 years","15-17","9th through 12th grade with no diploma","2","At least one checked","0",26
,"Texas","48","Black or African American","2054-5","15 - 17 years","15-17","9th through 12th grade with no diploma","2","None checked","1",2005
,"Texas","48","Black or African American","2054-5","15 - 17 years","15-17","High school graduate or GED completed","3","None checked","1",478
,"Texas","48","Black or African American","2054-5","15 - 17 years","15-17","Some college credit, but not a degree","4","None checked","1",13
,"Texas","48","Black or African American","2054-5","15 - 17 years","15-17","Unknown or Not Stated","Unk","None checked","1",21
,"Texas","48","Black or African American","2054-5","18 - 19 years","18-19","8th grade or less","1","None checked","1",67
,"Texas","48","Black or African American","2054-5","18 - 19 years","18-19","9th through 12th grade with no diploma","2","At least one checked","0",19
,"Texas","48","Black or African American","2054-5","18 - 19 years","18-19","9th through 12th grade with no diploma","2","None checked","1",1754
,"Texas","48","Black or African American","2054-5","18 - 19 years","18-19","High school graduate or GED completed","3","At least one checked","0",38
,"Texas","48","Black or African American","2054-5","18 - 19 years","18-19","High school graduate or GED completed","3","None checked","1",4255
,"Texas","48","Black or African American","2054-5","18 - 19 years","18-19","Some college credit, but not a degree","4","None checked","1",784
,"Texas","48","Black or African American","2054-5","18 - 19 years","18-19","Associate degree (AA, AS)","5","None checked","1",60
,"Texas","48","Black or African American","2054-5","18 - 19 years","18-19","Unknown or Not Stated","Unk","None checked","1",74
,"Texas","48","Black or African American","2054-5","20-24 years","20-24","8th grade or less","1","None checked","1",222
,"Texas","48","Black or African American","2054-5","20-24 years","20-24","9th through 12th grade with no diploma","2","At least one checked","0",30
,"Texas","48","Black or African American","2054-5","20-24 years","20-24","9th through 12th grade with no diploma","2","None checked","1",3925
,"Texas","48","Black or African American","2054-5","20-24 years","20-24","High school graduate or GED completed","3","At least one checked","0",135
,"Texas","48","Black or African American","2054-5","20-24 years","20-24","High school graduate or GED completed","3","None checked","1",18734
,"Texas","48","Black or African American","2054-5","20-24 years","20-24","Some college credit, but not a degree","4","At least one checked","0",64
,"Texas","48","Black or African American","2054-5","20-24 years","20-24","Some college credit, but not a degree","4","None checked","1",8420
,"Texas","48","Black or African American","2054-5","20-24 years","20-24","Associate degree (AA, AS)","5","At least one checked","0",16
,"Texas","48","Black or African American","2054-5","20-24 years","20-24","Associate degree (AA, AS)","5","None checked","1",1514
,"Texas","48","Black or African American","2054-5","20-24 years","20-24","Bachelor's degree (BA, AB, BS)","6","At least one checked","0",17
,"Texas","48","Black or African American","2054-5","20-24 years","20-24","Bachelor's degree (BA, AB, BS)","6","None checked","1",1394
,"Texas","48","Black or African American","2054-5","20-24 years","20-24","Master's degree (MA, MS, MEng, MEd, MSW, MBA)","7","None checked","1",121
,"Texas","48","Black or African American","2054-5","20-24 years","20-24","Unknown or Not Stated","Unk","None checked","1",292
,"Texas","48","Black or African American","2054-5","25-29 years","25-29","8th grade or less","1","None checked","1",275
,"Texas","48","Black or African American","2054-5","25-29 years","25-29","9th through 12th grade with no diploma","2","At least one checked","0",22
,"Texas","48","Black or African American","2054-5","25-29 years","25-29","9th through 12th grade with no diploma","2","None checked","1",2938
,"Texas","48","Black or African American","2054-5","25-29 years","25-29","High school graduate or GED completed","3","At least one checked","0",106
,"Texas","48","Black or African American","2054-5","25-29 years","25-29","High school graduate or GED completed","3","None checked","1",15761
,"Texas","48","Black or African American","2054-5","25-29 years","25-29","Some college credit, but not a degree","4","At least one checked","0",65
,"Texas","48","Black or African American","2054-5","25-29 years","25-29","Some college credit, but not a degree","4","None checked","1",12029
,"Texas","48","Black or African American","2054-5","25-29 years","25-29","Associate degree (AA, AS)","5","At least one checked","0",24
,"Texas","48","Black or African American","2054-5","25-29 years","25-29","Associate degree (AA, AS)","5","None checked","1",3601
,"Texas","48","Black or African American","2054-5","25-29 years","25-29","Bachelor's degree (BA, AB, BS)","6","At least one checked","0",64
,"Texas","48","Black or African American","2054-5","25-29 years","25-29","Bachelor's degree (BA, AB, BS)","6","None checked","1",7175
,"Texas","48","Black or African American","2054-5","25-29 years","25-29","Master's degree (MA, MS, MEng, MEd, MSW, MBA)","7","At least one checked","0",15
,"Texas","48","Black or African American","2054-5","25-29 years","25-29","Master's degree (MA, MS, MEng, MEd, MSW, MBA)","7","None checked","1",2175
,"Texas","48","Black or African American","2054-5","25-29 years","25-29","Doctorate (PhD, EdD) or Professional Degree (MD, DDS, DVM, LLB, JD)","8","None checked","1",351
,"Texas","48","Black or African American","2054-5","25-29 years","25-29","Unknown or Not Stated","Unk","None checked","1",433
,"Texas","48","Black or African American","2054-5","30-34 years","30-34","8th grade or less","1","None checked","1",364
,"Texas","48","Black or African American","2054-5","30-34 years","30-34","9th through 12th grade with no diploma","2","At least one checked","0",27
,"Texas","48","Black or African American","2054-5","30-34 years","30-34","9th through 12th grade with no diploma","2","None checked","1",2242
,"Texas","48","Black or African American","2054-5","30-34 years","30-34","High school graduate or GED completed","3","At least one checked","0",97
,"Texas","48","Black or African American","2054-5","30-34 years","30-34","High school graduate or GED completed","3","None checked","1",10804
,"Texas","48","Black or African American","2054-5","30-34 years","30-34","Some college credit, but not a degree","4","At least one checked","0",76
,"Texas","48","Black or African American","2054-5","30-34 years","30-34","Some college credit, but not a degree","4","None checked","1",10780
,"Texas","48","Black or African American","2054-5","30-34 years","30-34","Associate degree (AA, AS)","5","At least one checked","0",23
,"Texas","48","Black or African American","2054-5","30-34 years","30-34","Associate degree (AA, AS)","5","None checked","1",4064
,"Texas","48","Black or African American","2054-5","30-34 years","30-34","Bachelor's degree (BA, AB, BS)","6","At least one checked","0",74
,"Texas","48","Black or African American","2054-5","30-34 years","30-34","Bachelor's degree (BA, AB, BS)","6","None checked","1",9498
,"Texas","48","Black or African American","2054-5","30-34 years","30-34","Master's degree (MA, MS, MEng, MEd, MSW, MBA)","7","At least one checked","0",44
,"Texas","48","Black or African American","2054-5","30-34 years","30-34","Master's degree (MA, MS, MEng, MEd, MSW, MBA)","7","None checked","1",4969
,"Texas","48","Black or African American","2054-5","30-34 years","30-34","Doctorate (PhD, EdD) or Professional Degree (MD, DDS, DVM, LLB, JD)","8","At least one checked","0",15
,"Texas","48","Black or African American","2054-5","30-34 years","30-34","Doctorate (PhD, EdD) or Professional Degree (MD, DDS, DVM, LLB, JD)","8","None checked","1",1181
,"Texas","48","Black or African American","2054-5","30-34 years","30-34","Unknown or Not Stated","Unk","None checked","1",538
,"Texas","48","Black or African American","2054-5","35-39 years","35-39","8th grade or less","1","None checked","1",229
,"Texas","48","Black or African American","2054-5","35-39 years","35-39","9th through 12th grade with no diploma","2","At least one checked","0",12
,"Texas","48","Black or African American","2054-5","35-39 years","35-39","9th through 12th grade with no diploma","2","None checked","1",1285
,"Texas","48","Black or African American","2054-5","35-39 years","35-39","High school graduate or GED completed","3","At least one checked","0",55
,"Texas","48","Black or African American","2054-5","35-39 years","35-39","High school graduate or GED completed","3","None checked","1",4762
,"Texas","48","Black or African American","2054-5","35-39 years","35-39","Some college credit, but not a degree","4","At least one checked","0",55
,"Texas","48","Black or African American","2054-5","35-39 years","35-39","Some college credit, but not a degree","4","None checked","1",5453
,"Texas","48","Black or African American","2054-5","35-39 years","35-39","Associate degree (AA, AS)","5","At least one checked","0",25
,"Texas","48","Black or African American","2054-5","35-39 years","35-39","Associate degree (AA, AS)","5","None checked","1",2507
,"Texas","48","Black or African American","2054-5","35-39 years","35-39","Bachelor's degree (BA, AB, BS)","6","At least one checked","0",47
,"Texas","48","Black or African American","2054-5","35-39 years","35-39","Bachelor's degree (BA, AB, BS)","6","None checked","1",6030
,"Texas","48","Black or African American","2054-5","35-39 years","35-39","Master's degree (MA, MS, MEng, MEd, MSW, MBA)","7","At least one checked","0",41
,"Texas","48","Black or African American","2054-5","35-39 years","35-39","Master's degree (MA, MS, MEng, MEd, MSW, MBA)","7","None checked","1",4182
,"Texas","48","Black or African American","2054-5","35-39 years","35-39","Doctorate (PhD, EdD) or Professional Degree (MD, DDS, DVM, LLB, JD)","8","At least one checked","0",12
,"Texas","48","Black or African American","2054-5","35-39 years","35-39","Doctorate (PhD, EdD) or Professional Degree (MD, DDS, DVM, LLB, JD)","8","None checked","1",1154
,"Texas","48","Black or African American","2054-5","35-39 years","35-39","Unknown or Not Stated","Unk","None checked","1",353
,"Texas","48","Black or African American","2054-5","40-44 years","40-44","8th grade or less","1","None checked","1",122
,"Texas","48","Black or African American","2054-5","40-44 years","40-44","9th through 12th grade with no diploma","2","None checked","1",309
,"Texas","48","Black or African American","2054-5","40-44 years","40-44","High school graduate or GED completed","3","At least one checked","0",12
,"Texas","48","Black or African American","2054-5","40-44 years","40-44","High school graduate or GED completed","3","None checked","1",1098
,"Texas","48","Black or African American","2054-5","40-44 years","40-44","Some college credit, but not a degree","4","At least one checked","0",16
,"Texas","48","Black or African American","2054-5","40-44 years","40-44","Some college credit, but not a degree","4","None checked","1",1216
,"Texas","48","Black or African American","2054-5","40-44 years","40-44","Associate degree (AA, AS)","5","None checked","1",647
,"Texas","48","Black or African American","2054-5","40-44 years","40-44","Bachelor's degree (BA, AB, BS)","6","At least one checked","0",19
,"Texas","48","Black or African American","2054-5","40-44 years","40-44","Bachelor's degree (BA, AB, BS)","6","None checked","1",1544
,"Texas","48","Black or African American","2054-5","40-44 years","40-44","Master's degree (MA, MS, MEng, MEd, MSW, MBA)","7","At least one checked","0",18
,"Texas","48","Black or African American","2054-5","40-44 years","40-44","Master's degree (MA, MS, MEng, MEd, MSW, MBA)","7","None checked","1",1334
,"Texas","48","Black or African American","2054-5","40-44 years","40-44","Doctorate (PhD, EdD) or Professional Degree (MD, DDS, DVM, LLB, JD)","8","At least one checked","0",13
,"Texas","48","Black or African American","2054-5","40-44 years","40-44","Doctorate (PhD, EdD) or Professional Degree (MD, DDS, DVM, LLB, JD)","8","None checked","1",343
,"Texas","48","Black or African American","2054-5","40-44 years","40-44","Unknown or Not Stated","Unk","None checked","1",90
,"Texas","48","Black or African American","2054-5","45-49 years","45-49","8th grade or less","1","None checked","1",12
,"Texas","48","Black or African American","2054-5","45-49 years","45-49","9th through 12th grade with no diploma","2","None checked","1",30
,"Texas","48","Black or African American","2054-5","45-49 years","45-49","High school graduate or GED completed","3","None checked","1",73
,"Texas","48","Black or African American","2054-5","45-49 years","45-49","Some college credit, but not a degree","4","None checked","1",70
,"Texas","48","Black or African American","2054-5","45-49 years","45-49","Associate degree (AA, AS)","5","None checked","1",47
,"Texas","48","Black or African American","2054-5","45-49 years","45-49","Bachelor's degree (BA, AB, BS)","6","None checked","1",149
,"Texas","48","Black or African American","2054-5","45-49 years","45-49","Master's degree (MA, MS, MEng, MEd, MSW, MBA)","7","None checked","1",130
,"Texas","48","Black or African American","2054-5","45-49 years","45-49","Doctorate (PhD, EdD) or Professional Degree (MD, DDS, DVM, LLB, JD)","8","None checked","1",40
,"Texas","48","Black or African American","2054-5","50 years and over","50+","High school graduate or GED completed","3","None checked","1",16
,"Texas","48","Black or African American","2054-5","50 years and over","50+","Bachelor's degree (BA, AB, BS)","6","None checked","1",23
,"Texas","48","Black or African American","2054-5","50 years and over","50+","Master's degree (MA, MS, MEng, MEd, MSW, MBA)","7","None checked","1",32
,"Texas","48","Black or African American","2054-5","50 years and over","50+","Doctorate (PhD, EdD) or Professional Degree (MD, DDS, DVM, LLB, JD)","8","None checked","1",14
,"Texas","48","Native Hawaiian or Other Pacific Islander","NHOPI","15 - 17 years","15-17","8th grade or less","1","None checked","1",13
,"Texas","48","Native Hawaiian or Other Pacific Islander","NHOPI","15 - 17 years","15-17","9th through 12th grade with no diploma","2","None checked","1",13
,"Texas","48","Native Hawaiian or Other Pacific Islander","NHOPI","18 - 19 years","18-19","8th grade or less","1","None checked","1",16
,"Texas","48","Native Hawaiian or Other Pacific Islander","NHOPI","18 - 19 years","18-19","9th through 12th grade with no diploma","2","None checked","1",20
,"Texas","48","Native Hawaiian or Other Pacific Islander","NHOPI","18 - 19 years","18-19","High school graduate or GED completed","3","None checked","1",55
,"Texas","48","Native Hawaiian or Other Pacific Islander","NHOPI","20-24 years","20-24","8th grade or less","1","None checked","1",38
,"Texas","48","Native Hawaiian or Other Pacific Islander","NHOPI","20-24 years","20-24","9th through 12th grade with no diploma","2","None checked","1",62
,"Texas","48","Native Hawaiian or Other Pacific Islander","NHOPI","20-24 years","20-24","High school graduate or GED completed","3","None checked","1",344
,"Texas","48","Native Hawaiian or Other Pacific Islander","NHOPI","20-24 years","20-24","Some college credit, but not a degree","4","None checked","1",103
,"Texas","48","Native Hawaiian or Other Pacific Islander","NHOPI","20-24 years","20-24","Associate degree (AA, AS)","5","None checked","1",31
,"Texas","48","Native Hawaiian or Other Pacific Islander","NHOPI","20-24 years","20-24","Bachelor's degree (BA, AB, BS)","6","None checked","1",19
,"Texas","48","Native Hawaiian or Other Pacific Islander","NHOPI","25-29 years","25-29","8th grade or less","1","None checked","1",38
,"Texas","48","Native Hawaiian or Other Pacific Islander","NHOPI","25-29 years","25-29","9th through 12th grade with no diploma","2","None checked","1",70
,"Texas","48","Native Hawaiian or Other Pacific Islander","NHOPI","25-29 years","25-29","High school graduate or GED completed","3","None checked","1",368
,"Texas","48","Native Hawaiian or Other Pacific Islander","NHOPI","25-29 years","25-29","Some college credit, but not a degree","4","None checked","1",190
,"Texas","48","Native Hawaiian or Other Pacific Islander","NHOPI","25-29 years","25-29","Associate degree (AA, AS)","5","None checked","1",62
,"Texas","48","Native Hawaiian or Other Pacific Islander","NHOPI","25-29 years","25-29","Bachelor's degree (BA, AB, BS)","6","None checked","1",105
,"Texas","48","Native Hawaiian or Other Pacific Islander","NHOPI","25-29 years","25-29","Master's degree (MA, MS, MEng, MEd, MSW, MBA)","7","None checked","1",12
,"Texas","48","Native Hawaiian or Other Pacific Islander","NHOPI","30-34 years","30-34","8th grade or less","1","None checked","1",17
,"Texas","48","Native Hawaiian or Other Pacific Islander","NHOPI","30-34 years","30-34","9th through 12th grade with no diploma","2","None checked","1",37
,"Texas","48","Native Hawaiian or Other Pacific Islander","NHOPI","30-34 years","30-34","High school graduate or GED completed","3","None checked","1",240
,"Texas","48","Native Hawaiian or Other Pacific Islander","NHOPI","30-34 years","30-34","Some college credit, but not a degree","4","None checked","1",158
,"Texas","48","Native Hawaiian or Other Pacific Islander","NHOPI","30-34 years","30-34","Associate degree (AA, AS)","5","None checked","1",69
,"Texas","48","Native Hawaiian or Other Pacific Islander","NHOPI","30-34 years","30-34","Bachelor's degree (BA, AB, BS)","6","None checked","1",105
,"Texas","48","Native Hawaiian or Other Pacific Islander","NHOPI","30-34 years","30-34","Master's degree (MA, MS, MEng, MEd, MSW, MBA)","7","None checked","1",36
,"Texas","48","Native Hawaiian or Other Pacific Islander","NHOPI","35-39 years","35-39","8th grade or less","1","None checked","1",20
,"Texas","48","Native Hawaiian or Other Pacific Islander","NHOPI","35-39 years","35-39","9th through 12th grade with no diploma","2","None checked","1",23
,"Texas","48","Native Hawaiian or Other Pacific Islander","NHOPI","35-39 years","35-39","High school graduate or GED completed","3","None checked","1",125
,"Texas","48","Native Hawaiian or Other Pacific Islander","NHOPI","35-39 years","35-39","Some college credit, but not a degree","4","None checked","1",95
,"Texas","48","Native Hawaiian or Other Pacific Islander","NHOPI","35-39 years","35-39","Associate degree (AA, AS)","5","None checked","1",38
,"Texas","48","Native Hawaiian or Other Pacific Islander","NHOPI","35-39 years","35-39","Bachelor's degree (BA, AB, BS)","6","None checked","1",85
,"Texas","48","Native Hawaiian or Other Pacific Islander","NHOPI","35-39 years","35-39","Master's degree (MA, MS, MEng, MEd, MSW, MBA)","7","None checked","1",30
,"Texas","48","Native Hawaiian or Other Pacific Islander","NHOPI","40-44 years","40-44","High school graduate or GED completed","3","None checked","1",17
,"Texas","48","Native Hawaiian or Other Pacific Islander","NHOPI","40-44 years","40-44","Some college credit, but not a degree","4","None checked","1",27
,"Texas","48","Native Hawaiian or Other Pacific Islander","NHOPI","40-44 years","40-44","Bachelor's degree (BA, AB, BS)","6","None checked","1",18
,"Texas","48","White","2106-3","Under 15 years","15-","8th grade or less","1","None checked","1",330
,"Texas","48","White","2106-3","Under 15 years","15-","9th through 12th grade with no diploma","2","None checked","1",259
,"Texas","48","White","2106-3","Under 15 years","15-","Unknown or Not Stated","Unk","None checked","1",16
,"Texas","48","White","2106-3","15 - 17 years","15-17","8th grade or less","1","At least one checked","0",21
,"Texas","48","White","2106-3","15 - 17 years","15-17","8th grade or less","1","None checked","1",1356
,"Texas","48","White","2106-3","15 - 17 years","15-17","9th through 12th grade with no diploma","2","At least one checked","0",126
,"Texas","48","White","2106-3","15 - 17 years","15-17","9th through 12th grade with no diploma","2","None checked","1",9844
,"Texas","48","White","2106-3","15 - 17 years","15-17","High school graduate or GED completed","3","At least one checked","0",25
,"Texas","48","White","2106-3","15 - 17 years","15-17","High school graduate or GED completed","3","None checked","1",2709
,"Texas","48","White","2106-3","15 - 17 years","15-17","Some college credit, but not a degree","4","None checked","1",87
,"Texas","48","White","2106-3","15 - 17 years","15-17","Unknown or Not Stated","Unk","None checked","1",179
,"Texas","48","White","2106-3","18 - 19 years","18-19","8th grade or less","1","At least one checked","0",36
,"Texas","48","White","2106-3","18 - 19 years","18-19","8th grade or less","1","None checked","1",2133
,"Texas","48","White","2106-3","18 - 19 years","18-19","9th through 12th grade with no diploma","2","At least one checked","0",127
,"Texas","48","White","2106-3","18 - 19 years","18-19","9th through 12th grade with no diploma","2","None checked","1",11973
,"Texas","48","White","2106-3","18 - 19 years","18-19","High school graduate or GED completed","3","At least one checked","0",237
,"Texas","48","White","2106-3","18 - 19 years","18-19","High school graduate or GED completed","3","None checked","1",21792
,"Texas","48","White","2106-3","18 - 19 years","18-19","Some college credit, but not a degree","4","At least one checked","0",35
,"Texas","48","White","2106-3","18 - 19 years","18-19","Some college credit, but not a degree","4","None checked","1",3746
,"Texas","48","White","2106-3","18 - 19 years","18-19","Associate degree (AA, AS)","5","None checked","1",439
,"Texas","48","White","2106-3","18 - 19 years","18-19","Unknown or Not Stated","Unk","None checked","1",336
,"Texas","48","White","2106-3","20-24 years","20-24","8th grade or less","1","At least one checked","0",87
,"Texas","48","White","2106-3","20-24 years","20-24","8th grade or less","1","None checked","1",7923
,"Texas","48","White","2106-3","20-24 years","20-24","9th through 12th grade with no diploma","2","At least one checked","0",254
,"Texas","48","White","2106-3","20-24 years","20-24","9th through 12th grade with no diploma","2","None checked","1",30720
,"Texas","48","White","2106-3","20-24 years","20-24","High school graduate or GED completed","3","At least one checked","0",962
,"Texas","48","White","2106-3","20-24 years","20-24","High school graduate or GED completed","3","None checked","1",107895
,"Texas","48","White","2106-3","20-24 years","20-24","Some college credit, but not a degree","4","At least one checked","0",388
,"Texas","48","White","2106-3","20-24 years","20-24","Some college credit, but not a degree","4","None checked","1",42959
,"Texas","48","White","2106-3","20-24 years","20-24","Associate degree (AA, AS)","5","At least one checked","0",129
,"Texas","48","White","2106-3","20-24 years","20-24","Associate degree (AA, AS)","5","None checked","1",11613
,"Texas","48","White","2106-3","20-24 years","20-24","Bachelor's degree (BA, AB, BS)","6","At least one checked","0",149
,"Texas","48","White","2106-3","20-24 years","20-24","Bachelor's degree (BA, AB, BS)","6","None checked","1",13109
,"Texas","48","White","2106-3","20-24 years","20-24","Master's degree (MA, MS, MEng, MEd, MSW, MBA)","7","At least one checked","0",13
,"Texas","48","White","2106-3","20-24 years","20-24","Master's degree (MA, MS, MEng, MEd, MSW, MBA)","7","None checked","1",824
,"Texas","48","White","2106-3","20-24 years","20-24","Doctorate (PhD, EdD) or Professional Degree (MD, DDS, DVM, LLB, JD)","8","None checked","1",87
,"Texas","48","White","2106-3","20-24 years","20-24","Unknown or Not Stated","Unk","At least one checked","0",14
,"Texas","48","White","2106-3","20-24 years","20-24","Unknown or Not Stated","Unk","None checked","1",1487
,"Texas","48","White","2106-3","25-29 years","25-29","8th grade or less","1","At least one checked","0",92
,"Texas","48","White","2106-3","25-29 years","25-29","8th grade or less","1","None checked","1",8818
,"Texas","48","White","2106-3","25-29 years","25-29","9th through 12th grade with no diploma","2","At least one checked","0",209
,"Texas","48","White","2106-3","25-29 years","25-29","9th through 12th grade with no diploma","2","None checked","1",26481
,"Texas","48","White","2106-3","25-29 years","25-29","High school graduate or GED completed","3","At least one checked","0",686
,"Texas","48","White","2106-3","25-29 years","25-29","High school graduate or GED completed","3","None checked","1",98611
,"Texas","48","White","2106-3","25-29 years","25-29","Some college credit, but not a degree","4","At least one checked","0",456
,"Texas","48","White","2106-3","25-29 years","25-29","Some college credit, but not a degree","4","None checked","1",63968
,"Texas","48","White","2106-3","25-29 years","25-29","Associate degree (AA, AS)","5","At least one checked","0",178
,"Texas","48","White","2106-3","25-29 years","25-29","Associate degree (AA, AS)","5","None checked","1",26916
,"Texas","48","White","2106-3","25-29 years","25-29","Bachelor's degree (BA, AB, BS)","6","At least one checked","0",668
,"Texas","48","White","2106-3","25-29 years","25-29","Bachelor's degree (BA, AB, BS)","6","None checked","1",66922
,"Texas","48","White","2106-3","25-29 years","25-29","Master's degree (MA, MS, MEng, MEd, MSW, MBA)","7","At least one checked","0",198
,"Texas","48","White","2106-3","25-29 years","25-29","Master's degree (MA, MS, MEng, MEd, MSW, MBA)","7","None checked","1",15330
,"Texas","48","White","2106-3","25-29 years","25-29","Doctorate (PhD, EdD) or Professional Degree (MD, DDS, DVM, LLB, JD)","8","At least one checked","0",30
,"Texas","48","White","2106-3","25-29 years","25-29","Doctorate (PhD, EdD) or Professional Degree (MD, DDS, DVM, LLB, JD)","8","None checked","1",3080
,"Texas","48","White","2106-3","25-29 years","25-29","Unknown or Not Stated","Unk","At least one checked","0",24
,"Texas","48","White","2106-3","25-29 years","25-29","Unknown or Not Stated","Unk","None checked","1",2259
,"Texas","48","White","2106-3","25-29 years","25-29","Unknown or Not Stated","Unk","Unknown or Not Stated","9",12
,"Texas","48","White","2106-3","30-34 years","30-34","8th grade or less","1","At least one checked","0",69
,"Texas","48","White","2106-3","30-34 years","30-34","8th grade or less","1","None checked","1",7813
,"Texas","48","White","2106-3","30-34 years","30-34","9th through 12th grade with no diploma","2","At least one checked","0",158
,"Texas","48","White","2106-3","30-34 years","30-34","9th through 12th grade with no diploma","2","None checked","1",19881
,"Texas","48","White","2106-3","30-34 years","30-34","High school graduate or GED completed","3","At least one checked","0",463
,"Texas","48","White","2106-3","30-34 years","30-34","High school graduate or GED completed","3","None checked","1",60956
,"Texas","48","White","2106-3","30-34 years","30-34","Some college credit, but not a degree","4","At least one checked","0",346
,"Texas","48","White","2106-3","30-34 years","30-34","Some college credit, but not a degree","4","None checked","1",50102
,"Texas","48","White","2106-3","30-34 years","30-34","Associate degree (AA, AS)","5","At least one checked","0",162
,"Texas","48","White","2106-3","30-34 years","30-34","Associate degree (AA, AS)","5","None checked","1",23252
,"Texas","48","White","2106-3","30-34 years","30-34","Bachelor's degree (BA, AB, BS)","6","At least one checked","0",696
,"Texas","48","White","2106-3","30-34 years","30-34","Bachelor's degree (BA, AB, BS)","6","None checked","1",84837
,"Texas","48","White","2106-3","30-34 years","30-34","Master's degree (MA, MS, MEng, MEd, MSW, MBA)","7","At least one checked","0",282
,"Texas","48","White","2106-3","30-34 years","30-34","Master's degree (MA, MS, MEng, MEd, MSW, MBA)","7","None checked","1",31793
,"Texas","48","White","2106-3","30-34 years","30-34","Doctorate (PhD, EdD) or Professional Degree (MD, DDS, DVM, LLB, JD)","8","At least one checked","0",87
,"Texas","48","White","2106-3","30-34 years","30-34","Doctorate (PhD, EdD) or Professional Degree (MD, DDS, DVM, LLB, JD)","8","None checked","1",8872
,"Texas","48","White","2106-3","30-34 years","30-34","Unknown or Not Stated","Unk","At least one checked","0",27
,"Texas","48","White","2106-3","30-34 years","30-34","Unknown or Not Stated","Unk","None checked","1",2441
,"Texas","48","White","2106-3","35-39 years","35-39","8th grade or less","1","At least one checked","0",66
,"Texas","48","White","2106-3","35-39 years","35-39","8th grade or less","1","None checked","1",5590
,"Texas","48","White","2106-3","35-39 years","35-39","9th through 12th grade with no diploma","2","At least one checked","0",96
,"Texas","48","White","2106-3","35-39 years","35-39","9th through 12th grade with no diploma","2","None checked","1",11653
,"Texas","48","White","2106-3","35-39 years","35-39","High school graduate or GED completed","3","At least one checked","0",216
,"Texas","48","White","2106-3","35-39 years","35-39","High school graduate or GED completed","3","None checked","1",26810
,"Texas","48","White","2106-3","35-39 years","35-39","Some college credit, but not a degree","4","At least one checked","0",178
,"Texas","48","White","2106-3","35-39 years","35-39","Some college credit, but not a degree","4","None checked","1",22327
,"Texas","48","White","2106-3","35-39 years","35-39","Associate degree (AA, AS)","5","At least one checked","0",77
,"Texas","48","White","2106-3","35-39 years","35-39","Associate degree (AA, AS)","5","None checked","1",10761
,"Texas","48","White","2106-3","35-39 years","35-39","Bachelor's degree (BA, AB, BS)","6","At least one checked","0",370
,"Texas","48","White","2106-3","35-39 years","35-39","Bachelor's degree (BA, AB, BS)","6","None checked","1",41491
,"Texas","48","White","2106-3","35-39 years","35-39","Master's degree (MA, MS, MEng, MEd, MSW, MBA)","7","At least one checked","0",168
,"Texas","48","White","2106-3","35-39 years","35-39","Master's degree (MA, MS, MEng, MEd, MSW, MBA)","7","None checked","1",19896
,"Texas","48","White","2106-3","35-39 years","35-39","Doctorate (PhD, EdD) or Professional Degree (MD, DDS, DVM, LLB, JD)","8","At least one checked","0",55
,"Texas","48","White","2106-3","35-39 years","35-39","Doctorate (PhD, EdD) or Professional Degree (MD, DDS, DVM, LLB, JD)","8","None checked","1",6682
,"Texas","48","White","2106-3","35-39 years","35-39","Unknown or Not Stated","Unk","At least one checked","0",16
,"Texas","48","White","2106-3","35-39 years","35-39","Unknown or Not Stated","Unk","None checked","1",1517
,"Texas","48","White","2106-3","40-44 years","40-44","8th grade or less","1","At least one checked","0",21
,"Texas","48","White","2106-3","40-44 years","40-44","8th grade or less","1","None checked","1",2135
,"Texas","48","White","2106-3","40-44 years","40-44","9th through 12th grade with no diploma","2","At least one checked","0",31
,"Texas","48","White","2106-3","40-44 years","40-44","9th through 12th grade with no diploma","2","None checked","1",3223
,"Texas","48","White","2106-3","40-44 years","40-44","High school graduate or GED completed","3","At least one checked","0",51
,"Texas","48","White","2106-3","40-44 years","40-44","High school graduate or GED completed","3","None checked","1",6127
,"Texas","48","White","2106-3","40-44 years","40-44","Some college credit, but not a degree","4","At least one checked","0",38
,"Texas","48","White","2106-3","40-44 years","40-44","Some college credit, but not a degree","4","None checked","1",4639
,"Texas","48","White","2106-3","40-44 years","40-44","Associate degree (AA, AS)","5","At least one checked","0",24
,"Texas","48","White","2106-3","40-44 years","40-44","Associate degree (AA, AS)","5","None checked","1",2286
,"Texas","48","White","2106-3","40-44 years","40-44","Bachelor's degree (BA, AB, BS)","6","At least one checked","0",59
,"Texas","48","White","2106-3","40-44 years","40-44","Bachelor's degree (BA, AB, BS)","6","None checked","1",7826
,"Texas","48","White","2106-3","40-44 years","40-44","Master's degree (MA, MS, MEng, MEd, MSW, MBA)","7","At least one checked","0",25
,"Texas","48","White","2106-3","40-44 years","40-44","Master's degree (MA, MS, MEng, MEd, MSW, MBA)","7","None checked","1",4224
,"Texas","48","White","2106-3","40-44 years","40-44","Doctorate (PhD, EdD) or Professional Degree (MD, DDS, DVM, LLB, JD)","8","At least one checked","0",16
,"Texas","48","White","2106-3","40-44 years","40-44","Doctorate (PhD, EdD) or Professional Degree (MD, DDS, DVM, LLB, JD)","8","None checked","1",1509
,"Texas","48","White","2106-3","40-44 years","40-44","Unknown or Not Stated","Unk","None checked","1",418
,"Texas","48","White","2106-3","45-49 years","45-49","8th grade or less","1","None checked","1",144
,"Texas","48","White","2106-3","45-49 years","45-49","9th through 12th grade with no diploma","2","None checked","1",172
,"Texas","48","White","2106-3","45-49 years","45-49","High school graduate or GED completed","3","None checked","1",301
,"Texas","48","White","2106-3","45-49 years","45-49","Some college credit, but not a degree","4","None checked","1",228
,"Texas","48","White","2106-3","45-49 years","45-49","Associate degree (AA, AS)","5","None checked","1",103
,"Texas","48","White","2106-3","45-49 years","45-49","Bachelor's degree (BA, AB, BS)","6","None checked","1",471
,"Texas","48","White","2106-3","45-49 years","45-49","Master's degree (MA, MS, MEng, MEd, MSW, MBA)","7","None checked","1",296
,"Texas","48","White","2106-3","45-49 years","45-49","Doctorate (PhD, EdD) or Professional Degree (MD, DDS, DVM, LLB, JD)","8","None checked","1",121
,"Texas","48","White","2106-3","45-49 years","45-49","Unknown or Not Stated","Unk","None checked","1",32
,"Texas","48","White","2106-3","50 years and over","50+","High school graduate or GED completed","3","None checked","1",17
,"Texas","48","White","2106-3","50 years and over","50+","Some college credit, but not a degree","4","None checked","1",13
,"Texas","48","White","2106-3","50 years and over","50+","Bachelor's degree (BA, AB, BS)","6","None checked","1",45
,"Texas","48","White","2106-3","50 years and over","50+","Master's degree (MA, MS, MEng, MEd, MSW, MBA)","7","None checked","1",37
,"Texas","48","White","2106-3","50 years and over","50+","Doctorate (PhD, EdD) or Professional Degree (MD, DDS, DVM, LLB, JD)","8","None checked","1",17
,"Texas","48","More than one race","M","Under 15 years","15-","8th grade or less","1","None checked","1",14
,"Texas","48","More than one race","M","Under 15 years","15-","9th through 12th grade with no diploma","2","None checked","1",10
,"Texas","48","More than one race","M","15 - 17 years","15-17","9th through 12th grade with no diploma","2","None checked","1",277
,"Texas","48","More than one race","M","15 - 17 years","15-17","High school graduate or GED completed","3","None checked","1",69
,"Texas","48","More than one race","M","18 - 19 years","18-19","8th grade or less","1","None checked","1",21
,"Texas","48","More than one race","M","18 - 19 years","18-19","9th through 12th grade with no diploma","2","None checked","1",262
,"Texas","48","More than one race","M","18 - 19 years","18-19","High school graduate or GED completed","3","None checked","1",597
,"Texas","48","More than one race","M","18 - 19 years","18-19","Some college credit, but not a degree","4","None checked","1",161
,"Texas","48","More than one race","M","18 - 19 years","18-19","Associate degree (AA, AS)","5","None checked","1",10
,"Texas","48","More than one race","M","20-24 years","20-24","8th grade or less","1","None checked","1",110
,"Texas","48","More than one race","M","20-24 years","20-24","9th through 12th grade with no diploma","2","None checked","1",493
,"Texas","48","More than one race","M","20-24 years","20-24","High school graduate or GED completed","3","At least one checked","0",19
,"Texas","48","More than one race","M","20-24 years","20-24","High school graduate or GED completed","3","None checked","1",2345
,"Texas","48","More than one race","M","20-24 years","20-24","Some college credit, but not a degree","4","None checked","1",1568
,"Texas","48","More than one race","M","20-24 years","20-24","Associate degree (AA, AS)","5","None checked","1",346
,"Texas","48","More than one race","M","20-24 years","20-24","Bachelor's degree (BA, AB, BS)","6","None checked","1",340
,"Texas","48","More than one race","M","20-24 years","20-24","Master's degree (MA, MS, MEng, MEd, MSW, MBA)","7","None checked","1",29
,"Texas","48","More than one race","M","20-24 years","20-24","Unknown or Not Stated","Unk","None checked","1",32
,"Texas","48","More than one race","M","25-29 years","25-29","8th grade or less","1","None checked","1",193
,"Texas","48","More than one race","M","25-29 years","25-29","9th through 12th grade with no diploma","2","None checked","1",341
,"Texas","48","More than one race","M","25-29 years","25-29","High school graduate or GED completed","3","At least one checked","0",12
,"Texas","48","More than one race","M","25-29 years","25-29","High school graduate or GED completed","3","None checked","1",1833
,"Texas","48","More than one race","M","25-29 years","25-29","Some college credit, but not a degree","4","At least one checked","0",15
,"Texas","48","More than one race","M","25-29 years","25-29","Some college credit, but not a degree","4","None checked","1",1984
,"Texas","48","More than one race","M","25-29 years","25-29","Associate degree (AA, AS)","5","None checked","1",703
,"Texas","48","More than one race","M","25-29 years","25-29","Bachelor's degree (BA, AB, BS)","6","At least one checked","0",19
,"Texas","48","More than one race","M","25-29 years","25-29","Bachelor's degree (BA, AB, BS)","6","None checked","1",1649
,"Texas","48","More than one race","M","25-29 years","25-29","Master's degree (MA, MS, MEng, MEd, MSW, MBA)","7","None checked","1",412
,"Texas","48","More than one race","M","25-29 years","25-29","Doctorate (PhD, EdD) or Professional Degree (MD, DDS, DVM, LLB, JD)","8","None checked","1",73
,"Texas","48","More than one race","M","25-29 years","25-29","Unknown or Not Stated","Unk","None checked","1",56
,"Texas","48","More than one race","M","30-34 years","30-34","8th grade or less","1","None checked","1",196
,"Texas","48","More than one race","M","30-34 years","30-34","9th through 12th grade with no diploma","2","None checked","1",207
,"Texas","48","More than one race","M","30-34 years","30-34","High school graduate or GED completed","3","None checked","1",868
,"Texas","48","More than one race","M","30-34 years","30-34","Some college credit, but not a degree","4","At least one checked","0",16
,"Texas","48","More than one race","M","30-34 years","30-34","Some college credit, but not a degree","4","None checked","1",1337
,"Texas","48","More than one race","M","30-34 years","30-34","Associate degree (AA, AS)","5","None checked","1",571
,"Texas","48","More than one race","M","30-34 years","30-34","Bachelor's degree (BA, AB, BS)","6","At least one checked","0",11
,"Texas","48","More than one race","M","30-34 years","30-34","Bachelor's degree (BA, AB, BS)","6","None checked","1",1835
,"Texas","48","More than one race","M","30-34 years","30-34","Master's degree (MA, MS, MEng, MEd, MSW, MBA)","7","None checked","1",775
,"Texas","48","More than one race","M","30-34 years","30-34","Doctorate (PhD, EdD) or Professional Degree (MD, DDS, DVM, LLB, JD)","8","None checked","1",246
,"Texas","48","More than one race","M","30-34 years","30-34","Unknown or Not Stated","Unk","None checked","1",75
,"Texas","48","More than one race","M","35-39 years","35-39","8th grade or less","1","None checked","1",108
,"Texas","48","More than one race","M","35-39 years","35-39","9th through 12th grade with no diploma","2","None checked","1",70
,"Texas","48","More than one race","M","35-39 years","35-39","High school graduate or GED completed","3","None checked","1",330
,"Texas","48","More than one race","M","35-39 years","35-39","Some college credit, but not a degree","4","None checked","1",567
,"Texas","48","More than one race","M","35-39 years","35-39","Associate degree (AA, AS)","5","None checked","1",266
,"Texas","48","More than one race","M","35-39 years","35-39","Bachelor's degree (BA, AB, BS)","6","At least one checked","0",12
,"Texas","48","More than one race","M","35-39 years","35-39","Bachelor's degree (BA, AB, BS)","6","None checked","1",911
,"Texas","48","More than one race","M","35-39 years","35-39","Master's degree (MA, MS, MEng, MEd, MSW, MBA)","7","None checked","1",500
,"Texas","48","More than one race","M","35-39 years","35-39","Doctorate (PhD, EdD) or Professional Degree (MD, DDS, DVM, LLB, JD)","8","None checked","1",209
,"Texas","48","More than one race","M","35-39 years","35-39","Unknown or Not Stated","Unk","None checked","1",50
,"Texas","48","More than one race","M","40-44 years","40-44","8th grade or less","1","None checked","1",28
,"Texas","48","More than one race","M","40-44 years","40-44","9th through 12th grade with no diploma","2","None checked","1",14
,"Texas","48","More than one race","M","40-44 years","40-44","High school graduate or GED completed","3","None checked","1",62
,"Texas","48","More than one race","M","40-44 years","40-44","Some college credit, but not a degree","4","None checked","1",101
,"Texas","48","More than one race","M","40-44 years","40-44","Associate degree (AA, AS)","5","None checked","1",55
,"Texas","48","More than one race","M","40-44 years","40-44","Bachelor's degree (BA, AB, BS)","6","None checked","1",187
,"Texas","48","More than one race","M","40-44 years","40-44","Master's degree (MA, MS, MEng, MEd, MSW, MBA)","7","None checked","1",122
,"Texas","48","More than one race","M","40-44 years","40-44","Doctorate (PhD, EdD) or Professional Degree (MD, DDS, DVM, LLB, JD)","8","None checked","1",51
,"Texas","48","More than one race","M","45-49 years","45-49","Bachelor's degree (BA, AB, BS)","6","None checked","1",13
,"Texas","48","More than one race","M","45-49 years","45-49","Master's degree (MA, MS, MEng, MEd, MSW, MBA)","7","None checked","1",12
"---"
"Dataset: Provisional Natality, 2023 through Last Month"
"Query Parameters:"
"State of Residence: Alabama (01); California (06); Nebraska (31); New Hampshire (33); Texas (48)"
"Group By: State of Residence; Mother's Single Race 6; Age of Mother 10; Mother's Education; Maternal Morbidity Checked"
"Show Totals: Disabled"
"Show Zero Values: False"
"Show Suppressed: False"
"Calculate Rates Per: 1,000"
"---"
"Help: See http://wonder.cdc.gov/wonder/help/natality-provisional.html for more information."
"---"
"Query Date: Aug 22, 2026 9:11:34 PM"
"---"
"Suggested Citation: Centers for Disease Control and Prevention, National Center for Health Statistics. National Vital Statistics"
"System, Provisional Natality on CDC WONDER Online Database. Data are from the Natality Records 2023 through Last Month, as"
"compiled from data provided by the 57 vital statistics jurisdictions through the Vital Statistics Cooperative Program. Accessed"
"at http://wonder.cdc.gov/natality-expanded-provisional.html on Aug 22, 2026 9:11:34 PM"
"---"
Messages:
"1. Totals are not available for these results due to suppression constraints. More Information:"
"http://wonder.cdc.gov/wonder/help/faq.html#Privacy."
"2. Rows with zero Births are hidden. Use Quick Options above to show zero rows."
"3. Rows with suppressed Births are hidden. Use Quick Options above to show suppressed rows."
"---"
Caveats:
"1. 'Suppressed' appears when the data do not meet the criteria for confidentiality constraints. More information:"
"http://wonder.cdc.gov/wonder/help/natality-provisional.html#Assurance of Confidentiality."
"2. Each birth record represents one liveborn infant."
"3. 2025 data are provisional and subject to change. 2023-2024 data are final."
"4. Births occurring through 2026 through June 30, 2026 as of July 27, 2026."