Notes,State of Residence,State of Residence Code,2023 Metro/Nonmetro,2023 Metro/Nonmetro Code,Mother's Hispanic Origin,Mother's Hispanic Origin Code,Source of Payment for Delivery,Source of Payment for Delivery Code,Maternal Morbidity Checked,Maternal Morbidity Checked Code,Births
,Alabama,1,Metro,Metro,Hispanic or Latino,2135-2,Medicaid,1,At least one checked,0,155
,Alabama,1,Metro,Metro,Hispanic or Latino,2135-2,Medicaid,1,None checked,1,9600
,Alabama,1,Metro,Metro,Hispanic or Latino,2135-2,Private Insurance,2,At least one checked,0,76
,Alabama,1,Metro,Metro,Hispanic or Latino,2135-2,Private Insurance,2,None checked,1,5962
,Alabama,1,Metro,Metro,Hispanic or Latino,2135-2,Self Pay,3,At least one checked,0,23
,Alabama,1,Metro,Metro,Hispanic or Latino,2135-2,Self Pay,3,None checked,1,977
,Alabama,1,Metro,Metro,Hispanic or Latino,2135-2,Other,4,At least one checked,0,46
,Alabama,1,Metro,Metro,Hispanic or Latino,2135-2,Other,4,None checked,1,2281
,Alabama,1,Metro,Metro,Hispanic or Latino,2135-2,Unknown or Not Stated,9,None checked,1,15
,Alabama,1,Metro,Metro,Not Hispanic or Latino,2186-5,Medicaid,1,At least one checked,0,533
,Alabama,1,Metro,Metro,Not Hispanic or Latino,2186-5,Medicaid,1,None checked,1,47893
,Alabama,1,Metro,Metro,Not Hispanic or Latino,2186-5,Private Insurance,2,At least one checked,0,1211
,Alabama,1,Metro,Metro,Not Hispanic or Latino,2186-5,Private Insurance,2,None checked,1,79088
,Alabama,1,Metro,Metro,Not Hispanic or Latino,2186-5,Self Pay,3,At least one checked,0,65
,Alabama,1,Metro,Metro,Not Hispanic or Latino,2186-5,Self Pay,3,None checked,1,2926
,Alabama,1,Metro,Metro,Not Hispanic or Latino,2186-5,Other,4,At least one checked,0,73
,Alabama,1,Metro,Metro,Not Hispanic or Latino,2186-5,Other,4,None checked,1,4599
,Alabama,1,Metro,Metro,Not Hispanic or Latino,2186-5,Unknown or Not Stated,9,None checked,1,48
,Alabama,1,Metro,Metro,Unknown or Not Stated,9,Private Insurance,2,None checked,1,19
,Alabama,1,Nonmetro,Nonmetro,Hispanic or Latino,2135-2,Medicaid,1,At least one checked,0,43
,Alabama,1,Nonmetro,Nonmetro,Hispanic or Latino,2135-2,Medicaid,1,None checked,1,3579
,Alabama,1,Nonmetro,Nonmetro,Hispanic or Latino,2135-2,Private Insurance,2,At least one checked,0,13
,Alabama,1,Nonmetro,Nonmetro,Hispanic or Latino,2135-2,Private Insurance,2,None checked,1,1385
,Alabama,1,Nonmetro,Nonmetro,Hispanic or Latino,2135-2,Self Pay,3,None checked,1,236
,Alabama,1,Nonmetro,Nonmetro,Hispanic or Latino,2135-2,Other,4,At least one checked,0,15
,Alabama,1,Nonmetro,Nonmetro,Hispanic or Latino,2135-2,Other,4,None checked,1,958
,Alabama,1,Nonmetro,Nonmetro,Not Hispanic or Latino,2186-5,Medicaid,1,At least one checked,0,199
,Alabama,1,Nonmetro,Nonmetro,Not Hispanic or Latino,2186-5,Medicaid,1,None checked,1,17946
,Alabama,1,Nonmetro,Nonmetro,Not Hispanic or Latino,2186-5,Private Insurance,2,At least one checked,0,226
,Alabama,1,Nonmetro,Nonmetro,Not Hispanic or Latino,2186-5,Private Insurance,2,None checked,1,17860
,Alabama,1,Nonmetro,Nonmetro,Not Hispanic or Latino,2186-5,Self Pay,3,None checked,1,739
,Alabama,1,Nonmetro,Nonmetro,Not Hispanic or Latino,2186-5,Other,4,At least one checked,0,17
,Alabama,1,Nonmetro,Nonmetro,Not Hispanic or Latino,2186-5,Other,4,None checked,1,1581
,Alabama,1,Nonmetro,Nonmetro,Not Hispanic or Latino,2186-5,Unknown or Not Stated,9,None checked,1,20
,Alaska,2,Metro,Metro,Hispanic or Latino,2135-2,Medicaid,1,At least one checked,0,14
,Alaska,2,Metro,Metro,Hispanic or Latino,2135-2,Medicaid,1,None checked,1,605
,Alaska,2,Metro,Metro,Hispanic or Latino,2135-2,Private Insurance,2,At least one checked,0,11
,Alaska,2,Metro,Metro,Hispanic or Latino,2135-2,Private Insurance,2,None checked,1,680
,Alaska,2,Metro,Metro,Hispanic or Latino,2135-2,Self Pay,3,None checked,1,121
,Alaska,2,Metro,Metro,Hispanic or Latino,2135-2,Other,4,At least one checked,0,30
,Alaska,2,Metro,Metro,Hispanic or Latino,2135-2,Other,4,None checked,1,909
,Alaska,2,Metro,Metro,Hispanic or Latino,2135-2,Unknown or Not Stated,9,None checked,1,20
,Alaska,2,Metro,Metro,Not Hispanic or Latino,2186-5,Medicaid,1,At least one checked,0,153
,Alaska,2,Metro,Metro,Not Hispanic or Latino,2186-5,Medicaid,1,None checked,1,5323
,Alaska,2,Metro,Metro,Not Hispanic or Latino,2186-5,Medicaid,1,Unknown or Not Stated,9,20
,Alaska,2,Metro,Metro,Not Hispanic or Latino,2186-5,Private Insurance,2,At least one checked,0,176
,Alaska,2,Metro,Metro,Not Hispanic or Latino,2186-5,Private Insurance,2,None checked,1,7054
,Alaska,2,Metro,Metro,Not Hispanic or Latino,2186-5,Private Insurance,2,Unknown or Not Stated,9,17
,Alaska,2,Metro,Metro,Not Hispanic or Latino,2186-5,Self Pay,3,At least one checked,0,15
,Alaska,2,Metro,Metro,Not Hispanic or Latino,2186-5,Self Pay,3,None checked,1,735
,Alaska,2,Metro,Metro,Not Hispanic or Latino,2186-5,Other,4,At least one checked,0,159
,Alaska,2,Metro,Metro,Not Hispanic or Latino,2186-5,Other,4,None checked,1,4879
,Alaska,2,Metro,Metro,Not Hispanic or Latino,2186-5,Other,4,Unknown or Not Stated,9,17
,Alaska,2,Metro,Metro,Not Hispanic or Latino,2186-5,Unknown or Not Stated,9,None checked,1,178
,Alaska,2,Metro,Metro,Unknown or Not Stated,9,Medicaid,1,None checked,1,162
,Alaska,2,Metro,Metro,Unknown or Not Stated,9,Private Insurance,2,None checked,1,157
,Alaska,2,Metro,Metro,Unknown or Not Stated,9,Self Pay,3,None checked,1,45
,Alaska,2,Metro,Metro,Unknown or Not Stated,9,Other,4,None checked,1,70
,Alaska,2,Metro,Metro,Unknown or Not Stated,9,Unknown or Not Stated,9,None checked,1,13
,Alaska,2,Nonmetro,Nonmetro,Hispanic or Latino,2135-2,Medicaid,1,None checked,1,135
,Alaska,2,Nonmetro,Nonmetro,Hispanic or Latino,2135-2,Private Insurance,2,None checked,1,182
,Alaska,2,Nonmetro,Nonmetro,Hispanic or Latino,2135-2,Self Pay,3,None checked,1,22
,Alaska,2,Nonmetro,Nonmetro,Hispanic or Latino,2135-2,Other,4,None checked,1,71
,Alaska,2,Nonmetro,Nonmetro,Hispanic or Latino,2135-2,Unknown or Not Stated,9,None checked,1,13
,Alaska,2,Nonmetro,Nonmetro,Not Hispanic or Latino,2186-5,Medicaid,1,At least one checked,0,212
,Alaska,2,Nonmetro,Nonmetro,Not Hispanic or Latino,2186-5,Medicaid,1,None checked,1,3895
,Alaska,2,Nonmetro,Nonmetro,Not Hispanic or Latino,2186-5,Medicaid,1,Unknown or Not Stated,9,24
,Alaska,2,Nonmetro,Nonmetro,Not Hispanic or Latino,2186-5,Private Insurance,2,At least one checked,0,73
,Alaska,2,Nonmetro,Nonmetro,Not Hispanic or Latino,2186-5,Private Insurance,2,None checked,1,2674
,Alaska,2,Nonmetro,Nonmetro,Not Hispanic or Latino,2186-5,Self Pay,3,None checked,1,220
,Alaska,2,Nonmetro,Nonmetro,Not Hispanic or Latino,2186-5,Other,4,At least one checked,0,60
,Alaska,2,Nonmetro,Nonmetro,Not Hispanic or Latino,2186-5,Other,4,None checked,1,1213
,Alaska,2,Nonmetro,Nonmetro,Not Hispanic or Latino,2186-5,Other,4,Unknown or Not Stated,9,16
,Alaska,2,Nonmetro,Nonmetro,Not Hispanic or Latino,2186-5,Unknown or Not Stated,9,At least one checked,0,10
,Alaska,2,Nonmetro,Nonmetro,Not Hispanic or Latino,2186-5,Unknown or Not Stated,9,None checked,1,383
,Alaska,2,Nonmetro,Nonmetro,Not Hispanic or Latino,2186-5,Unknown or Not Stated,9,Unknown or Not Stated,9,19
,Alaska,2,Nonmetro,Nonmetro,Unknown or Not Stated,9,Medicaid,1,None checked,1,188
,Alaska,2,Nonmetro,Nonmetro,Unknown or Not Stated,9,Medicaid,1,Unknown or Not Stated,9,10
,Alaska,2,Nonmetro,Nonmetro,Unknown or Not Stated,9,Private Insurance,2,None checked,1,104
,Alaska,2,Nonmetro,Nonmetro,Unknown or Not Stated,9,Self Pay,3,None checked,1,13
,Alaska,2,Nonmetro,Nonmetro,Unknown or Not Stated,9,Other,4,None checked,1,55
,Alaska,2,Nonmetro,Nonmetro,Unknown or Not Stated,9,Unknown or Not Stated,9,None checked,1,37
,Arizona,4,Metro,Metro,Hispanic or Latino,2135-2,Medicaid,1,At least one checked,0,944
,Arizona,4,Metro,Metro,Hispanic or Latino,2135-2,Medicaid,1,None checked,1,66329
,Arizona,4,Metro,Metro,Hispanic or Latino,2135-2,Private Insurance,2,At least one checked,0,542
,Arizona,4,Metro,Metro,Hispanic or Latino,2135-2,Private Insurance,2,None checked,1,37952
,Arizona,4,Metro,Metro,Hispanic or Latino,2135-2,Self Pay,3,At least one checked,0,151
,Arizona,4,Metro,Metro,Hispanic or Latino,2135-2,Self Pay,3,None checked,1,7336
,Arizona,4,Metro,Metro,Hispanic or Latino,2135-2,Other,4,At least one checked,0,137
,Arizona,4,Metro,Metro,Hispanic or Latino,2135-2,Other,4,None checked,1,6251
,Arizona,4,Metro,Metro,Hispanic or Latino,2135-2,Unknown or Not Stated,9,None checked,1,101
,Arizona,4,Metro,Metro,Not Hispanic or Latino,2186-5,Medicaid,1,At least one checked,0,627
,Arizona,4,Metro,Metro,Not Hispanic or Latino,2186-5,Medicaid,1,None checked,1,42529
,Arizona,4,Metro,Metro,Not Hispanic or Latino,2186-5,Private Insurance,2,At least one checked,0,1160
,Arizona,4,Metro,Metro,Not Hispanic or Latino,2186-5,Private Insurance,2,None checked,1,79737
,Arizona,4,Metro,Metro,Not Hispanic or Latino,2186-5,Self Pay,3,At least one checked,0,106
,Arizona,4,Metro,Metro,Not Hispanic or Latino,2186-5,Self Pay,3,None checked,1,7711
,Arizona,4,Metro,Metro,Not Hispanic or Latino,2186-5,Other,4,At least one checked,0,132
,Arizona,4,Metro,Metro,Not Hispanic or Latino,2186-5,Other,4,None checked,1,6814
,Arizona,4,Metro,Metro,Not Hispanic or Latino,2186-5,Unknown or Not Stated,9,None checked,1,138
,Arizona,4,Metro,Metro,Unknown or Not Stated,9,Medicaid,1,At least one checked,0,14
,Arizona,4,Metro,Metro,Unknown or Not Stated,9,Medicaid,1,None checked,1,666
,Arizona,4,Metro,Metro,Unknown or Not Stated,9,Private Insurance,2,At least one checked,0,11
,Arizona,4,Metro,Metro,Unknown or Not Stated,9,Private Insurance,2,None checked,1,897
,Arizona,4,Metro,Metro,Unknown or Not Stated,9,Self Pay,3,None checked,1,130
,Arizona,4,Metro,Metro,Unknown or Not Stated,9,Other,4,None checked,1,74
,Arizona,4,Metro,Metro,Unknown or Not Stated,9,Unknown or Not Stated,9,None checked,1,37
,Arizona,4,Nonmetro,Nonmetro,Hispanic or Latino,2135-2,Medicaid,1,At least one checked,0,43
,Arizona,4,Nonmetro,Nonmetro,Hispanic or Latino,2135-2,Medicaid,1,None checked,1,2295
,Arizona,4,Nonmetro,Nonmetro,Hispanic or Latino,2135-2,Private Insurance,2,At least one checked,0,18
,Arizona,4,Nonmetro,Nonmetro,Hispanic or Latino,2135-2,Private Insurance,2,None checked,1,1170
,Arizona,4,Nonmetro,Nonmetro,Hispanic or Latino,2135-2,Self Pay,3,None checked,1,371
,Arizona,4,Nonmetro,Nonmetro,Hispanic or Latino,2135-2,Other,4,None checked,1,104
,Arizona,4,Nonmetro,Nonmetro,Not Hispanic or Latino,2186-5,Medicaid,1,At least one checked,0,140
,Arizona,4,Nonmetro,Nonmetro,Not Hispanic or Latino,2186-5,Medicaid,1,None checked,1,5022
,Arizona,4,Nonmetro,Nonmetro,Not Hispanic or Latino,2186-5,Private Insurance,2,At least one checked,0,45
,Arizona,4,Nonmetro,Nonmetro,Not Hispanic or Latino,2186-5,Private Insurance,2,None checked,1,2357
,Arizona,4,Nonmetro,Nonmetro,Not Hispanic or Latino,2186-5,Self Pay,3,None checked,1,348
,Arizona,4,Nonmetro,Nonmetro,Not Hispanic or Latino,2186-5,Other,4,At least one checked,0,24
,Arizona,4,Nonmetro,Nonmetro,Not Hispanic or Latino,2186-5,Other,4,None checked,1,678
,Arizona,4,Nonmetro,Nonmetro,Not Hispanic or Latino,2186-5,Unknown or Not Stated,9,None checked,1,22
,Arizona,4,Nonmetro,Nonmetro,Unknown or Not Stated,9,Medicaid,1,None checked,1,43
,Arizona,4,Nonmetro,Nonmetro,Unknown or Not Stated,9,Private Insurance,2,None checked,1,19
,Arizona,4,Nonmetro,Nonmetro,Unknown or Not Stated,9,Other,4,None checked,1,15
,Arkansas,5,Metro,Metro,Hispanic or Latino,2135-2,Medicaid,1,At least one checked,0,125
,Arkansas,5,Metro,Metro,Hispanic or Latino,2135-2,Medicaid,1,None checked,1,6429
,Arkansas,5,Metro,Metro,Hispanic or Latino,2135-2,Private Insurance,2,At least one checked,0,88
,Arkansas,5,Metro,Metro,Hispanic or Latino,2135-2,Private Insurance,2,None checked,1,4455
,Arkansas,5,Metro,Metro,Hispanic or Latino,2135-2,Self Pay,3,At least one checked,0,22
,Arkansas,5,Metro,Metro,Hispanic or Latino,2135-2,Self Pay,3,None checked,1,1047
,Arkansas,5,Metro,Metro,Hispanic or Latino,2135-2,Other,4,None checked,1,78
,Arkansas,5,Metro,Metro,Hispanic or Latino,2135-2,Unknown or Not Stated,9,None checked,1,44
,Arkansas,5,Metro,Metro,Not Hispanic or Latino,2186-5,Medicaid,1,At least one checked,0,345
,Arkansas,5,Metro,Metro,Not Hispanic or Latino,2186-5,Medicaid,1,None checked,1,22105
,Arkansas,5,Metro,Metro,Not Hispanic or Latino,2186-5,Private Insurance,2,At least one checked,0,749
,Arkansas,5,Metro,Metro,Not Hispanic or Latino,2186-5,Private Insurance,2,None checked,1,38560
,Arkansas,5,Metro,Metro,Not Hispanic or Latino,2186-5,Self Pay,3,At least one checked,0,56
,Arkansas,5,Metro,Metro,Not Hispanic or Latino,2186-5,Self Pay,3,None checked,1,3670
,Arkansas,5,Metro,Metro,Not Hispanic or Latino,2186-5,Other,4,At least one checked,0,13
,Arkansas,5,Metro,Metro,Not Hispanic or Latino,2186-5,Other,4,None checked,1,912
,Arkansas,5,Metro,Metro,Not Hispanic or Latino,2186-5,Unknown or Not Stated,9,At least one checked,0,16
,Arkansas,5,Metro,Metro,Not Hispanic or Latino,2186-5,Unknown or Not Stated,9,None checked,1,306
,Arkansas,5,Metro,Metro,Unknown or Not Stated,9,Medicaid,1,None checked,1,122
,Arkansas,5,Metro,Metro,Unknown or Not Stated,9,Private Insurance,2,None checked,1,99
,Arkansas,5,Metro,Metro,Unknown or Not Stated,9,Self Pay,3,None checked,1,14
,Arkansas,5,Nonmetro,Nonmetro,Hispanic or Latino,2135-2,Medicaid,1,At least one checked,0,46
,Arkansas,5,Nonmetro,Nonmetro,Hispanic or Latino,2135-2,Medicaid,1,None checked,1,2422
,Arkansas,5,Nonmetro,Nonmetro,Hispanic or Latino,2135-2,Private Insurance,2,At least one checked,0,16
,Arkansas,5,Nonmetro,Nonmetro,Hispanic or Latino,2135-2,Private Insurance,2,None checked,1,1237
,Arkansas,5,Nonmetro,Nonmetro,Hispanic or Latino,2135-2,Self Pay,3,None checked,1,197
,Arkansas,5,Nonmetro,Nonmetro,Hispanic or Latino,2135-2,Other,4,None checked,1,25
,Arkansas,5,Nonmetro,Nonmetro,Hispanic or Latino,2135-2,Unknown or Not Stated,9,None checked,1,57
,Arkansas,5,Nonmetro,Nonmetro,Not Hispanic or Latino,2186-5,Medicaid,1,At least one checked,0,340
,Arkansas,5,Nonmetro,Nonmetro,Not Hispanic or Latino,2186-5,Medicaid,1,None checked,1,18803
,Arkansas,5,Nonmetro,Nonmetro,Not Hispanic or Latino,2186-5,Private Insurance,2,At least one checked,0,319
,Arkansas,5,Nonmetro,Nonmetro,Not Hispanic or Latino,2186-5,Private Insurance,2,None checked,1,18340
,Arkansas,5,Nonmetro,Nonmetro,Not Hispanic or Latino,2186-5,Self Pay,3,At least one checked,0,43
,Arkansas,5,Nonmetro,Nonmetro,Not Hispanic or Latino,2186-5,Self Pay,3,None checked,1,1791
,Arkansas,5,Nonmetro,Nonmetro,Not Hispanic or Latino,2186-5,Other,4,None checked,1,367
,Arkansas,5,Nonmetro,Nonmetro,Not Hispanic or Latino,2186-5,Unknown or Not Stated,9,At least one checked,0,15
,Arkansas,5,Nonmetro,Nonmetro,Not Hispanic or Latino,2186-5,Unknown or Not Stated,9,None checked,1,212
,Arkansas,5,Nonmetro,Nonmetro,Unknown or Not Stated,9,Medicaid,1,None checked,1,51
,Arkansas,5,Nonmetro,Nonmetro,Unknown or Not Stated,9,Private Insurance,2,None checked,1,27
,Arkansas,5,Nonmetro,Nonmetro,Unknown or Not Stated,9,Self Pay,3,None checked,1,11
,California,6,Metro,Metro,Hispanic or Latino,2135-2,Medicaid,1,At least one checked,0,3131
,California,6,Metro,Metro,Hispanic or Latino,2135-2,Medicaid,1,None checked,1,372982
,California,6,Metro,Metro,Hispanic or Latino,2135-2,Medicaid,1,Unknown or Not Stated,9,513
,California,6,Metro,Metro,Hispanic or Latino,2135-2,Private Insurance,2,At least one checked,0,2496
,California,6,Metro,Metro,Hispanic or Latino,2135-2,Private Insurance,2,None checked,1,247249
,California,6,Metro,Metro,Hispanic or Latino,2135-2,Private Insurance,2,Unknown or Not Stated,9,128
,California,6,Metro,Metro,Hispanic or Latino,2135-2,Self Pay,3,At least one checked,0,69
,California,6,Metro,Metro,Hispanic or Latino,2135-2,Self Pay,3,None checked,1,9530
,California,6,Metro,Metro,Hispanic or Latino,2135-2,Self Pay,3,Unknown or Not Stated,9,218
,California,6,Metro,Metro,Hispanic or Latino,2135-2,Other,4,At least one checked,0,264
,California,6,Metro,Metro,Hispanic or Latino,2135-2,Other,4,None checked,1,26974
,California,6,Metro,Metro,Hispanic or Latino,2135-2,Other,4,Unknown or Not Stated,9,38
,California,6,Metro,Metro,Hispanic or Latino,2135-2,Unknown or Not Stated,9,At least one checked,0,40
,California,6,Metro,Metro,Hispanic or Latino,2135-2,Unknown or Not Stated,9,None checked,1,2657
,California,6,Metro,Metro,Hispanic or Latino,2135-2,Unknown or Not Stated,9,Unknown or Not Stated,9,89
,California,6,Metro,Metro,Not Hispanic or Latino,2186-5,Medicaid,1,At least one checked,0,1744
,California,6,Metro,Metro,Not Hispanic or Latino,2186-5,Medicaid,1,None checked,1,153950
,California,6,Metro,Metro,Not Hispanic or Latino,2186-5,Medicaid,1,Unknown or Not Stated,9,184
,California,6,Metro,Metro,Not Hispanic or Latino,2186-5,Private Insurance,2,At least one checked,0,8593
,California,6,Metro,Metro,Not Hispanic or Latino,2186-5,Private Insurance,2,None checked,1,427521
,California,6,Metro,Metro,Not Hispanic or Latino,2186-5,Private Insurance,2,Unknown or Not Stated,9,185
,California,6,Metro,Metro,Not Hispanic or Latino,2186-5,Self Pay,3,At least one checked,0,216
,California,6,Metro,Metro,Not Hispanic or Latino,2186-5,Self Pay,3,None checked,1,21284
,California,6,Metro,Metro,Not Hispanic or Latino,2186-5,Self Pay,3,Unknown or Not Stated,9,622
,California,6,Metro,Metro,Not Hispanic or Latino,2186-5,Other,4,At least one checked,0,448
,California,6,Metro,Metro,Not Hispanic or Latino,2186-5,Other,4,None checked,1,25237
,California,6,Metro,Metro,Not Hispanic or Latino,2186-5,Other,4,Unknown or Not Stated,9,52
,California,6,Metro,Metro,Not Hispanic or Latino,2186-5,Unknown or Not Stated,9,At least one checked,0,131
,California,6,Metro,Metro,Not Hispanic or Latino,2186-5,Unknown or Not Stated,9,None checked,1,4058
,California,6,Metro,Metro,Not Hispanic or Latino,2186-5,Unknown or Not Stated,9,Unknown or Not Stated,9,120
,California,6,Metro,Metro,Unknown or Not Stated,9,Medicaid,1,At least one checked,0,139
,California,6,Metro,Metro,Unknown or Not Stated,9,Medicaid,1,None checked,1,11085
,California,6,Metro,Metro,Unknown or Not Stated,9,Medicaid,1,Unknown or Not Stated,9,33
,California,6,Metro,Metro,Unknown or Not Stated,9,Private Insurance,2,At least one checked,0,609
,California,6,Metro,Metro,Unknown or Not Stated,9,Private Insurance,2,None checked,1,29395
,California,6,Metro,Metro,Unknown or Not Stated,9,Private Insurance,2,Unknown or Not Stated,9,23
,California,6,Metro,Metro,Unknown or Not Stated,9,Self Pay,3,At least one checked,0,18
,California,6,Metro,Metro,Unknown or Not Stated,9,Self Pay,3,None checked,1,1908
,California,6,Metro,Metro,Unknown or Not Stated,9,Self Pay,3,Unknown or Not Stated,9,42
,California,6,Metro,Metro,Unknown or Not Stated,9,Other,4,At least one checked,0,41
,California,6,Metro,Metro,Unknown or Not Stated,9,Other,4,None checked,1,2461
,California,6,Metro,Metro,Unknown or Not Stated,9,Other,4,Unknown or Not Stated,9,13
,California,6,Metro,Metro,Unknown or Not Stated,9,Unknown or Not Stated,9,None checked,1,388
,California,6,Metro,Metro,Unknown or Not Stated,9,Unknown or Not Stated,9,Unknown or Not Stated,9,49
,California,6,Nonmetro,Nonmetro,Hispanic or Latino,2135-2,Medicaid,1,At least one checked,0,99
,California,6,Nonmetro,Nonmetro,Hispanic or Latino,2135-2,Medicaid,1,None checked,1,4900
,California,6,Nonmetro,Nonmetro,Hispanic or Latino,2135-2,Private Insurance,2,At least one checked,0,44
,California,6,Nonmetro,Nonmetro,Hispanic or Latino,2135-2,Private Insurance,2,None checked,1,2154
,California,6,Nonmetro,Nonmetro,Hispanic or Latino,2135-2,Self Pay,3,None checked,1,106
,California,6,Nonmetro,Nonmetro,Hispanic or Latino,2135-2,Other,4,None checked,1,303
,California,6,Nonmetro,Nonmetro,Hispanic or Latino,2135-2,Unknown or Not Stated,9,None checked,1,26
,California,6,Nonmetro,Nonmetro,Not Hispanic or Latino,2186-5,Medicaid,1,At least one checked,0,113
,California,6,Nonmetro,Nonmetro,Not Hispanic or Latino,2186-5,Medicaid,1,None checked,1,7149
,California,6,Nonmetro,Nonmetro,Not Hispanic or Latino,2186-5,Medicaid,1,Unknown or Not Stated,9,11
,California,6,Nonmetro,Nonmetro,Not Hispanic or Latino,2186-5,Private Insurance,2,At least one checked,0,151
,California,6,Nonmetro,Nonmetro,Not Hispanic or Latino,2186-5,Private Insurance,2,None checked,1,7936
,California,6,Nonmetro,Nonmetro,Not Hispanic or Latino,2186-5,Self Pay,3,None checked,1,733
,California,6,Nonmetro,Nonmetro,Not Hispanic or Latino,2186-5,Self Pay,3,Unknown or Not Stated,9,15
,California,6,Nonmetro,Nonmetro,Not Hispanic or Latino,2186-5,Other,4,At least one checked,0,16
,California,6,Nonmetro,Nonmetro,Not Hispanic or Latino,2186-5,Other,4,None checked,1,690
,California,6,Nonmetro,Nonmetro,Not Hispanic or Latino,2186-5,Unknown or Not Stated,9,None checked,1,115
,California,6,Nonmetro,Nonmetro,Not Hispanic or Latino,2186-5,Unknown or Not Stated,9,Unknown or Not Stated,9,10
,California,6,Nonmetro,Nonmetro,Unknown or Not Stated,9,Medicaid,1,At least one checked,0,10
,California,6,Nonmetro,Nonmetro,Unknown or Not Stated,9,Medicaid,1,None checked,1,209
,California,6,Nonmetro,Nonmetro,Unknown or Not Stated,9,Private Insurance,2,None checked,1,251
,California,6,Nonmetro,Nonmetro,Unknown or Not Stated,9,Self Pay,3,None checked,1,46
,California,6,Nonmetro,Nonmetro,Unknown or Not Stated,9,Other,4,None checked,1,20
,Colorado,8,Metro,Metro,Hispanic or Latino,2135-2,Medicaid,1,At least one checked,0,556
,Colorado,8,Metro,Metro,Hispanic or Latino,2135-2,Medicaid,1,None checked,1,36962
,Colorado,8,Metro,Metro,Hispanic or Latino,2135-2,Medicaid,1,Unknown or Not Stated,9,38
,Colorado,8,Metro,Metro,Hispanic or Latino,2135-2,Private Insurance,2,At least one checked,0,289
,Colorado,8,Metro,Metro,Hispanic or Latino,2135-2,Private Insurance,2,None checked,1,20019
,Colorado,8,Metro,Metro,Hispanic or Latino,2135-2,Private Insurance,2,Unknown or Not Stated,9,30
,Colorado,8,Metro,Metro,Hispanic or Latino,2135-2,Self Pay,3,At least one checked,0,55
,Colorado,8,Metro,Metro,Hispanic or Latino,2135-2,Self Pay,3,None checked,1,2799
,Colorado,8,Metro,Metro,Hispanic or Latino,2135-2,Self Pay,3,Unknown or Not Stated,9,14
,Colorado,8,Metro,Metro,Hispanic or Latino,2135-2,Other,4,At least one checked,0,42
,Colorado,8,Metro,Metro,Hispanic or Latino,2135-2,Other,4,None checked,1,3432
,Colorado,8,Metro,Metro,Hispanic or Latino,2135-2,Other,4,Unknown or Not Stated,9,30
,Colorado,8,Metro,Metro,Hispanic or Latino,2135-2,Unknown or Not Stated,9,None checked,1,173
,Colorado,8,Metro,Metro,Not Hispanic or Latino,2186-5,Medicaid,1,At least one checked,0,487
,Colorado,8,Metro,Metro,Not Hispanic or Latino,2186-5,Medicaid,1,None checked,1,29211
,Colorado,8,Metro,Metro,Not Hispanic or Latino,2186-5,Medicaid,1,Unknown or Not Stated,9,32
,Colorado,8,Metro,Metro,Not Hispanic or Latino,2186-5,Private Insurance,2,At least one checked,0,1395
,Colorado,8,Metro,Metro,Not Hispanic or Latino,2186-5,Private Insurance,2,None checked,1,89365
,Colorado,8,Metro,Metro,Not Hispanic or Latino,2186-5,Private Insurance,2,Unknown or Not Stated,9,92
,Colorado,8,Metro,Metro,Not Hispanic or Latino,2186-5,Self Pay,3,At least one checked,0,68
,Colorado,8,Metro,Metro,Not Hispanic or Latino,2186-5,Self Pay,3,None checked,1,3679
,Colorado,8,Metro,Metro,Not Hispanic or Latino,2186-5,Self Pay,3,Unknown or Not Stated,9,15
,Colorado,8,Metro,Metro,Not Hispanic or Latino,2186-5,Other,4,At least one checked,0,114
,Colorado,8,Metro,Metro,Not Hispanic or Latino,2186-5,Other,4,None checked,1,7922
,Colorado,8,Metro,Metro,Not Hispanic or Latino,2186-5,Other,4,Unknown or Not Stated,9,179
,Colorado,8,Metro,Metro,Not Hispanic or Latino,2186-5,Unknown or Not Stated,9,None checked,1,296
,Colorado,8,Metro,Metro,Unknown or Not Stated,9,Medicaid,1,At least one checked,0,21
,Colorado,8,Metro,Metro,Unknown or Not Stated,9,Medicaid,1,None checked,1,1005
,Colorado,8,Metro,Metro,Unknown or Not Stated,9,Private Insurance,2,At least one checked,0,22
,Colorado,8,Metro,Metro,Unknown or Not Stated,9,Private Insurance,2,None checked,1,995
,Colorado,8,Metro,Metro,Unknown or Not Stated,9,Private Insurance,2,Unknown or Not Stated,9,11
,Colorado,8,Metro,Metro,Unknown or Not Stated,9,Self Pay,3,None checked,1,146
,Colorado,8,Metro,Metro,Unknown or Not Stated,9,Other,4,None checked,1,56
,Colorado,8,Metro,Metro,Unknown or Not Stated,9,Other,4,Unknown or Not Stated,9,18
,Colorado,8,Metro,Metro,Unknown or Not Stated,9,Unknown or Not Stated,9,None checked,1,35
,Colorado,8,Nonmetro,Nonmetro,Hispanic or Latino,2135-2,Medicaid,1,At least one checked,0,99
,Colorado,8,Nonmetro,Nonmetro,Hispanic or Latino,2135-2,Medicaid,1,None checked,1,4963
,Colorado,8,Nonmetro,Nonmetro,Hispanic or Latino,2135-2,Private Insurance,2,At least one checked,0,51
,Colorado,8,Nonmetro,Nonmetro,Hispanic or Latino,2135-2,Private Insurance,2,None checked,1,2190
,Colorado,8,Nonmetro,Nonmetro,Hispanic or Latino,2135-2,Self Pay,3,At least one checked,0,14
,Colorado,8,Nonmetro,Nonmetro,Hispanic or Latino,2135-2,Self Pay,3,None checked,1,501
,Colorado,8,Nonmetro,Nonmetro,Hispanic or Latino,2135-2,Other,4,None checked,1,220
,Colorado,8,Nonmetro,Nonmetro,Hispanic or Latino,2135-2,Unknown or Not Stated,9,None checked,1,54
,Colorado,8,Nonmetro,Nonmetro,Not Hispanic or Latino,2186-5,Medicaid,1,At least one checked,0,90
,Colorado,8,Nonmetro,Nonmetro,Not Hispanic or Latino,2186-5,Medicaid,1,None checked,1,4913
,Colorado,8,Nonmetro,Nonmetro,Not Hispanic or Latino,2186-5,Private Insurance,2,At least one checked,0,175
,Colorado,8,Nonmetro,Nonmetro,Not Hispanic or Latino,2186-5,Private Insurance,2,None checked,1,8360
,Colorado,8,Nonmetro,Nonmetro,Not Hispanic or Latino,2186-5,Self Pay,3,At least one checked,0,15
,Colorado,8,Nonmetro,Nonmetro,Not Hispanic or Latino,2186-5,Self Pay,3,None checked,1,1051
,Colorado,8,Nonmetro,Nonmetro,Not Hispanic or Latino,2186-5,Other,4,None checked,1,240
,Colorado,8,Nonmetro,Nonmetro,Not Hispanic or Latino,2186-5,Unknown or Not Stated,9,None checked,1,87
,Colorado,8,Nonmetro,Nonmetro,Unknown or Not Stated,9,Medicaid,1,None checked,1,170
,Colorado,8,Nonmetro,Nonmetro,Unknown or Not Stated,9,Private Insurance,2,None checked,1,107
,Colorado,8,Nonmetro,Nonmetro,Unknown or Not Stated,9,Self Pay,3,None checked,1,27
,Colorado,8,Nonmetro,Nonmetro,Unknown or Not Stated,9,Other,4,None checked,1,11
,Colorado,8,Nonmetro,Nonmetro,Unknown or Not Stated,9,Unknown or Not Stated,9,None checked,1,14
,Connecticut,9,Nonmetro,Nonmetro,Hispanic or Latino,2135-2,Medicaid,1,At least one checked,0,171
,Connecticut,9,Nonmetro,Nonmetro,Hispanic or Latino,2135-2,Medicaid,1,None checked,1,10138
,Connecticut,9,Nonmetro,Nonmetro,Hispanic or Latino,2135-2,Private Insurance,2,At least one checked,0,74
,Connecticut,9,Nonmetro,Nonmetro,Hispanic or Latino,2135-2,Private Insurance,2,None checked,1,4035
,Connecticut,9,Nonmetro,Nonmetro,Hispanic or Latino,2135-2,Self Pay,3,None checked,1,93
,Connecticut,9,Nonmetro,Nonmetro,Hispanic or Latino,2135-2,Other,4,None checked,1,178
,Connecticut,9,Nonmetro,Nonmetro,Not Hispanic or Latino,2186-5,Medicaid,1,At least one checked,0,168
,Connecticut,9,Nonmetro,Nonmetro,Not Hispanic or Latino,2186-5,Medicaid,1,None checked,1,9339
,Connecticut,9,Nonmetro,Nonmetro,Not Hispanic or Latino,2186-5,Private Insurance,2,At least one checked,0,531
,Connecticut,9,Nonmetro,Nonmetro,Not Hispanic or Latino,2186-5,Private Insurance,2,None checked,1,24908
,Connecticut,9,Nonmetro,Nonmetro,Not Hispanic or Latino,2186-5,Self Pay,3,None checked,1,338
,Connecticut,9,Nonmetro,Nonmetro,Not Hispanic or Latino,2186-5,Other,4,None checked,1,739
,Connecticut,9,Nonmetro,Nonmetro,Not Hispanic or Latino,2186-5,Unknown or Not Stated,9,None checked,1,15
,Connecticut,9,Nonmetro,Nonmetro,Unknown or Not Stated,9,Private Insurance,2,None checked,1,21
,Connecticut,9,Not Available,9,Hispanic or Latino,2135-2,Medicaid,1,At least one checked,0,188
,Connecticut,9,Not Available,9,Hispanic or Latino,2135-2,Medicaid,1,None checked,1,14237
,Connecticut,9,Not Available,9,Hispanic or Latino,2135-2,Private Insurance,2,At least one checked,0,72
,Connecticut,9,Not Available,9,Hispanic or Latino,2135-2,Private Insurance,2,None checked,1,4931
,Connecticut,9,Not Available,9,Hispanic or Latino,2135-2,Self Pay,3,None checked,1,196
,Connecticut,9,Not Available,9,Hispanic or Latino,2135-2,Other,4,None checked,1,222
,Connecticut,9,Not Available,9,Not Hispanic or Latino,2186-5,Medicaid,1,At least one checked,0,186
,Connecticut,9,Not Available,9,Not Hispanic or Latino,2186-5,Medicaid,1,None checked,1,13585
,Connecticut,9,Not Available,9,Not Hispanic or Latino,2186-5,Private Insurance,2,At least one checked,0,574
,Connecticut,9,Not Available,9,Not Hispanic or Latino,2186-5,Private Insurance,2,None checked,1,33536
,Connecticut,9,Not Available,9,Not Hispanic or Latino,2186-5,Self Pay,3,None checked,1,514
,Connecticut,9,Not Available,9,Not Hispanic or Latino,2186-5,Other,4,At least one checked,0,23
,Connecticut,9,Not Available,9,Not Hispanic or Latino,2186-5,Other,4,None checked,1,796
,Connecticut,9,Not Available,9,Not Hispanic or Latino,2186-5,Unknown or Not Stated,9,None checked,1,12
,Connecticut,9,Not Available,9,Unknown or Not Stated,9,Medicaid,1,None checked,1,10
,Connecticut,9,Not Available,9,Unknown or Not Stated,9,Private Insurance,2,None checked,1,25
,Delaware,10,Metro,Metro,Hispanic or Latino,2135-2,Medicaid,1,At least one checked,0,148
,Delaware,10,Metro,Metro,Hispanic or Latino,2135-2,Medicaid,1,None checked,1,3045
,Delaware,10,Metro,Metro,Hispanic or Latino,2135-2,Private Insurance,2,At least one checked,0,59
,Delaware,10,Metro,Metro,Hispanic or Latino,2135-2,Private Insurance,2,None checked,1,1467
,Delaware,10,Metro,Metro,Hispanic or Latino,2135-2,Self Pay,3,None checked,1,28
,Delaware,10,Metro,Metro,Hispanic or Latino,2135-2,Other,4,None checked,1,181
,Delaware,10,Metro,Metro,Hispanic or Latino,2135-2,Unknown or Not Stated,9,None checked,1,38
,Delaware,10,Metro,Metro,Not Hispanic or Latino,2186-5,Medicaid,1,At least one checked,0,315
,Delaware,10,Metro,Metro,Not Hispanic or Latino,2186-5,Medicaid,1,None checked,1,7491
,Delaware,10,Metro,Metro,Not Hispanic or Latino,2186-5,Medicaid,1,Unknown or Not Stated,9,14
,Delaware,10,Metro,Metro,Not Hispanic or Latino,2186-5,Private Insurance,2,At least one checked,0,661
,Delaware,10,Metro,Metro,Not Hispanic or Latino,2186-5,Private Insurance,2,None checked,1,12775
,Delaware,10,Metro,Metro,Not Hispanic or Latino,2186-5,Private Insurance,2,Unknown or Not Stated,9,24
,Delaware,10,Metro,Metro,Not Hispanic or Latino,2186-5,Self Pay,3,None checked,1,414
,Delaware,10,Metro,Metro,Not Hispanic or Latino,2186-5,Other,4,At least one checked,0,27
,Delaware,10,Metro,Metro,Not Hispanic or Latino,2186-5,Other,4,None checked,1,742
,Delaware,10,Metro,Metro,Not Hispanic or Latino,2186-5,Unknown or Not Stated,9,None checked,1,59
,Delaware,10,Metro,Metro,Unknown or Not Stated,9,Medicaid,1,None checked,1,59
,Delaware,10,Metro,Metro,Unknown or Not Stated,9,Private Insurance,2,None checked,1,48
,Delaware,10,Nonmetro,Nonmetro,Hispanic or Latino,2135-2,Medicaid,1,At least one checked,0,53
,Delaware,10,Nonmetro,Nonmetro,Hispanic or Latino,2135-2,Medicaid,1,None checked,1,1793
,Delaware,10,Nonmetro,Nonmetro,Hispanic or Latino,2135-2,Private Insurance,2,At least one checked,0,11
,Delaware,10,Nonmetro,Nonmetro,Hispanic or Latino,2135-2,Private Insurance,2,None checked,1,325
,Delaware,10,Nonmetro,Nonmetro,Hispanic or Latino,2135-2,Self Pay,3,None checked,1,109
,Delaware,10,Nonmetro,Nonmetro,Hispanic or Latino,2135-2,Other,4,At least one checked,0,13
,Delaware,10,Nonmetro,Nonmetro,Hispanic or Latino,2135-2,Other,4,None checked,1,243
,Delaware,10,Nonmetro,Nonmetro,Hispanic or Latino,2135-2,Unknown or Not Stated,9,None checked,1,19
,Delaware,10,Nonmetro,Nonmetro,Not Hispanic or Latino,2186-5,Medicaid,1,At least one checked,0,65
,Delaware,10,Nonmetro,Nonmetro,Not Hispanic or Latino,2186-5,Medicaid,1,None checked,1,2145
,Delaware,10,Nonmetro,Nonmetro,Not Hispanic or Latino,2186-5,Private Insurance,2,At least one checked,0,61
,Delaware,10,Nonmetro,Nonmetro,Not Hispanic or Latino,2186-5,Private Insurance,2,None checked,1,3225
,Delaware,10,Nonmetro,Nonmetro,Not Hispanic or Latino,2186-5,Self Pay,3,None checked,1,139
,Delaware,10,Nonmetro,Nonmetro,Not Hispanic or Latino,2186-5,Other,4,At least one checked,0,10
,Delaware,10,Nonmetro,Nonmetro,Not Hispanic or Latino,2186-5,Other,4,None checked,1,314
,Delaware,10,Nonmetro,Nonmetro,Not Hispanic or Latino,2186-5,Unknown or Not Stated,9,None checked,1,36
,Delaware,10,Nonmetro,Nonmetro,Unknown or Not Stated,9,Private Insurance,2,None checked,1,13
,District of Columbia,11,Metro,Metro,Hispanic or Latino,2135-2,Medicaid,1,At least one checked,0,46
,District of Columbia,11,Metro,Metro,Hispanic or Latino,2135-2,Medicaid,1,None checked,1,2790
,District of Columbia,11,Metro,Metro,Hispanic or Latino,2135-2,Private Insurance,2,At least one checked,0,28
,District of Columbia,11,Metro,Metro,Hispanic or Latino,2135-2,Private Insurance,2,None checked,1,1332
,District of Columbia,11,Metro,Metro,Hispanic or Latino,2135-2,Self Pay,3,None checked,1,115
,District of Columbia,11,Metro,Metro,Hispanic or Latino,2135-2,Other,4,None checked,1,263
,District of Columbia,11,Metro,Metro,Hispanic or Latino,2135-2,Unknown or Not Stated,9,None checked,1,42
,District of Columbia,11,Metro,Metro,Not Hispanic or Latino,2186-5,Medicaid,1,At least one checked,0,143
,District of Columbia,11,Metro,Metro,Not Hispanic or Latino,2186-5,Medicaid,1,None checked,1,8514
,District of Columbia,11,Metro,Metro,Not Hispanic or Latino,2186-5,Private Insurance,2,At least one checked,0,308
,District of Columbia,11,Metro,Metro,Not Hispanic or Latino,2186-5,Private Insurance,2,None checked,1,11637
,District of Columbia,11,Metro,Metro,Not Hispanic or Latino,2186-5,Self Pay,3,None checked,1,217
,District of Columbia,11,Metro,Metro,Not Hispanic or Latino,2186-5,Other,4,At least one checked,0,14
,District of Columbia,11,Metro,Metro,Not Hispanic or Latino,2186-5,Other,4,None checked,1,609
,District of Columbia,11,Metro,Metro,Not Hispanic or Latino,2186-5,Unknown or Not Stated,9,None checked,1,82
,District of Columbia,11,Metro,Metro,Unknown or Not Stated,9,Medicaid,1,None checked,1,55
,District of Columbia,11,Metro,Metro,Unknown or Not Stated,9,Private Insurance,2,None checked,1,60
,District of Columbia,11,Metro,Metro,Unknown or Not Stated,9,Unknown or Not Stated,9,None checked,1,18
,Florida,12,Metro,Metro,Hispanic or Latino,2135-2,Medicaid,1,At least one checked,0,804
,Florida,12,Metro,Metro,Hispanic or Latino,2135-2,Medicaid,1,None checked,1,112874
,Florida,12,Metro,Metro,Hispanic or Latino,2135-2,Medicaid,1,Unknown or Not Stated,9,430
,Florida,12,Metro,Metro,Hispanic or Latino,2135-2,Private Insurance,2,At least one checked,0,882
,Florida,12,Metro,Metro,Hispanic or Latino,2135-2,Private Insurance,2,None checked,1,119490
,Florida,12,Metro,Metro,Hispanic or Latino,2135-2,Private Insurance,2,Unknown or Not Stated,9,634
,Florida,12,Metro,Metro,Hispanic or Latino,2135-2,Self Pay,3,At least one checked,0,202
,Florida,12,Metro,Metro,Hispanic or Latino,2135-2,Self Pay,3,None checked,1,21349
,Florida,12,Metro,Metro,Hispanic or Latino,2135-2,Self Pay,3,Unknown or Not Stated,9,97
,Florida,12,Metro,Metro,Hispanic or Latino,2135-2,Other,4,At least one checked,0,71
,Florida,12,Metro,Metro,Hispanic or Latino,2135-2,Other,4,None checked,1,5819
,Florida,12,Metro,Metro,Hispanic or Latino,2135-2,Other,4,Unknown or Not Stated,9,25
,Florida,12,Metro,Metro,Hispanic or Latino,2135-2,Unknown or Not Stated,9,At least one checked,0,14
,Florida,12,Metro,Metro,Hispanic or Latino,2135-2,Unknown or Not Stated,9,None checked,1,1390
,Florida,12,Metro,Metro,Hispanic or Latino,2135-2,Unknown or Not Stated,9,Unknown or Not Stated,9,237
,Florida,12,Metro,Metro,Not Hispanic or Latino,2186-5,Medicaid,1,At least one checked,0,1521
,Florida,12,Metro,Metro,Not Hispanic or Latino,2186-5,Medicaid,1,None checked,1,170801
,Florida,12,Metro,Metro,Not Hispanic or Latino,2186-5,Medicaid,1,Unknown or Not Stated,9,984
,Florida,12,Metro,Metro,Not Hispanic or Latino,2186-5,Private Insurance,2,At least one checked,0,3031
,Florida,12,Metro,Metro,Not Hispanic or Latino,2186-5,Private Insurance,2,None checked,1,270514
,Florida,12,Metro,Metro,Not Hispanic or Latino,2186-5,Private Insurance,2,Unknown or Not Stated,9,1681
,Florida,12,Metro,Metro,Not Hispanic or Latino,2186-5,Self Pay,3,At least one checked,0,228
,Florida,12,Metro,Metro,Not Hispanic or Latino,2186-5,Self Pay,3,None checked,1,21265
,Florida,12,Metro,Metro,Not Hispanic or Latino,2186-5,Self Pay,3,Unknown or Not Stated,9,84
,Florida,12,Metro,Metro,Not Hispanic or Latino,2186-5,Other,4,At least one checked,0,130
,Florida,12,Metro,Metro,Not Hispanic or Latino,2186-5,Other,4,None checked,1,10971
,Florida,12,Metro,Metro,Not Hispanic or Latino,2186-5,Other,4,Unknown or Not Stated,9,57
,Florida,12,Metro,Metro,Not Hispanic or Latino,2186-5,Unknown or Not Stated,9,At least one checked,0,18
,Florida,12,Metro,Metro,Not Hispanic or Latino,2186-5,Unknown or Not Stated,9,None checked,1,1944
,Florida,12,Metro,Metro,Not Hispanic or Latino,2186-5,Unknown or Not Stated,9,Unknown or Not Stated,9,689
,Florida,12,Metro,Metro,Unknown or Not Stated,9,Medicaid,1,At least one checked,0,13
,Florida,12,Metro,Metro,Unknown or Not Stated,9,Medicaid,1,None checked,1,883
,Florida,12,Metro,Metro,Unknown or Not Stated,9,Medicaid,1,Unknown or Not Stated,9,24
,Florida,12,Metro,Metro,Unknown or Not Stated,9,Private Insurance,2,At least one checked,0,14
,Florida,12,Metro,Metro,Unknown or Not Stated,9,Private Insurance,2,None checked,1,1500
,Florida,12,Metro,Metro,Unknown or Not Stated,9,Private Insurance,2,Unknown or Not Stated,9,32
,Florida,12,Metro,Metro,Unknown or Not Stated,9,Self Pay,3,None checked,1,152
,Florida,12,Metro,Metro,Unknown or Not Stated,9,Other,4,None checked,1,27
,Florida,12,Metro,Metro,Unknown or Not Stated,9,Other,4,Unknown or Not Stated,9,10
,Florida,12,Metro,Metro,Unknown or Not Stated,9,Unknown or Not Stated,9,None checked,1,99
,Florida,12,Metro,Metro,Unknown or Not Stated,9,Unknown or Not Stated,9,Unknown or Not Stated,9,50
,Florida,12,Nonmetro,Nonmetro,Hispanic or Latino,2135-2,Medicaid,1,At least one checked,0,36
,Florida,12,Nonmetro,Nonmetro,Hispanic or Latino,2135-2,Medicaid,1,None checked,1,3678
,Florida,12,Nonmetro,Nonmetro,Hispanic or Latino,2135-2,Medicaid,1,Unknown or Not Stated,9,11
,Florida,12,Nonmetro,Nonmetro,Hispanic or Latino,2135-2,Private Insurance,2,None checked,1,1589
,Florida,12,Nonmetro,Nonmetro,Hispanic or Latino,2135-2,Self Pay,3,None checked,1,572
,Florida,12,Nonmetro,Nonmetro,Hispanic or Latino,2135-2,Other,4,None checked,1,52
,Florida,12,Nonmetro,Nonmetro,Hispanic or Latino,2135-2,Unknown or Not Stated,9,None checked,1,58
,Florida,12,Nonmetro,Nonmetro,Not Hispanic or Latino,2186-5,Medicaid,1,At least one checked,0,87
,Florida,12,Nonmetro,Nonmetro,Not Hispanic or Latino,2186-5,Medicaid,1,None checked,1,9847
,Florida,12,Nonmetro,Nonmetro,Not Hispanic or Latino,2186-5,Medicaid,1,Unknown or Not Stated,9,31
,Florida,12,Nonmetro,Nonmetro,Not Hispanic or Latino,2186-5,Private Insurance,2,At least one checked,0,58
,Florida,12,Nonmetro,Nonmetro,Not Hispanic or Latino,2186-5,Private Insurance,2,None checked,1,7198
,Florida,12,Nonmetro,Nonmetro,Not Hispanic or Latino,2186-5,Private Insurance,2,Unknown or Not Stated,9,14
,Florida,12,Nonmetro,Nonmetro,Not Hispanic or Latino,2186-5,Self Pay,3,None checked,1,612
,Florida,12,Nonmetro,Nonmetro,Not Hispanic or Latino,2186-5,Other,4,None checked,1,158
,Florida,12,Nonmetro,Nonmetro,Not Hispanic or Latino,2186-5,Unknown or Not Stated,9,None checked,1,84
,Florida,12,Nonmetro,Nonmetro,Not Hispanic or Latino,2186-5,Unknown or Not Stated,9,Unknown or Not Stated,9,18
,Florida,12,Nonmetro,Nonmetro,Unknown or Not Stated,9,Medicaid,1,None checked,1,14
,Florida,12,Nonmetro,Nonmetro,Unknown or Not Stated,9,Private Insurance,2,None checked,1,15
,Georgia,13,Metro,Metro,Hispanic or Latino,2135-2,Medicaid,1,At least one checked,0,316
,Georgia,13,Metro,Metro,Hispanic or Latino,2135-2,Medicaid,1,None checked,1,27938
,Georgia,13,Metro,Metro,Hispanic or Latino,2135-2,Private Insurance,2,At least one checked,0,213
,Georgia,13,Metro,Metro,Hispanic or Latino,2135-2,Private Insurance,2,None checked,1,19410
,Georgia,13,Metro,Metro,Hispanic or Latino,2135-2,Self Pay,3,At least one checked,0,152
,Georgia,13,Metro,Metro,Hispanic or Latino,2135-2,Self Pay,3,None checked,1,18636
,Georgia,13,Metro,Metro,Hispanic or Latino,2135-2,Self Pay,3,Unknown or Not Stated,9,10
,Georgia,13,Metro,Metro,Hispanic or Latino,2135-2,Other,4,At least one checked,0,44
,Georgia,13,Metro,Metro,Hispanic or Latino,2135-2,Other,4,None checked,1,3532
,Georgia,13,Metro,Metro,Hispanic or Latino,2135-2,Unknown or Not Stated,9,None checked,1,75
,Georgia,13,Metro,Metro,Not Hispanic or Latino,2186-5,Medicaid,1,At least one checked,0,1323
,Georgia,13,Metro,Metro,Not Hispanic or Latino,2186-5,Medicaid,1,None checked,1,111892
,Georgia,13,Metro,Metro,Not Hispanic or Latino,2186-5,Medicaid,1,Unknown or Not Stated,9,29
,Georgia,13,Metro,Metro,Not Hispanic or Latino,2186-5,Private Insurance,2,At least one checked,0,2362
,Georgia,13,Metro,Metro,Not Hispanic or Latino,2186-5,Private Insurance,2,None checked,1,146822
,Georgia,13,Metro,Metro,Not Hispanic or Latino,2186-5,Private Insurance,2,Unknown or Not Stated,9,23
,Georgia,13,Metro,Metro,Not Hispanic or Latino,2186-5,Self Pay,3,At least one checked,0,108
,Georgia,13,Metro,Metro,Not Hispanic or Latino,2186-5,Self Pay,3,None checked,1,11036
,Georgia,13,Metro,Metro,Not Hispanic or Latino,2186-5,Self Pay,3,Unknown or Not Stated,9,14
,Georgia,13,Metro,Metro,Not Hispanic or Latino,2186-5,Other,4,At least one checked,0,236
,Georgia,13,Metro,Metro,Not Hispanic or Latino,2186-5,Other,4,None checked,1,16943
,Georgia,13,Metro,Metro,Not Hispanic or Latino,2186-5,Unknown or Not Stated,9,None checked,1,238
,Georgia,13,Metro,Metro,Unknown or Not Stated,9,Medicaid,1,None checked,1,645
,Georgia,13,Metro,Metro,Unknown or Not Stated,9,Private Insurance,2,At least one checked,0,16
,Georgia,13,Metro,Metro,Unknown or Not Stated,9,Private Insurance,2,None checked,1,693
,Georgia,13,Metro,Metro,Unknown or Not Stated,9,Self Pay,3,None checked,1,282
,Georgia,13,Metro,Metro,Unknown or Not Stated,9,Other,4,None checked,1,103
,Georgia,13,Metro,Metro,Unknown or Not Stated,9,Unknown or Not Stated,9,None checked,1,62
,Georgia,13,Metro,Metro,Unknown or Not Stated,9,Unknown or Not Stated,9,Unknown or Not Stated,9,18
,Georgia,13,Nonmetro,Nonmetro,Hispanic or Latino,2135-2,Medicaid,1,At least one checked,0,76
,Georgia,13,Nonmetro,Nonmetro,Hispanic or Latino,2135-2,Medicaid,1,None checked,1,4280
,Georgia,13,Nonmetro,Nonmetro,Hispanic or Latino,2135-2,Private Insurance,2,At least one checked,0,39
,Georgia,13,Nonmetro,Nonmetro,Hispanic or Latino,2135-2,Private Insurance,2,None checked,1,2042
,Georgia,13,Nonmetro,Nonmetro,Hispanic or Latino,2135-2,Self Pay,3,At least one checked,0,66
,Georgia,13,Nonmetro,Nonmetro,Hispanic or Latino,2135-2,Self Pay,3,None checked,1,3057
,Georgia,13,Nonmetro,Nonmetro,Hispanic or Latino,2135-2,Other,4,At least one checked,0,11
,Georgia,13,Nonmetro,Nonmetro,Hispanic or Latino,2135-2,Other,4,None checked,1,631
,Georgia,13,Nonmetro,Nonmetro,Hispanic or Latino,2135-2,Unknown or Not Stated,9,None checked,1,14
,Georgia,13,Nonmetro,Nonmetro,Not Hispanic or Latino,2186-5,Medicaid,1,At least one checked,0,490
,Georgia,13,Nonmetro,Nonmetro,Not Hispanic or Latino,2186-5,Medicaid,1,None checked,1,33836
,Georgia,13,Nonmetro,Nonmetro,Not Hispanic or Latino,2186-5,Medicaid,1,Unknown or Not Stated,9,55
,Georgia,13,Nonmetro,Nonmetro,Not Hispanic or Latino,2186-5,Private Insurance,2,At least one checked,0,366
,Georgia,13,Nonmetro,Nonmetro,Not Hispanic or Latino,2186-5,Private Insurance,2,None checked,1,22300
,Georgia,13,Nonmetro,Nonmetro,Not Hispanic or Latino,2186-5,Private Insurance,2,Unknown or Not Stated,9,20
,Georgia,13,Nonmetro,Nonmetro,Not Hispanic or Latino,2186-5,Self Pay,3,At least one checked,0,45
,Georgia,13,Nonmetro,Nonmetro,Not Hispanic or Latino,2186-5,Self Pay,3,None checked,1,1786
,Georgia,13,Nonmetro,Nonmetro,Not Hispanic or Latino,2186-5,Other,4,At least one checked,0,61
,Georgia,13,Nonmetro,Nonmetro,Not Hispanic or Latino,2186-5,Other,4,None checked,1,3677
,Georgia,13,Nonmetro,Nonmetro,Not Hispanic or Latino,2186-5,Unknown or Not Stated,9,None checked,1,55
,Georgia,13,Nonmetro,Nonmetro,Unknown or Not Stated,9,Medicaid,1,None checked,1,128
,Georgia,13,Nonmetro,Nonmetro,Unknown or Not Stated,9,Private Insurance,2,None checked,1,74
,Georgia,13,Nonmetro,Nonmetro,Unknown or Not Stated,9,Self Pay,3,None checked,1,34
,Georgia,13,Nonmetro,Nonmetro,Unknown or Not Stated,9,Other,4,None checked,1,25
,Hawaii,15,Metro,Metro,Hispanic or Latino,2135-2,Medicaid,1,At least one checked,0,11
,Hawaii,15,Metro,Metro,Hispanic or Latino,2135-2,Medicaid,1,None checked,1,2176
,Hawaii,15,Metro,Metro,Hispanic or Latino,2135-2,Private Insurance,2,At least one checked,0,15
,Hawaii,15,Metro,Metro,Hispanic or Latino,2135-2,Private Insurance,2,None checked,1,2367
,Hawaii,15,Metro,Metro,Hispanic or Latino,2135-2,Self Pay,3,None checked,1,172
,Hawaii,15,Metro,Metro,Hispanic or Latino,2135-2,Other,4,At least one checked,0,42
,Hawaii,15,Metro,Metro,Hispanic or Latino,2135-2,Other,4,None checked,1,2272
,Hawaii,15,Metro,Metro,Hispanic or Latino,2135-2,Unknown or Not Stated,9,None checked,1,20
,Hawaii,15,Metro,Metro,Not Hispanic or Latino,2186-5,Medicaid,1,At least one checked,0,52
,Hawaii,15,Metro,Metro,Not Hispanic or Latino,2186-5,Medicaid,1,None checked,1,10267
,Hawaii,15,Metro,Metro,Not Hispanic or Latino,2186-5,Private Insurance,2,At least one checked,0,147
,Hawaii,15,Metro,Metro,Not Hispanic or Latino,2186-5,Private Insurance,2,None checked,1,14442
,Hawaii,15,Metro,Metro,Not Hispanic or Latino,2186-5,Self Pay,3,None checked,1,1247
,Hawaii,15,Metro,Metro,Not Hispanic or Latino,2186-5,Other,4,At least one checked,0,169
,Hawaii,15,Metro,Metro,Not Hispanic or Latino,2186-5,Other,4,None checked,1,7742
,Hawaii,15,Metro,Metro,Not Hispanic or Latino,2186-5,Unknown or Not Stated,9,None checked,1,135
,Hawaii,15,Metro,Metro,Unknown or Not Stated,9,Medicaid,1,None checked,1,135
,Hawaii,15,Metro,Metro,Unknown or Not Stated,9,Private Insurance,2,None checked,1,55
,Hawaii,15,Metro,Metro,Unknown or Not Stated,9,Other,4,None checked,1,28
,Hawaii,15,Nonmetro,Nonmetro,Hispanic or Latino,2135-2,Medicaid,1,At least one checked,0,33
,Hawaii,15,Nonmetro,Nonmetro,Hispanic or Latino,2135-2,Medicaid,1,None checked,1,1127
,Hawaii,15,Nonmetro,Nonmetro,Hispanic or Latino,2135-2,Private Insurance,2,At least one checked,0,23
,Hawaii,15,Nonmetro,Nonmetro,Hispanic or Latino,2135-2,Private Insurance,2,None checked,1,728
,Hawaii,15,Nonmetro,Nonmetro,Hispanic or Latino,2135-2,Self Pay,3,None checked,1,152
,Hawaii,15,Nonmetro,Nonmetro,Hispanic or Latino,2135-2,Other,4,None checked,1,29
,Hawaii,15,Nonmetro,Nonmetro,Not Hispanic or Latino,2186-5,Medicaid,1,At least one checked,0,122
,Hawaii,15,Nonmetro,Nonmetro,Not Hispanic or Latino,2186-5,Medicaid,1,None checked,1,3355
,Hawaii,15,Nonmetro,Nonmetro,Not Hispanic or Latino,2186-5,Private Insurance,2,At least one checked,0,81
,Hawaii,15,Nonmetro,Nonmetro,Not Hispanic or Latino,2186-5,Private Insurance,2,None checked,1,3226
,Hawaii,15,Nonmetro,Nonmetro,Not Hispanic or Latino,2186-5,Self Pay,3,None checked,1,540
,Hawaii,15,Nonmetro,Nonmetro,Not Hispanic or Latino,2186-5,Other,4,None checked,1,139
,Hawaii,15,Nonmetro,Nonmetro,Not Hispanic or Latino,2186-5,Unknown or Not Stated,9,None checked,1,10
,Hawaii,15,Nonmetro,Nonmetro,Unknown or Not Stated,9,Medicaid,1,None checked,1,28
,Hawaii,15,Nonmetro,Nonmetro,Unknown or Not Stated,9,Private Insurance,2,None checked,1,14
,Idaho,16,Metro,Metro,Hispanic or Latino,2135-2,Medicaid,1,At least one checked,0,77
,Idaho,16,Metro,Metro,Hispanic or Latino,2135-2,Medicaid,1,None checked,1,4583
,Idaho,16,Metro,Metro,Hispanic or Latino,2135-2,Private Insurance,2,At least one checked,0,68
,Idaho,16,Metro,Metro,Hispanic or Latino,2135-2,Private Insurance,2,None checked,1,4683
,Idaho,16,Metro,Metro,Hispanic or Latino,2135-2,Self Pay,3,At least one checked,0,27
,Idaho,16,Metro,Metro,Hispanic or Latino,2135-2,Self Pay,3,None checked,1,1412
,Idaho,16,Metro,Metro,Hispanic or Latino,2135-2,Other,4,None checked,1,580
,Idaho,16,Metro,Metro,Hispanic or Latino,2135-2,Unknown or Not Stated,9,None checked,1,64
,Idaho,16,Metro,Metro,Not Hispanic or Latino,2186-5,Medicaid,1,At least one checked,0,151
,Idaho,16,Metro,Metro,Not Hispanic or Latino,2186-5,Medicaid,1,None checked,1,11461
,Idaho,16,Metro,Metro,Not Hispanic or Latino,2186-5,Private Insurance,2,At least one checked,0,569
,Idaho,16,Metro,Metro,Not Hispanic or Latino,2186-5,Private Insurance,2,None checked,1,30445
,Idaho,16,Metro,Metro,Not Hispanic or Latino,2186-5,Self Pay,3,At least one checked,0,41
,Idaho,16,Metro,Metro,Not Hispanic or Latino,2186-5,Self Pay,3,None checked,1,3549
,Idaho,16,Metro,Metro,Not Hispanic or Latino,2186-5,Other,4,At least one checked,0,21
,Idaho,16,Metro,Metro,Not Hispanic or Latino,2186-5,Other,4,None checked,1,1720
,Idaho,16,Metro,Metro,Not Hispanic or Latino,2186-5,Unknown or Not Stated,9,None checked,1,154
,Idaho,16,Metro,Metro,Unknown or Not Stated,9,Medicaid,1,None checked,1,69
,Idaho,16,Metro,Metro,Unknown or Not Stated,9,Private Insurance,2,None checked,1,90
,Idaho,16,Metro,Metro,Unknown or Not Stated,9,Self Pay,3,None checked,1,42
,Idaho,16,Metro,Metro,Unknown or Not Stated,9,Unknown or Not Stated,9,None checked,1,21
,Idaho,16,Nonmetro,Nonmetro,Hispanic or Latino,2135-2,Medicaid,1,At least one checked,0,40
,Idaho,16,Nonmetro,Nonmetro,Hispanic or Latino,2135-2,Medicaid,1,None checked,1,1633
,Idaho,16,Nonmetro,Nonmetro,Hispanic or Latino,2135-2,Private Insurance,2,At least one checked,0,26
,Idaho,16,Nonmetro,Nonmetro,Hispanic or Latino,2135-2,Private Insurance,2,None checked,1,1389
,Idaho,16,Nonmetro,Nonmetro,Hispanic or Latino,2135-2,Self Pay,3,At least one checked,0,18
,Idaho,16,Nonmetro,Nonmetro,Hispanic or Latino,2135-2,Self Pay,3,None checked,1,584
,Idaho,16,Nonmetro,Nonmetro,Hispanic or Latino,2135-2,Other,4,At least one checked,0,10
,Idaho,16,Nonmetro,Nonmetro,Hispanic or Latino,2135-2,Other,4,None checked,1,347
,Idaho,16,Nonmetro,Nonmetro,Hispanic or Latino,2135-2,Unknown or Not Stated,9,None checked,1,20
,Idaho,16,Nonmetro,Nonmetro,Not Hispanic or Latino,2186-5,Medicaid,1,At least one checked,0,60
,Idaho,16,Nonmetro,Nonmetro,Not Hispanic or Latino,2186-5,Medicaid,1,None checked,1,4682
,Idaho,16,Nonmetro,Nonmetro,Not Hispanic or Latino,2186-5,Private Insurance,2,At least one checked,0,193
,Idaho,16,Nonmetro,Nonmetro,Not Hispanic or Latino,2186-5,Private Insurance,2,None checked,1,10060
,Idaho,16,Nonmetro,Nonmetro,Not Hispanic or Latino,2186-5,Self Pay,3,At least one checked,0,22
,Idaho,16,Nonmetro,Nonmetro,Not Hispanic or Latino,2186-5,Self Pay,3,None checked,1,1784
,Idaho,16,Nonmetro,Nonmetro,Not Hispanic or Latino,2186-5,Other,4,At least one checked,0,16
,Idaho,16,Nonmetro,Nonmetro,Not Hispanic or Latino,2186-5,Other,4,None checked,1,941
,Idaho,16,Nonmetro,Nonmetro,Not Hispanic or Latino,2186-5,Unknown or Not Stated,9,None checked,1,121
,Idaho,16,Nonmetro,Nonmetro,Unknown or Not Stated,9,Medicaid,1,None checked,1,26
,Idaho,16,Nonmetro,Nonmetro,Unknown or Not Stated,9,Private Insurance,2,None checked,1,32
,Idaho,16,Nonmetro,Nonmetro,Unknown or Not Stated,9,Self Pay,3,None checked,1,97
,Idaho,16,Nonmetro,Nonmetro,Unknown or Not Stated,9,Other,4,None checked,1,11
,Illinois,17,Metro,Metro,Hispanic or Latino,2135-2,Medicaid,1,At least one checked,0,1066
,Illinois,17,Metro,Metro,Hispanic or Latino,2135-2,Medicaid,1,None checked,1,62833
,Illinois,17,Metro,Metro,Hispanic or Latino,2135-2,Medicaid,1,Unknown or Not Stated,9,369
,Illinois,17,Metro,Metro,Hispanic or Latino,2135-2,Private Insurance,2,At least one checked,0,693
,Illinois,17,Metro,Metro,Hispanic or Latino,2135-2,Private Insurance,2,None checked,1,37924
,Illinois,17,Metro,Metro,Hispanic or Latino,2135-2,Private Insurance,2,Unknown or Not Stated,9,55
,Illinois,17,Metro,Metro,Hispanic or Latino,2135-2,Self Pay,3,At least one checked,0,20
,Illinois,17,Metro,Metro,Hispanic or Latino,2135-2,Self Pay,3,None checked,1,1230
,Illinois,17,Metro,Metro,Hispanic or Latino,2135-2,Other,4,None checked,1,516
,Illinois,17,Metro,Metro,Hispanic or Latino,2135-2,Unknown or Not Stated,9,None checked,1,201
,Illinois,17,Metro,Metro,Not Hispanic or Latino,2186-5,Medicaid,1,At least one checked,0,1428
,Illinois,17,Metro,Metro,Not Hispanic or Latino,2186-5,Medicaid,1,None checked,1,78688
,Illinois,17,Metro,Metro,Not Hispanic or Latino,2186-5,Medicaid,1,Unknown or Not Stated,9,192
,Illinois,17,Metro,Metro,Not Hispanic or Latino,2186-5,Private Insurance,2,At least one checked,0,3843
,Illinois,17,Metro,Metro,Not Hispanic or Latino,2186-5,Private Insurance,2,None checked,1,181897
,Illinois,17,Metro,Metro,Not Hispanic or Latino,2186-5,Private Insurance,2,Unknown or Not Stated,9,144
,Illinois,17,Metro,Metro,Not Hispanic or Latino,2186-5,Self Pay,3,At least one checked,0,85
,Illinois,17,Metro,Metro,Not Hispanic or Latino,2186-5,Self Pay,3,None checked,1,3555
,Illinois,17,Metro,Metro,Not Hispanic or Latino,2186-5,Self Pay,3,Unknown or Not Stated,9,25
,Illinois,17,Metro,Metro,Not Hispanic or Latino,2186-5,Other,4,At least one checked,0,40
,Illinois,17,Metro,Metro,Not Hispanic or Latino,2186-5,Other,4,None checked,1,1738
,Illinois,17,Metro,Metro,Not Hispanic or Latino,2186-5,Unknown or Not Stated,9,None checked,1,484
,Illinois,17,Metro,Metro,Not Hispanic or Latino,2186-5,Unknown or Not Stated,9,Unknown or Not Stated,9,35
,Illinois,17,Metro,Metro,Unknown or Not Stated,9,Medicaid,1,At least one checked,0,22
,Illinois,17,Metro,Metro,Unknown or Not Stated,9,Medicaid,1,None checked,1,852
,Illinois,17,Metro,Metro,Unknown or Not Stated,9,Private Insurance,2,At least one checked,0,56
,Illinois,17,Metro,Metro,Unknown or Not Stated,9,Private Insurance,2,None checked,1,1781
,Illinois,17,Metro,Metro,Unknown or Not Stated,9,Self Pay,3,None checked,1,31
,Illinois,17,Metro,Metro,Unknown or Not Stated,9,Other,4,None checked,1,17
,Illinois,17,Metro,Metro,Unknown or Not Stated,9,Unknown or Not Stated,9,None checked,1,17
,Illinois,17,Nonmetro,Nonmetro,Hispanic or Latino,2135-2,Medicaid,1,At least one checked,0,70
,Illinois,17,Nonmetro,Nonmetro,Hispanic or Latino,2135-2,Medicaid,1,None checked,1,2581
,Illinois,17,Nonmetro,Nonmetro,Hispanic or Latino,2135-2,Private Insurance,2,At least one checked,0,29
,Illinois,17,Nonmetro,Nonmetro,Hispanic or Latino,2135-2,Private Insurance,2,None checked,1,1356
,Illinois,17,Nonmetro,Nonmetro,Hispanic or Latino,2135-2,Self Pay,3,None checked,1,125
,Illinois,17,Nonmetro,Nonmetro,Hispanic or Latino,2135-2,Other,4,None checked,1,36
,Illinois,17,Nonmetro,Nonmetro,Not Hispanic or Latino,2186-5,Medicaid,1,At least one checked,0,372
,Illinois,17,Nonmetro,Nonmetro,Not Hispanic or Latino,2186-5,Medicaid,1,None checked,1,20111
,Illinois,17,Nonmetro,Nonmetro,Not Hispanic or Latino,2186-5,Private Insurance,2,At least one checked,0,664
,Illinois,17,Nonmetro,Nonmetro,Not Hispanic or Latino,2186-5,Private Insurance,2,None checked,1,27474
,Illinois,17,Nonmetro,Nonmetro,Not Hispanic or Latino,2186-5,Private Insurance,2,Unknown or Not Stated,9,18
,Illinois,17,Nonmetro,Nonmetro,Not Hispanic or Latino,2186-5,Self Pay,3,At least one checked,0,37
,Illinois,17,Nonmetro,Nonmetro,Not Hispanic or Latino,2186-5,Self Pay,3,None checked,1,1835
,Illinois,17,Nonmetro,Nonmetro,Not Hispanic or Latino,2186-5,Self Pay,3,Unknown or Not Stated,9,38
,Illinois,17,Nonmetro,Nonmetro,Not Hispanic or Latino,2186-5,Other,4,At least one checked,0,12
,Illinois,17,Nonmetro,Nonmetro,Not Hispanic or Latino,2186-5,Other,4,None checked,1,457
,Illinois,17,Nonmetro,Nonmetro,Not Hispanic or Latino,2186-5,Unknown or Not Stated,9,None checked,1,145
,Illinois,17,Nonmetro,Nonmetro,Unknown or Not Stated,9,Medicaid,1,None checked,1,63
,Illinois,17,Nonmetro,Nonmetro,Unknown or Not Stated,9,Private Insurance,2,None checked,1,59
,Indiana,18,Metro,Metro,Hispanic or Latino,2135-2,Medicaid,1,At least one checked,0,283
,Indiana,18,Metro,Metro,Hispanic or Latino,2135-2,Medicaid,1,None checked,1,21261
,Indiana,18,Metro,Metro,Hispanic or Latino,2135-2,Medicaid,1,Unknown or Not Stated,9,81
,Indiana,18,Metro,Metro,Hispanic or Latino,2135-2,Private Insurance,2,At least one checked,0,114
,Indiana,18,Metro,Metro,Hispanic or Latino,2135-2,Private Insurance,2,None checked,1,8930
,Indiana,18,Metro,Metro,Hispanic or Latino,2135-2,Private Insurance,2,Unknown or Not Stated,9,28
,Indiana,18,Metro,Metro,Hispanic or Latino,2135-2,Self Pay,3,At least one checked,0,18
,Indiana,18,Metro,Metro,Hispanic or Latino,2135-2,Self Pay,3,None checked,1,1271
,Indiana,18,Metro,Metro,Hispanic or Latino,2135-2,Other,4,At least one checked,0,10
,Indiana,18,Metro,Metro,Hispanic or Latino,2135-2,Other,4,None checked,1,813
,Indiana,18,Metro,Metro,Hispanic or Latino,2135-2,Unknown or Not Stated,9,None checked,1,311
,Indiana,18,Metro,Metro,Hispanic or Latino,2135-2,Unknown or Not Stated,9,Unknown or Not Stated,9,10
,Indiana,18,Metro,Metro,Not Hispanic or Latino,2186-5,Medicaid,1,At least one checked,0,890
,Indiana,18,Metro,Metro,Not Hispanic or Latino,2186-5,Medicaid,1,None checked,1,63114
,Indiana,18,Metro,Metro,Not Hispanic or Latino,2186-5,Medicaid,1,Unknown or Not Stated,9,200
,Indiana,18,Metro,Metro,Not Hispanic or Latino,2186-5,Private Insurance,2,At least one checked,0,1496
,Indiana,18,Metro,Metro,Not Hispanic or Latino,2186-5,Private Insurance,2,None checked,1,100765
,Indiana,18,Metro,Metro,Not Hispanic or Latino,2186-5,Private Insurance,2,Unknown or Not Stated,9,178
,Indiana,18,Metro,Metro,Not Hispanic or Latino,2186-5,Self Pay,3,At least one checked,0,90
,Indiana,18,Metro,Metro,Not Hispanic or Latino,2186-5,Self Pay,3,None checked,1,6980
,Indiana,18,Metro,Metro,Not Hispanic or Latino,2186-5,Self Pay,3,Unknown or Not Stated,9,17
,Indiana,18,Metro,Metro,Not Hispanic or Latino,2186-5,Other,4,At least one checked,0,114
,Indiana,18,Metro,Metro,Not Hispanic or Latino,2186-5,Other,4,None checked,1,7655
,Indiana,18,Metro,Metro,Not Hispanic or Latino,2186-5,Other,4,Unknown or Not Stated,9,34
,Indiana,18,Metro,Metro,Not Hispanic or Latino,2186-5,Unknown or Not Stated,9,At least one checked,0,25
,Indiana,18,Metro,Metro,Not Hispanic or Latino,2186-5,Unknown or Not Stated,9,None checked,1,1514
,Indiana,18,Metro,Metro,Not Hispanic or Latino,2186-5,Unknown or Not Stated,9,Unknown or Not Stated,9,46
,Indiana,18,Metro,Metro,Unknown or Not Stated,9,Medicaid,1,None checked,1,145
,Indiana,18,Metro,Metro,Unknown or Not Stated,9,Private Insurance,2,None checked,1,137
,Indiana,18,Metro,Metro,Unknown or Not Stated,9,Self Pay,3,None checked,1,30
,Indiana,18,Metro,Metro,Unknown or Not Stated,9,Other,4,None checked,1,11
,Indiana,18,Metro,Metro,Unknown or Not Stated,9,Unknown or Not Stated,9,None checked,1,17
,Indiana,18,Metro,Metro,Unknown or Not Stated,9,Unknown or Not Stated,9,Unknown or Not Stated,9,12
,Indiana,18,Nonmetro,Nonmetro,Hispanic or Latino,2135-2,Medicaid,1,At least one checked,0,54
,Indiana,18,Nonmetro,Nonmetro,Hispanic or Latino,2135-2,Medicaid,1,None checked,1,3660
,Indiana,18,Nonmetro,Nonmetro,Hispanic or Latino,2135-2,Private Insurance,2,At least one checked,0,34
,Indiana,18,Nonmetro,Nonmetro,Hispanic or Latino,2135-2,Private Insurance,2,None checked,1,1449
,Indiana,18,Nonmetro,Nonmetro,Hispanic or Latino,2135-2,Self Pay,3,None checked,1,302
,Indiana,18,Nonmetro,Nonmetro,Hispanic or Latino,2135-2,Other,4,None checked,1,103
,Indiana,18,Nonmetro,Nonmetro,Hispanic or Latino,2135-2,Unknown or Not Stated,9,None checked,1,165
,Indiana,18,Nonmetro,Nonmetro,Not Hispanic or Latino,2186-5,Medicaid,1,At least one checked,0,260
,Indiana,18,Nonmetro,Nonmetro,Not Hispanic or Latino,2186-5,Medicaid,1,None checked,1,19160
,Indiana,18,Nonmetro,Nonmetro,Not Hispanic or Latino,2186-5,Medicaid,1,Unknown or Not Stated,9,34
,Indiana,18,Nonmetro,Nonmetro,Not Hispanic or Latino,2186-5,Private Insurance,2,At least one checked,0,447
,Indiana,18,Nonmetro,Nonmetro,Not Hispanic or Latino,2186-5,Private Insurance,2,None checked,1,26385
,Indiana,18,Nonmetro,Nonmetro,Not Hispanic or Latino,2186-5,Private Insurance,2,Unknown or Not Stated,9,42
,Indiana,18,Nonmetro,Nonmetro,Not Hispanic or Latino,2186-5,Self Pay,3,At least one checked,0,81
,Indiana,18,Nonmetro,Nonmetro,Not Hispanic or Latino,2186-5,Self Pay,3,None checked,1,6941
,Indiana,18,Nonmetro,Nonmetro,Not Hispanic or Latino,2186-5,Self Pay,3,Unknown or Not Stated,9,15
,Indiana,18,Nonmetro,Nonmetro,Not Hispanic or Latino,2186-5,Other,4,At least one checked,0,32
,Indiana,18,Nonmetro,Nonmetro,Not Hispanic or Latino,2186-5,Other,4,None checked,1,1523
,Indiana,18,Nonmetro,Nonmetro,Not Hispanic or Latino,2186-5,Unknown or Not Stated,9,None checked,1,577
,Indiana,18,Nonmetro,Nonmetro,Unknown or Not Stated,9,Medicaid,1,None checked,1,20
,Indiana,18,Nonmetro,Nonmetro,Unknown or Not Stated,9,Private Insurance,2,None checked,1,17
,Iowa,19,Metro,Metro,Hispanic or Latino,2135-2,Medicaid,1,At least one checked,0,104
,Iowa,19,Metro,Metro,Hispanic or Latino,2135-2,Medicaid,1,None checked,1,5019
,Iowa,19,Metro,Metro,Hispanic or Latino,2135-2,Private Insurance,2,At least one checked,0,66
,Iowa,19,Metro,Metro,Hispanic or Latino,2135-2,Private Insurance,2,None checked,1,3044
,Iowa,19,Metro,Metro,Hispanic or Latino,2135-2,Self Pay,3,At least one checked,0,40
,Iowa,19,Metro,Metro,Hispanic or Latino,2135-2,Self Pay,3,None checked,1,1213
,Iowa,19,Metro,Metro,Hispanic or Latino,2135-2,Other,4,None checked,1,116
,Iowa,19,Metro,Metro,Not Hispanic or Latino,2186-5,Medicaid,1,At least one checked,0,428
,Iowa,19,Metro,Metro,Not Hispanic or Latino,2186-5,Medicaid,1,None checked,1,22300
,Iowa,19,Metro,Metro,Not Hispanic or Latino,2186-5,Private Insurance,2,At least one checked,0,1230
,Iowa,19,Metro,Metro,Not Hispanic or Latino,2186-5,Private Insurance,2,None checked,1,43352
,Iowa,19,Metro,Metro,Not Hispanic or Latino,2186-5,Private Insurance,2,Unknown or Not Stated,9,23
,Iowa,19,Metro,Metro,Not Hispanic or Latino,2186-5,Self Pay,3,At least one checked,0,37
,Iowa,19,Metro,Metro,Not Hispanic or Latino,2186-5,Self Pay,3,None checked,1,1699
,Iowa,19,Metro,Metro,Not Hispanic or Latino,2186-5,Other,4,At least one checked,0,19
,Iowa,19,Metro,Metro,Not Hispanic or Latino,2186-5,Other,4,None checked,1,810
,Iowa,19,Metro,Metro,Not Hispanic or Latino,2186-5,Unknown or Not Stated,9,None checked,1,16
,Iowa,19,Nonmetro,Nonmetro,Hispanic or Latino,2135-2,Medicaid,1,At least one checked,0,80
,Iowa,19,Nonmetro,Nonmetro,Hispanic or Latino,2135-2,Medicaid,1,None checked,1,3157
,Iowa,19,Nonmetro,Nonmetro,Hispanic or Latino,2135-2,Private Insurance,2,At least one checked,0,74
,Iowa,19,Nonmetro,Nonmetro,Hispanic or Latino,2135-2,Private Insurance,2,None checked,1,1912
,Iowa,19,Nonmetro,Nonmetro,Hispanic or Latino,2135-2,Self Pay,3,At least one checked,0,27
,Iowa,19,Nonmetro,Nonmetro,Hispanic or Latino,2135-2,Self Pay,3,None checked,1,850
,Iowa,19,Nonmetro,Nonmetro,Hispanic or Latino,2135-2,Other,4,None checked,1,65
,Iowa,19,Nonmetro,Nonmetro,Not Hispanic or Latino,2186-5,Medicaid,1,At least one checked,0,356
,Iowa,19,Nonmetro,Nonmetro,Not Hispanic or Latino,2186-5,Medicaid,1,None checked,1,14162
,Iowa,19,Nonmetro,Nonmetro,Not Hispanic or Latino,2186-5,Private Insurance,2,At least one checked,0,657
,Iowa,19,Nonmetro,Nonmetro,Not Hispanic or Latino,2186-5,Private Insurance,2,None checked,1,23235
,Iowa,19,Nonmetro,Nonmetro,Not Hispanic or Latino,2186-5,Self Pay,3,At least one checked,0,32
,Iowa,19,Nonmetro,Nonmetro,Not Hispanic or Latino,2186-5,Self Pay,3,None checked,1,2406
,Iowa,19,Nonmetro,Nonmetro,Not Hispanic or Latino,2186-5,Other,4,At least one checked,0,17
,Iowa,19,Nonmetro,Nonmetro,Not Hispanic or Latino,2186-5,Other,4,None checked,1,496
,Iowa,19,Nonmetro,Nonmetro,Not Hispanic or Latino,2186-5,Unknown or Not Stated,9,None checked,1,10
,Kansas,20,Metro,Metro,Hispanic or Latino,2135-2,Medicaid,1,At least one checked,0,68
,Kansas,20,Metro,Metro,Hispanic or Latino,2135-2,Medicaid,1,None checked,1,6051
,Kansas,20,Metro,Metro,Hispanic or Latino,2135-2,Private Insurance,2,At least one checked,0,63
,Kansas,20,Metro,Metro,Hispanic or Latino,2135-2,Private Insurance,2,None checked,1,5194
,Kansas,20,Metro,Metro,Hispanic or Latino,2135-2,Self Pay,3,At least one checked,0,31
,Kansas,20,Metro,Metro,Hispanic or Latino,2135-2,Self Pay,3,None checked,1,2955
,Kansas,20,Metro,Metro,Hispanic or Latino,2135-2,Other,4,At least one checked,0,22
,Kansas,20,Metro,Metro,Hispanic or Latino,2135-2,Other,4,None checked,1,1421
,Kansas,20,Metro,Metro,Hispanic or Latino,2135-2,Unknown or Not Stated,9,None checked,1,456
,Kansas,20,Metro,Metro,Not Hispanic or Latino,2186-5,Medicaid,1,At least one checked,0,177
,Kansas,20,Metro,Metro,Not Hispanic or Latino,2186-5,Medicaid,1,None checked,1,16923
,Kansas,20,Metro,Metro,Not Hispanic or Latino,2186-5,Private Insurance,2,At least one checked,0,602
,Kansas,20,Metro,Metro,Not Hispanic or Latino,2186-5,Private Insurance,2,None checked,1,42047
,Kansas,20,Metro,Metro,Not Hispanic or Latino,2186-5,Self Pay,3,At least one checked,0,51
,Kansas,20,Metro,Metro,Not Hispanic or Latino,2186-5,Self Pay,3,None checked,1,3063
,Kansas,20,Metro,Metro,Not Hispanic or Latino,2186-5,Other,4,At least one checked,0,68
,Kansas,20,Metro,Metro,Not Hispanic or Latino,2186-5,Other,4,None checked,1,4941
,Kansas,20,Metro,Metro,Not Hispanic or Latino,2186-5,Unknown or Not Stated,9,None checked,1,242
,Kansas,20,Metro,Metro,Unknown or Not Stated,9,Medicaid,1,None checked,1,70
,Kansas,20,Metro,Metro,Unknown or Not Stated,9,Private Insurance,2,None checked,1,102
,Kansas,20,Metro,Metro,Unknown or Not Stated,9,Self Pay,3,None checked,1,14
,Kansas,20,Metro,Metro,Unknown or Not Stated,9,Other,4,None checked,1,18
,Kansas,20,Metro,Metro,Unknown or Not Stated,9,Unknown or Not Stated,9,None checked,1,16
,Kansas,20,Nonmetro,Nonmetro,Hispanic or Latino,2135-2,Medicaid,1,At least one checked,0,52
,Kansas,20,Nonmetro,Nonmetro,Hispanic or Latino,2135-2,Medicaid,1,None checked,1,3163
,Kansas,20,Nonmetro,Nonmetro,Hispanic or Latino,2135-2,Private Insurance,2,At least one checked,0,39
,Kansas,20,Nonmetro,Nonmetro,Hispanic or Latino,2135-2,Private Insurance,2,None checked,1,2803
,Kansas,20,Nonmetro,Nonmetro,Hispanic or Latino,2135-2,Self Pay,3,At least one checked,0,23
,Kansas,20,Nonmetro,Nonmetro,Hispanic or Latino,2135-2,Self Pay,3,None checked,1,1356
,Kansas,20,Nonmetro,Nonmetro,Hispanic or Latino,2135-2,Other,4,None checked,1,197
,Kansas,20,Nonmetro,Nonmetro,Hispanic or Latino,2135-2,Unknown or Not Stated,9,None checked,1,207
,Kansas,20,Nonmetro,Nonmetro,Not Hispanic or Latino,2186-5,Medicaid,1,At least one checked,0,145
,Kansas,20,Nonmetro,Nonmetro,Not Hispanic or Latino,2186-5,Medicaid,1,None checked,1,8923
,Kansas,20,Nonmetro,Nonmetro,Not Hispanic or Latino,2186-5,Private Insurance,2,At least one checked,0,258
,Kansas,20,Nonmetro,Nonmetro,Not Hispanic or Latino,2186-5,Private Insurance,2,None checked,1,14746
,Kansas,20,Nonmetro,Nonmetro,Not Hispanic or Latino,2186-5,Self Pay,3,At least one checked,0,21
,Kansas,20,Nonmetro,Nonmetro,Not Hispanic or Latino,2186-5,Self Pay,3,None checked,1,1786
,Kansas,20,Nonmetro,Nonmetro,Not Hispanic or Latino,2186-5,Other,4,At least one checked,0,12
,Kansas,20,Nonmetro,Nonmetro,Not Hispanic or Latino,2186-5,Other,4,None checked,1,712
,Kansas,20,Nonmetro,Nonmetro,Not Hispanic or Latino,2186-5,Unknown or Not Stated,9,None checked,1,287
,Kansas,20,Nonmetro,Nonmetro,Unknown or Not Stated,9,Medicaid,1,None checked,1,29
,Kansas,20,Nonmetro,Nonmetro,Unknown or Not Stated,9,Private Insurance,2,None checked,1,30
,Kansas,20,Nonmetro,Nonmetro,Unknown or Not Stated,9,Self Pay,3,None checked,1,12
,Kansas,20,Nonmetro,Nonmetro,Unknown or Not Stated,9,Unknown or Not Stated,9,None checked,1,11
,Kentucky,21,Metro,Metro,Hispanic or Latino,2135-2,Medicaid,1,At least one checked,0,127
,Kentucky,21,Metro,Metro,Hispanic or Latino,2135-2,Medicaid,1,None checked,1,7534
,Kentucky,21,Metro,Metro,Hispanic or Latino,2135-2,Private Insurance,2,At least one checked,0,55
,Kentucky,21,Metro,Metro,Hispanic or Latino,2135-2,Private Insurance,2,None checked,1,3099
,Kentucky,21,Metro,Metro,Hispanic or Latino,2135-2,Self Pay,3,At least one checked,0,30
,Kentucky,21,Metro,Metro,Hispanic or Latino,2135-2,Self Pay,3,None checked,1,2393
,Kentucky,21,Metro,Metro,Hispanic or Latino,2135-2,Other,4,At least one checked,0,25
,Kentucky,21,Metro,Metro,Hispanic or Latino,2135-2,Other,4,None checked,1,1738
,Kentucky,21,Metro,Metro,Hispanic or Latino,2135-2,Unknown or Not Stated,9,None checked,1,495
,Kentucky,21,Metro,Metro,Not Hispanic or Latino,2186-5,Medicaid,1,At least one checked,0,460
,Kentucky,21,Metro,Metro,Not Hispanic or Latino,2186-5,Medicaid,1,None checked,1,35432
,Kentucky,21,Metro,Metro,Not Hispanic or Latino,2186-5,Medicaid,1,Unknown or Not Stated,9,41
,Kentucky,21,Metro,Metro,Not Hispanic or Latino,2186-5,Private Insurance,2,At least one checked,0,951
,Kentucky,21,Metro,Metro,Not Hispanic or Latino,2186-5,Private Insurance,2,None checked,1,52958
,Kentucky,21,Metro,Metro,Not Hispanic or Latino,2186-5,Private Insurance,2,Unknown or Not Stated,9,54
,Kentucky,21,Metro,Metro,Not Hispanic or Latino,2186-5,Self Pay,3,At least one checked,0,50
,Kentucky,21,Metro,Metro,Not Hispanic or Latino,2186-5,Self Pay,3,None checked,1,2834
,Kentucky,21,Metro,Metro,Not Hispanic or Latino,2186-5,Self Pay,3,Unknown or Not Stated,9,16
,Kentucky,21,Metro,Metro,Not Hispanic or Latino,2186-5,Other,4,At least one checked,0,71
,Kentucky,21,Metro,Metro,Not Hispanic or Latino,2186-5,Other,4,None checked,1,6442
,Kentucky,21,Metro,Metro,Not Hispanic or Latino,2186-5,Other,4,Unknown or Not Stated,9,20
,Kentucky,21,Metro,Metro,Not Hispanic or Latino,2186-5,Unknown or Not Stated,9,At least one checked,0,13
,Kentucky,21,Metro,Metro,Not Hispanic or Latino,2186-5,Unknown or Not Stated,9,None checked,1,718
,Kentucky,21,Metro,Metro,Not Hispanic or Latino,2186-5,Unknown or Not Stated,9,Unknown or Not Stated,9,12
,Kentucky,21,Metro,Metro,Unknown or Not Stated,9,Medicaid,1,None checked,1,321
,Kentucky,21,Metro,Metro,Unknown or Not Stated,9,Private Insurance,2,At least one checked,0,10
,Kentucky,21,Metro,Metro,Unknown or Not Stated,9,Private Insurance,2,None checked,1,278
,Kentucky,21,Metro,Metro,Unknown or Not Stated,9,Other,4,None checked,1,29
,Kentucky,21,Metro,Metro,Unknown or Not Stated,9,Unknown or Not Stated,9,None checked,1,28
,Kentucky,21,Nonmetro,Nonmetro,Hispanic or Latino,2135-2,Medicaid,1,At least one checked,0,23
,Kentucky,21,Nonmetro,Nonmetro,Hispanic or Latino,2135-2,Medicaid,1,None checked,1,1201
,Kentucky,21,Nonmetro,Nonmetro,Hispanic or Latino,2135-2,Private Insurance,2,None checked,1,542
,Kentucky,21,Nonmetro,Nonmetro,Hispanic or Latino,2135-2,Self Pay,3,At least one checked,0,21
,Kentucky,21,Nonmetro,Nonmetro,Hispanic or Latino,2135-2,Self Pay,3,None checked,1,886
,Kentucky,21,Nonmetro,Nonmetro,Hispanic or Latino,2135-2,Other,4,None checked,1,246
,Kentucky,21,Nonmetro,Nonmetro,Hispanic or Latino,2135-2,Unknown or Not Stated,9,None checked,1,104
,Kentucky,21,Nonmetro,Nonmetro,Not Hispanic or Latino,2186-5,Medicaid,1,At least one checked,0,440
,Kentucky,21,Nonmetro,Nonmetro,Not Hispanic or Latino,2186-5,Medicaid,1,None checked,1,31592
,Kentucky,21,Nonmetro,Nonmetro,Not Hispanic or Latino,2186-5,Medicaid,1,Unknown or Not Stated,9,65
,Kentucky,21,Nonmetro,Nonmetro,Not Hispanic or Latino,2186-5,Private Insurance,2,At least one checked,0,370
,Kentucky,21,Nonmetro,Nonmetro,Not Hispanic or Latino,2186-5,Private Insurance,2,None checked,1,23901
,Kentucky,21,Nonmetro,Nonmetro,Not Hispanic or Latino,2186-5,Private Insurance,2,Unknown or Not Stated,9,37
,Kentucky,21,Nonmetro,Nonmetro,Not Hispanic or Latino,2186-5,Self Pay,3,At least one checked,0,60
,Kentucky,21,Nonmetro,Nonmetro,Not Hispanic or Latino,2186-5,Self Pay,3,None checked,1,3371
,Kentucky,21,Nonmetro,Nonmetro,Not Hispanic or Latino,2186-5,Self Pay,3,Unknown or Not Stated,9,77
,Kentucky,21,Nonmetro,Nonmetro,Not Hispanic or Latino,2186-5,Other,4,At least one checked,0,35
,Kentucky,21,Nonmetro,Nonmetro,Not Hispanic or Latino,2186-5,Other,4,None checked,1,2455
,Kentucky,21,Nonmetro,Nonmetro,Not Hispanic or Latino,2186-5,Other,4,Unknown or Not Stated,9,13
,Kentucky,21,Nonmetro,Nonmetro,Not Hispanic or Latino,2186-5,Unknown or Not Stated,9,At least one checked,0,22
,Kentucky,21,Nonmetro,Nonmetro,Not Hispanic or Latino,2186-5,Unknown or Not Stated,9,None checked,1,951
,Kentucky,21,Nonmetro,Nonmetro,Not Hispanic or Latino,2186-5,Unknown or Not Stated,9,Unknown or Not Stated,9,27
,Kentucky,21,Nonmetro,Nonmetro,Unknown or Not Stated,9,Medicaid,1,None checked,1,72
,Kentucky,21,Nonmetro,Nonmetro,Unknown or Not Stated,9,Private Insurance,2,None checked,1,48
,Kentucky,21,Nonmetro,Nonmetro,Unknown or Not Stated,9,Self Pay,3,None checked,1,11
,Kentucky,21,Nonmetro,Nonmetro,Unknown or Not Stated,9,Unknown or Not Stated,9,None checked,1,33
,Louisiana,22,Metro,Metro,Hispanic or Latino,2135-2,Medicaid,1,At least one checked,0,228
,Louisiana,22,Metro,Metro,Hispanic or Latino,2135-2,Medicaid,1,None checked,1,15133
,Louisiana,22,Metro,Metro,Hispanic or Latino,2135-2,Private Insurance,2,At least one checked,0,38
,Louisiana,22,Metro,Metro,Hispanic or Latino,2135-2,Private Insurance,2,None checked,1,2340
,Louisiana,22,Metro,Metro,Hispanic or Latino,2135-2,Self Pay,3,At least one checked,0,13
,Louisiana,22,Metro,Metro,Hispanic or Latino,2135-2,Self Pay,3,None checked,1,668
,Louisiana,22,Metro,Metro,Hispanic or Latino,2135-2,Other,4,None checked,1,511
,Louisiana,22,Metro,Metro,Not Hispanic or Latino,2186-5,Medicaid,1,At least one checked,0,844
,Louisiana,22,Metro,Metro,Not Hispanic or Latino,2186-5,Medicaid,1,None checked,1,74248
,Louisiana,22,Metro,Metro,Not Hispanic or Latino,2186-5,Private Insurance,2,At least one checked,0,638
,Louisiana,22,Metro,Metro,Not Hispanic or Latino,2186-5,Private Insurance,2,None checked,1,53938
,Louisiana,22,Metro,Metro,Not Hispanic or Latino,2186-5,Self Pay,3,At least one checked,0,23
,Louisiana,22,Metro,Metro,Not Hispanic or Latino,2186-5,Self Pay,3,None checked,1,2137
,Louisiana,22,Metro,Metro,Not Hispanic or Latino,2186-5,Other,4,At least one checked,0,31
,Louisiana,22,Metro,Metro,Not Hispanic or Latino,2186-5,Other,4,None checked,1,3255
,Louisiana,22,Metro,Metro,Not Hispanic or Latino,2186-5,Unknown or Not Stated,9,None checked,1,18
,Louisiana,22,Metro,Metro,Unknown or Not Stated,9,Medicaid,1,None checked,1,52
,Louisiana,22,Metro,Metro,Unknown or Not Stated,9,Private Insurance,2,None checked,1,35
,Louisiana,22,Nonmetro,Nonmetro,Hispanic or Latino,2135-2,Medicaid,1,None checked,1,1181
,Louisiana,22,Nonmetro,Nonmetro,Hispanic or Latino,2135-2,Private Insurance,2,None checked,1,155
,Louisiana,22,Nonmetro,Nonmetro,Hispanic or Latino,2135-2,Self Pay,3,None checked,1,51
,Louisiana,22,Nonmetro,Nonmetro,Hispanic or Latino,2135-2,Other,4,None checked,1,310
,Louisiana,22,Nonmetro,Nonmetro,Not Hispanic or Latino,2186-5,Medicaid,1,At least one checked,0,181
,Louisiana,22,Nonmetro,Nonmetro,Not Hispanic or Latino,2186-5,Medicaid,1,None checked,1,18975
,Louisiana,22,Nonmetro,Nonmetro,Not Hispanic or Latino,2186-5,Private Insurance,2,At least one checked,0,64
,Louisiana,22,Nonmetro,Nonmetro,Not Hispanic or Latino,2186-5,Private Insurance,2,None checked,1,7111
,Louisiana,22,Nonmetro,Nonmetro,Not Hispanic or Latino,2186-5,Self Pay,3,None checked,1,396
,Louisiana,22,Nonmetro,Nonmetro,Not Hispanic or Latino,2186-5,Other,4,At least one checked,0,13
,Louisiana,22,Nonmetro,Nonmetro,Not Hispanic or Latino,2186-5,Other,4,None checked,1,1300
,Louisiana,22,Nonmetro,Nonmetro,Not Hispanic or Latino,2186-5,Unknown or Not Stated,9,None checked,1,11
,Louisiana,22,Nonmetro,Nonmetro,Unknown or Not Stated,9,Medicaid,1,None checked,1,15
,Maine,23,Metro,Metro,Hispanic or Latino,2135-2,Medicaid,1,At least one checked,0,11
,Maine,23,Metro,Metro,Hispanic or Latino,2135-2,Medicaid,1,None checked,1,490
,Maine,23,Metro,Metro,Hispanic or Latino,2135-2,Private Insurance,2,At least one checked,0,16
,Maine,23,Metro,Metro,Hispanic or Latino,2135-2,Private Insurance,2,None checked,1,351
,Maine,23,Metro,Metro,Hispanic or Latino,2135-2,Self Pay,3,None checked,1,39
,Maine,23,Metro,Metro,Hispanic or Latino,2135-2,Other,4,None checked,1,29
,Maine,23,Metro,Metro,Not Hispanic or Latino,2186-5,Medicaid,1,At least one checked,0,186
,Maine,23,Metro,Metro,Not Hispanic or Latino,2186-5,Medicaid,1,None checked,1,7951
,Maine,23,Metro,Metro,Not Hispanic or Latino,2186-5,Medicaid,1,Unknown or Not Stated,9,13
,Maine,23,Metro,Metro,Not Hispanic or Latino,2186-5,Private Insurance,2,At least one checked,0,555
,Maine,23,Metro,Metro,Not Hispanic or Latino,2186-5,Private Insurance,2,None checked,1,14282
,Maine,23,Metro,Metro,Not Hispanic or Latino,2186-5,Private Insurance,2,Unknown or Not Stated,9,18
,Maine,23,Metro,Metro,Not Hispanic or Latino,2186-5,Self Pay,3,At least one checked,0,15
,Maine,23,Metro,Metro,Not Hispanic or Latino,2186-5,Self Pay,3,None checked,1,788
,Maine,23,Metro,Metro,Not Hispanic or Latino,2186-5,Other,4,At least one checked,0,15
,Maine,23,Metro,Metro,Not Hispanic or Latino,2186-5,Other,4,None checked,1,600
,Maine,23,Metro,Metro,Not Hispanic or Latino,2186-5,Unknown or Not Stated,9,None checked,1,44
,Maine,23,Metro,Metro,Unknown or Not Stated,9,Medicaid,1,None checked,1,135
,Maine,23,Metro,Metro,Unknown or Not Stated,9,Private Insurance,2,None checked,1,152
,Maine,23,Metro,Metro,Unknown or Not Stated,9,Self Pay,3,None checked,1,23
,Maine,23,Metro,Metro,Unknown or Not Stated,9,Other,4,None checked,1,13
,Maine,23,Nonmetro,Nonmetro,Hispanic or Latino,2135-2,Medicaid,1,None checked,1,218
,Maine,23,Nonmetro,Nonmetro,Hispanic or Latino,2135-2,Private Insurance,2,None checked,1,125
,Maine,23,Nonmetro,Nonmetro,Hispanic or Latino,2135-2,Self Pay,3,None checked,1,23
,Maine,23,Nonmetro,Nonmetro,Hispanic or Latino,2135-2,Other,4,None checked,1,16
,Maine,23,Nonmetro,Nonmetro,Not Hispanic or Latino,2186-5,Medicaid,1,At least one checked,0,121
,Maine,23,Nonmetro,Nonmetro,Not Hispanic or Latino,2186-5,Medicaid,1,None checked,1,6771
,Maine,23,Nonmetro,Nonmetro,Not Hispanic or Latino,2186-5,Medicaid,1,Unknown or Not Stated,9,11
,Maine,23,Nonmetro,Nonmetro,Not Hispanic or Latino,2186-5,Private Insurance,2,At least one checked,0,158
,Maine,23,Nonmetro,Nonmetro,Not Hispanic or Latino,2186-5,Private Insurance,2,None checked,1,6482
,Maine,23,Nonmetro,Nonmetro,Not Hispanic or Latino,2186-5,Self Pay,3,At least one checked,0,19
,Maine,23,Nonmetro,Nonmetro,Not Hispanic or Latino,2186-5,Self Pay,3,None checked,1,853
,Maine,23,Nonmetro,Nonmetro,Not Hispanic or Latino,2186-5,Other,4,None checked,1,356
,Maine,23,Nonmetro,Nonmetro,Not Hispanic or Latino,2186-5,Unknown or Not Stated,9,None checked,1,37
,Maine,23,Nonmetro,Nonmetro,Unknown or Not Stated,9,Medicaid,1,None checked,1,116
,Maine,23,Nonmetro,Nonmetro,Unknown or Not Stated,9,Private Insurance,2,None checked,1,74
,Maine,23,Nonmetro,Nonmetro,Unknown or Not Stated,9,Self Pay,3,None checked,1,24
,Maryland,24,Metro,Metro,Hispanic or Latino,2135-2,Medicaid,1,At least one checked,0,835
,Maryland,24,Metro,Metro,Hispanic or Latino,2135-2,Medicaid,1,None checked,1,34636
,Maryland,24,Metro,Metro,Hispanic or Latino,2135-2,Medicaid,1,Unknown or Not Stated,9,24
,Maryland,24,Metro,Metro,Hispanic or Latino,2135-2,Private Insurance,2,At least one checked,0,302
,Maryland,24,Metro,Metro,Hispanic or Latino,2135-2,Private Insurance,2,None checked,1,11403
,Maryland,24,Metro,Metro,Hispanic or Latino,2135-2,Self Pay,3,At least one checked,0,26
,Maryland,24,Metro,Metro,Hispanic or Latino,2135-2,Self Pay,3,None checked,1,1249
,Maryland,24,Metro,Metro,Hispanic or Latino,2135-2,Other,4,At least one checked,0,37
,Maryland,24,Metro,Metro,Hispanic or Latino,2135-2,Other,4,None checked,1,1281
,Maryland,24,Metro,Metro,Hispanic or Latino,2135-2,Unknown or Not Stated,9,None checked,1,94
,Maryland,24,Metro,Metro,Not Hispanic or Latino,2186-5,Medicaid,1,At least one checked,0,1678
,Maryland,24,Metro,Metro,Not Hispanic or Latino,2186-5,Medicaid,1,None checked,1,54168
,Maryland,24,Metro,Metro,Not Hispanic or Latino,2186-5,Medicaid,1,Unknown or Not Stated,9,28
,Maryland,24,Metro,Metro,Not Hispanic or Latino,2186-5,Private Insurance,2,At least one checked,0,2982
,Maryland,24,Metro,Metro,Not Hispanic or Latino,2186-5,Private Insurance,2,None checked,1,96337
,Maryland,24,Metro,Metro,Not Hispanic or Latino,2186-5,Private Insurance,2,Unknown or Not Stated,9,60
,Maryland,24,Metro,Metro,Not Hispanic or Latino,2186-5,Self Pay,3,At least one checked,0,58
,Maryland,24,Metro,Metro,Not Hispanic or Latino,2186-5,Self Pay,3,None checked,1,3105
,Maryland,24,Metro,Metro,Not Hispanic or Latino,2186-5,Self Pay,3,Unknown or Not Stated,9,10
,Maryland,24,Metro,Metro,Not Hispanic or Latino,2186-5,Other,4,At least one checked,0,249
,Maryland,24,Metro,Metro,Not Hispanic or Latino,2186-5,Other,4,None checked,1,6731
,Maryland,24,Metro,Metro,Not Hispanic or Latino,2186-5,Unknown or Not Stated,9,At least one checked,0,10
,Maryland,24,Metro,Metro,Not Hispanic or Latino,2186-5,Unknown or Not Stated,9,None checked,1,245
,Maryland,24,Metro,Metro,Unknown or Not Stated,9,Medicaid,1,None checked,1,377
,Maryland,24,Metro,Metro,Unknown or Not Stated,9,Private Insurance,2,At least one checked,0,18
,Maryland,24,Metro,Metro,Unknown or Not Stated,9,Private Insurance,2,None checked,1,370
,Maryland,24,Metro,Metro,Unknown or Not Stated,9,Self Pay,3,None checked,1,29
,Maryland,24,Metro,Metro,Unknown or Not Stated,9,Other,4,None checked,1,36
,Maryland,24,Metro,Metro,Unknown or Not Stated,9,Unknown or Not Stated,9,None checked,1,10
,Maryland,24,Nonmetro,Nonmetro,Hispanic or Latino,2135-2,Medicaid,1,At least one checked,0,27
,Maryland,24,Nonmetro,Nonmetro,Hispanic or Latino,2135-2,Medicaid,1,None checked,1,909
,Maryland,24,Nonmetro,Nonmetro,Hispanic or Latino,2135-2,Private Insurance,2,None checked,1,164
,Maryland,24,Nonmetro,Nonmetro,Hispanic or Latino,2135-2,Self Pay,3,None checked,1,26
,Maryland,24,Nonmetro,Nonmetro,Not Hispanic or Latino,2186-5,Medicaid,1,At least one checked,0,62
,Maryland,24,Nonmetro,Nonmetro,Not Hispanic or Latino,2186-5,Medicaid,1,None checked,1,3552
,Maryland,24,Nonmetro,Nonmetro,Not Hispanic or Latino,2186-5,Private Insurance,2,At least one checked,0,88
,Maryland,24,Nonmetro,Nonmetro,Not Hispanic or Latino,2186-5,Private Insurance,2,None checked,1,3672
,Maryland,24,Nonmetro,Nonmetro,Not Hispanic or Latino,2186-5,Self Pay,3,None checked,1,177
,Maryland,24,Nonmetro,Nonmetro,Not Hispanic or Latino,2186-5,Other,4,None checked,1,123
,Maryland,24,Nonmetro,Nonmetro,Not Hispanic or Latino,2186-5,Unknown or Not Stated,9,None checked,1,28
,Massachusetts,25,Metro,Metro,Hispanic or Latino,2135-2,Medicaid,1,At least one checked,0,625
,Massachusetts,25,Metro,Metro,Hispanic or Latino,2135-2,Medicaid,1,None checked,1,34228
,Massachusetts,25,Metro,Metro,Hispanic or Latino,2135-2,Medicaid,1,Unknown or Not Stated,9,45
,Massachusetts,25,Metro,Metro,Hispanic or Latino,2135-2,Private Insurance,2,At least one checked,0,357
,Massachusetts,25,Metro,Metro,Hispanic or Latino,2135-2,Private Insurance,2,None checked,1,17662
,Massachusetts,25,Metro,Metro,Hispanic or Latino,2135-2,Private Insurance,2,Unknown or Not Stated,9,10
,Massachusetts,25,Metro,Metro,Hispanic or Latino,2135-2,Self Pay,3,None checked,1,512
,Massachusetts,25,Metro,Metro,Hispanic or Latino,2135-2,Other,4,At least one checked,0,41
,Massachusetts,25,Metro,Metro,Hispanic or Latino,2135-2,Other,4,None checked,1,2075
,Massachusetts,25,Metro,Metro,Hispanic or Latino,2135-2,Unknown or Not Stated,9,None checked,1,14
,Massachusetts,25,Metro,Metro,Hispanic or Latino,2135-2,Unknown or Not Stated,9,Unknown or Not Stated,9,102
,Massachusetts,25,Metro,Metro,Not Hispanic or Latino,2186-5,Medicaid,1,At least one checked,0,808
,Massachusetts,25,Metro,Metro,Not Hispanic or Latino,2186-5,Medicaid,1,None checked,1,36505
,Massachusetts,25,Metro,Metro,Not Hispanic or Latino,2186-5,Medicaid,1,Unknown or Not Stated,9,37
,Massachusetts,25,Metro,Metro,Not Hispanic or Latino,2186-5,Private Insurance,2,At least one checked,0,3361
,Massachusetts,25,Metro,Metro,Not Hispanic or Latino,2186-5,Private Insurance,2,None checked,1,123215
,Massachusetts,25,Metro,Metro,Not Hispanic or Latino,2186-5,Private Insurance,2,Unknown or Not Stated,9,78
,Massachusetts,25,Metro,Metro,Not Hispanic or Latino,2186-5,Self Pay,3,At least one checked,0,45
,Massachusetts,25,Metro,Metro,Not Hispanic or Latino,2186-5,Self Pay,3,None checked,1,1593
,Massachusetts,25,Metro,Metro,Not Hispanic or Latino,2186-5,Other,4,At least one checked,0,73
,Massachusetts,25,Metro,Metro,Not Hispanic or Latino,2186-5,Other,4,None checked,1,4257
,Massachusetts,25,Metro,Metro,Not Hispanic or Latino,2186-5,Unknown or Not Stated,9,None checked,1,115
,Massachusetts,25,Metro,Metro,Not Hispanic or Latino,2186-5,Unknown or Not Stated,9,Unknown or Not Stated,9,811
,Massachusetts,25,Metro,Metro,Unknown or Not Stated,9,Medicaid,1,At least one checked,0,35
,Massachusetts,25,Metro,Metro,Unknown or Not Stated,9,Medicaid,1,None checked,1,1473
,Massachusetts,25,Metro,Metro,Unknown or Not Stated,9,Private Insurance,2,At least one checked,0,77
,Massachusetts,25,Metro,Metro,Unknown or Not Stated,9,Private Insurance,2,None checked,1,3382
,Massachusetts,25,Metro,Metro,Unknown or Not Stated,9,Self Pay,3,None checked,1,86
,Massachusetts,25,Metro,Metro,Unknown or Not Stated,9,Other,4,None checked,1,159
,Massachusetts,25,Metro,Metro,Unknown or Not Stated,9,Unknown or Not Stated,9,Unknown or Not Stated,9,993
,Massachusetts,25,Nonmetro,Nonmetro,Hispanic or Latino,2135-2,Medicaid,1,None checked,1,279
,Massachusetts,25,Nonmetro,Nonmetro,Hispanic or Latino,2135-2,Private Insurance,2,None checked,1,154
,Massachusetts,25,Nonmetro,Nonmetro,Not Hispanic or Latino,2186-5,Medicaid,1,None checked,1,481
,Massachusetts,25,Nonmetro,Nonmetro,Not Hispanic or Latino,2186-5,Private Insurance,2,At least one checked,0,19
,Massachusetts,25,Nonmetro,Nonmetro,Not Hispanic or Latino,2186-5,Private Insurance,2,None checked,1,1536
,Massachusetts,25,Nonmetro,Nonmetro,Not Hispanic or Latino,2186-5,Self Pay,3,None checked,1,21
,Massachusetts,25,Nonmetro,Nonmetro,Not Hispanic or Latino,2186-5,Other,4,None checked,1,27
,Massachusetts,25,Nonmetro,Nonmetro,Unknown or Not Stated,9,Medicaid,1,None checked,1,30
,Massachusetts,25,Nonmetro,Nonmetro,Unknown or Not Stated,9,Private Insurance,2,None checked,1,84
,Massachusetts,25,Nonmetro,Nonmetro,Unknown or Not Stated,9,Unknown or Not Stated,9,Unknown or Not Stated,9,48
,Michigan,26,Metro,Metro,Hispanic or Latino,2135-2,Medicaid,1,At least one checked,0,169
,Michigan,26,Metro,Metro,Hispanic or Latino,2135-2,Medicaid,1,None checked,1,13584
,Michigan,26,Metro,Metro,Hispanic or Latino,2135-2,Medicaid,1,Unknown or Not Stated,9,169
,Michigan,26,Metro,Metro,Hispanic or Latino,2135-2,Private Insurance,2,At least one checked,0,169
,Michigan,26,Metro,Metro,Hispanic or Latino,2135-2,Private Insurance,2,None checked,1,9394
,Michigan,26,Metro,Metro,Hispanic or Latino,2135-2,Private Insurance,2,Unknown or Not Stated,9,117
,Michigan,26,Metro,Metro,Hispanic or Latino,2135-2,Self Pay,3,None checked,1,500
,Michigan,26,Metro,Metro,Hispanic or Latino,2135-2,Other,4,None checked,1,619
,Michigan,26,Metro,Metro,Hispanic or Latino,2135-2,Unknown or Not Stated,9,None checked,1,217
,Michigan,26,Metro,Metro,Hispanic or Latino,2135-2,Unknown or Not Stated,9,Unknown or Not Stated,9,10
,Michigan,26,Metro,Metro,Not Hispanic or Latino,2186-5,Medicaid,1,At least one checked,0,1203
,Michigan,26,Metro,Metro,Not Hispanic or Latino,2186-5,Medicaid,1,None checked,1,88106
,Michigan,26,Metro,Metro,Not Hispanic or Latino,2186-5,Medicaid,1,Unknown or Not Stated,9,1537
,Michigan,26,Metro,Metro,Not Hispanic or Latino,2186-5,Private Insurance,2,At least one checked,0,3154
,Michigan,26,Metro,Metro,Not Hispanic or Latino,2186-5,Private Insurance,2,None checked,1,158969
,Michigan,26,Metro,Metro,Not Hispanic or Latino,2186-5,Private Insurance,2,Unknown or Not Stated,9,1975
,Michigan,26,Metro,Metro,Not Hispanic or Latino,2186-5,Self Pay,3,At least one checked,0,89
,Michigan,26,Metro,Metro,Not Hispanic or Latino,2186-5,Self Pay,3,None checked,1,6128
,Michigan,26,Metro,Metro,Not Hispanic or Latino,2186-5,Self Pay,3,Unknown or Not Stated,9,110
,Michigan,26,Metro,Metro,Not Hispanic or Latino,2186-5,Other,4,At least one checked,0,77
,Michigan,26,Metro,Metro,Not Hispanic or Latino,2186-5,Other,4,None checked,1,3716
,Michigan,26,Metro,Metro,Not Hispanic or Latino,2186-5,Other,4,Unknown or Not Stated,9,71
,Michigan,26,Metro,Metro,Not Hispanic or Latino,2186-5,Unknown or Not Stated,9,At least one checked,0,29
,Michigan,26,Metro,Metro,Not Hispanic or Latino,2186-5,Unknown or Not Stated,9,None checked,1,2022
,Michigan,26,Metro,Metro,Not Hispanic or Latino,2186-5,Unknown or Not Stated,9,Unknown or Not Stated,9,74
,Michigan,26,Metro,Metro,Unknown or Not Stated,9,Medicaid,1,None checked,1,450
,Michigan,26,Metro,Metro,Unknown or Not Stated,9,Private Insurance,2,At least one checked,0,16
,Michigan,26,Metro,Metro,Unknown or Not Stated,9,Private Insurance,2,None checked,1,645
,Michigan,26,Metro,Metro,Unknown or Not Stated,9,Self Pay,3,None checked,1,63
,Michigan,26,Metro,Metro,Unknown or Not Stated,9,Other,4,None checked,1,18
,Michigan,26,Metro,Metro,Unknown or Not Stated,9,Unknown or Not Stated,9,None checked,1,121
,Michigan,26,Metro,Metro,Unknown or Not Stated,9,Unknown or Not Stated,9,Unknown or Not Stated,9,12
,Michigan,26,Nonmetro,Nonmetro,Hispanic or Latino,2135-2,Medicaid,1,At least one checked,0,29
,Michigan,26,Nonmetro,Nonmetro,Hispanic or Latino,2135-2,Medicaid,1,None checked,1,2080
,Michigan,26,Nonmetro,Nonmetro,Hispanic or Latino,2135-2,Medicaid,1,Unknown or Not Stated,9,53
,Michigan,26,Nonmetro,Nonmetro,Hispanic or Latino,2135-2,Private Insurance,2,At least one checked,0,25
,Michigan,26,Nonmetro,Nonmetro,Hispanic or Latino,2135-2,Private Insurance,2,None checked,1,1175
,Michigan,26,Nonmetro,Nonmetro,Hispanic or Latino,2135-2,Private Insurance,2,Unknown or Not Stated,9,20
,Michigan,26,Nonmetro,Nonmetro,Hispanic or Latino,2135-2,Self Pay,3,None checked,1,108
,Michigan,26,Nonmetro,Nonmetro,Hispanic or Latino,2135-2,Other,4,None checked,1,30
,Michigan,26,Nonmetro,Nonmetro,Hispanic or Latino,2135-2,Unknown or Not Stated,9,None checked,1,38
,Michigan,26,Nonmetro,Nonmetro,Not Hispanic or Latino,2186-5,Medicaid,1,At least one checked,0,294
,Michigan,26,Nonmetro,Nonmetro,Not Hispanic or Latino,2186-5,Medicaid,1,None checked,1,16615
,Michigan,26,Nonmetro,Nonmetro,Not Hispanic or Latino,2186-5,Medicaid,1,Unknown or Not Stated,9,467
,Michigan,26,Nonmetro,Nonmetro,Not Hispanic or Latino,2186-5,Private Insurance,2,At least one checked,0,577
,Michigan,26,Nonmetro,Nonmetro,Not Hispanic or Latino,2186-5,Private Insurance,2,None checked,1,25227
,Michigan,26,Nonmetro,Nonmetro,Not Hispanic or Latino,2186-5,Private Insurance,2,Unknown or Not Stated,9,648
,Michigan,26,Nonmetro,Nonmetro,Not Hispanic or Latino,2186-5,Self Pay,3,At least one checked,0,74
,Michigan,26,Nonmetro,Nonmetro,Not Hispanic or Latino,2186-5,Self Pay,3,None checked,1,3770
,Michigan,26,Nonmetro,Nonmetro,Not Hispanic or Latino,2186-5,Self Pay,3,Unknown or Not Stated,9,89
,Michigan,26,Nonmetro,Nonmetro,Not Hispanic or Latino,2186-5,Other,4,None checked,1,532
,Michigan,26,Nonmetro,Nonmetro,Not Hispanic or Latino,2186-5,Other,4,Unknown or Not Stated,9,12
,Michigan,26,Nonmetro,Nonmetro,Not Hispanic or Latino,2186-5,Unknown or Not Stated,9,At least one checked,0,15
,Michigan,26,Nonmetro,Nonmetro,Not Hispanic or Latino,2186-5,Unknown or Not Stated,9,None checked,1,523
,Michigan,26,Nonmetro,Nonmetro,Not Hispanic or Latino,2186-5,Unknown or Not Stated,9,Unknown or Not Stated,9,95
,Michigan,26,Nonmetro,Nonmetro,Unknown or Not Stated,9,Medicaid,1,None checked,1,150
,Michigan,26,Nonmetro,Nonmetro,Unknown or Not Stated,9,Medicaid,1,Unknown or Not Stated,9,11
,Michigan,26,Nonmetro,Nonmetro,Unknown or Not Stated,9,Private Insurance,2,None checked,1,146
,Michigan,26,Nonmetro,Nonmetro,Unknown or Not Stated,9,Private Insurance,2,Unknown or Not Stated,9,13
,Michigan,26,Nonmetro,Nonmetro,Unknown or Not Stated,9,Self Pay,3,None checked,1,22
,Michigan,26,Nonmetro,Nonmetro,Unknown or Not Stated,9,Other,4,None checked,1,11
,Minnesota,27,Metro,Metro,Hispanic or Latino,2135-2,Medicaid,1,At least one checked,0,215
,Minnesota,27,Metro,Metro,Hispanic or Latino,2135-2,Medicaid,1,None checked,1,12160
,Minnesota,27,Metro,Metro,Hispanic or Latino,2135-2,Private Insurance,2,At least one checked,0,91
,Minnesota,27,Metro,Metro,Hispanic or Latino,2135-2,Private Insurance,2,None checked,1,5304
,Minnesota,27,Metro,Metro,Hispanic or Latino,2135-2,Self Pay,3,At least one checked,0,12
,Minnesota,27,Metro,Metro,Hispanic or Latino,2135-2,Self Pay,3,None checked,1,585
,Minnesota,27,Metro,Metro,Hispanic or Latino,2135-2,Other,4,None checked,1,142
,Minnesota,27,Metro,Metro,Hispanic or Latino,2135-2,Unknown or Not Stated,9,None checked,1,40
,Minnesota,27,Metro,Metro,Not Hispanic or Latino,2186-5,Medicaid,1,At least one checked,0,872
,Minnesota,27,Metro,Metro,Not Hispanic or Latino,2186-5,Medicaid,1,None checked,1,42940
,Minnesota,27,Metro,Metro,Not Hispanic or Latino,2186-5,Private Insurance,2,At least one checked,0,2421
,Minnesota,27,Metro,Metro,Not Hispanic or Latino,2186-5,Private Insurance,2,None checked,1,99381
,Minnesota,27,Metro,Metro,Not Hispanic or Latino,2186-5,Private Insurance,2,Unknown or Not Stated,9,16
,Minnesota,27,Metro,Metro,Not Hispanic or Latino,2186-5,Self Pay,3,At least one checked,0,81
,Minnesota,27,Metro,Metro,Not Hispanic or Latino,2186-5,Self Pay,3,None checked,1,3687
,Minnesota,27,Metro,Metro,Not Hispanic or Latino,2186-5,Self Pay,3,Unknown or Not Stated,9,22
,Minnesota,27,Metro,Metro,Not Hispanic or Latino,2186-5,Other,4,At least one checked,0,64
,Minnesota,27,Metro,Metro,Not Hispanic or Latino,2186-5,Other,4,None checked,1,1971
,Minnesota,27,Metro,Metro,Not Hispanic or Latino,2186-5,Unknown or Not Stated,9,None checked,1,263
,Minnesota,27,Metro,Metro,Not Hispanic or Latino,2186-5,Unknown or Not Stated,9,Unknown or Not Stated,9,53
,Minnesota,27,Metro,Metro,Unknown or Not Stated,9,Medicaid,1,None checked,1,187
,Minnesota,27,Metro,Metro,Unknown or Not Stated,9,Private Insurance,2,None checked,1,196
,Minnesota,27,Metro,Metro,Unknown or Not Stated,9,Self Pay,3,None checked,1,76
,Minnesota,27,Metro,Metro,Unknown or Not Stated,9,Unknown or Not Stated,9,None checked,1,17
,Minnesota,27,Metro,Metro,Unknown or Not Stated,9,Unknown or Not Stated,9,Unknown or Not Stated,9,20
,Minnesota,27,Nonmetro,Nonmetro,Hispanic or Latino,2135-2,Medicaid,1,At least one checked,0,72
,Minnesota,27,Nonmetro,Nonmetro,Hispanic or Latino,2135-2,Medicaid,1,None checked,1,3864
,Minnesota,27,Nonmetro,Nonmetro,Hispanic or Latino,2135-2,Private Insurance,2,At least one checked,0,48
,Minnesota,27,Nonmetro,Nonmetro,Hispanic or Latino,2135-2,Private Insurance,2,None checked,1,1684
,Minnesota,27,Nonmetro,Nonmetro,Hispanic or Latino,2135-2,Self Pay,3,None checked,1,184
,Minnesota,27,Nonmetro,Nonmetro,Hispanic or Latino,2135-2,Other,4,None checked,1,43
,Minnesota,27,Nonmetro,Nonmetro,Hispanic or Latino,2135-2,Unknown or Not Stated,9,None checked,1,45
,Minnesota,27,Nonmetro,Nonmetro,Not Hispanic or Latino,2186-5,Medicaid,1,At least one checked,0,254
,Minnesota,27,Nonmetro,Nonmetro,Not Hispanic or Latino,2186-5,Medicaid,1,None checked,1,12933
,Minnesota,27,Nonmetro,Nonmetro,Not Hispanic or Latino,2186-5,Medicaid,1,Unknown or Not Stated,9,18
,Minnesota,27,Nonmetro,Nonmetro,Not Hispanic or Latino,2186-5,Private Insurance,2,At least one checked,0,561
,Minnesota,27,Nonmetro,Nonmetro,Not Hispanic or Latino,2186-5,Private Insurance,2,None checked,1,23453
,Minnesota,27,Nonmetro,Nonmetro,Not Hispanic or Latino,2186-5,Private Insurance,2,Unknown or Not Stated,9,20
,Minnesota,27,Nonmetro,Nonmetro,Not Hispanic or Latino,2186-5,Self Pay,3,At least one checked,0,43
,Minnesota,27,Nonmetro,Nonmetro,Not Hispanic or Latino,2186-5,Self Pay,3,None checked,1,1874
,Minnesota,27,Nonmetro,Nonmetro,Not Hispanic or Latino,2186-5,Self Pay,3,Unknown or Not Stated,9,39
,Minnesota,27,Nonmetro,Nonmetro,Not Hispanic or Latino,2186-5,Other,4,At least one checked,0,14
,Minnesota,27,Nonmetro,Nonmetro,Not Hispanic or Latino,2186-5,Other,4,None checked,1,852
,Minnesota,27,Nonmetro,Nonmetro,Not Hispanic or Latino,2186-5,Unknown or Not Stated,9,None checked,1,218
,Minnesota,27,Nonmetro,Nonmetro,Not Hispanic or Latino,2186-5,Unknown or Not Stated,9,Unknown or Not Stated,9,22
,Minnesota,27,Nonmetro,Nonmetro,Unknown or Not Stated,9,Medicaid,1,None checked,1,18
,Minnesota,27,Nonmetro,Nonmetro,Unknown or Not Stated,9,Private Insurance,2,None checked,1,37
,Minnesota,27,Nonmetro,Nonmetro,Unknown or Not Stated,9,Self Pay,3,None checked,1,100
,Minnesota,27,Nonmetro,Nonmetro,Unknown or Not Stated,9,Unknown or Not Stated,9,None checked,1,14
,Mississippi,28,Metro,Metro,Hispanic or Latino,2135-2,Medicaid,1,At least one checked,0,22
,Mississippi,28,Metro,Metro,Hispanic or Latino,2135-2,Medicaid,1,None checked,1,1682
,Mississippi,28,Metro,Metro,Hispanic or Latino,2135-2,Private Insurance,2,At least one checked,0,15
,Mississippi,28,Metro,Metro,Hispanic or Latino,2135-2,Private Insurance,2,None checked,1,1175
,Mississippi,28,Metro,Metro,Hispanic or Latino,2135-2,Self Pay,3,At least one checked,0,34
,Mississippi,28,Metro,Metro,Hispanic or Latino,2135-2,Self Pay,3,None checked,1,2164
,Mississippi,28,Metro,Metro,Hispanic or Latino,2135-2,Other,4,None checked,1,105
,Mississippi,28,Metro,Metro,Not Hispanic or Latino,2186-5,Medicaid,1,At least one checked,0,249
,Mississippi,28,Metro,Metro,Not Hispanic or Latino,2186-5,Medicaid,1,None checked,1,25827
,Mississippi,28,Metro,Metro,Not Hispanic or Latino,2186-5,Private Insurance,2,At least one checked,0,214
,Mississippi,28,Metro,Metro,Not Hispanic or Latino,2186-5,Private Insurance,2,None checked,1,23452
,Mississippi,28,Metro,Metro,Not Hispanic or Latino,2186-5,Self Pay,3,At least one checked,0,19
,Mississippi,28,Metro,Metro,Not Hispanic or Latino,2186-5,Self Pay,3,None checked,1,1190
,Mississippi,28,Metro,Metro,Not Hispanic or Latino,2186-5,Other,4,At least one checked,0,22
,Mississippi,28,Metro,Metro,Not Hispanic or Latino,2186-5,Other,4,None checked,1,680
,Mississippi,28,Metro,Metro,Not Hispanic or Latino,2186-5,Unknown or Not Stated,9,None checked,1,52
,Mississippi,28,Metro,Metro,Unknown or Not Stated,9,Medicaid,1,None checked,1,17
,Mississippi,28,Metro,Metro,Unknown or Not Stated,9,Private Insurance,2,None checked,1,10
,Mississippi,28,Nonmetro,Nonmetro,Hispanic or Latino,2135-2,Medicaid,1,At least one checked,0,15
,Mississippi,28,Nonmetro,Nonmetro,Hispanic or Latino,2135-2,Medicaid,1,None checked,1,1096
,Mississippi,28,Nonmetro,Nonmetro,Hispanic or Latino,2135-2,Private Insurance,2,None checked,1,540
,Mississippi,28,Nonmetro,Nonmetro,Hispanic or Latino,2135-2,Self Pay,3,At least one checked,0,12
,Mississippi,28,Nonmetro,Nonmetro,Hispanic or Latino,2135-2,Self Pay,3,None checked,1,1102
,Mississippi,28,Nonmetro,Nonmetro,Hispanic or Latino,2135-2,Other,4,None checked,1,11
,Mississippi,28,Nonmetro,Nonmetro,Not Hispanic or Latino,2186-5,Medicaid,1,At least one checked,0,396
,Mississippi,28,Nonmetro,Nonmetro,Not Hispanic or Latino,2186-5,Medicaid,1,None checked,1,33467
,Mississippi,28,Nonmetro,Nonmetro,Not Hispanic or Latino,2186-5,Private Insurance,2,At least one checked,0,251
,Mississippi,28,Nonmetro,Nonmetro,Not Hispanic or Latino,2186-5,Private Insurance,2,None checked,1,20998
,Mississippi,28,Nonmetro,Nonmetro,Not Hispanic or Latino,2186-5,Self Pay,3,At least one checked,0,16
,Mississippi,28,Nonmetro,Nonmetro,Not Hispanic or Latino,2186-5,Self Pay,3,None checked,1,1140
,Mississippi,28,Nonmetro,Nonmetro,Not Hispanic or Latino,2186-5,Other,4,None checked,1,232
,Mississippi,28,Nonmetro,Nonmetro,Not Hispanic or Latino,2186-5,Unknown or Not Stated,9,None checked,1,24
,Missouri,29,Metro,Metro,Hispanic or Latino,2135-2,Medicaid,1,At least one checked,0,117
,Missouri,29,Metro,Metro,Hispanic or Latino,2135-2,Medicaid,1,None checked,1,10486
,Missouri,29,Metro,Metro,Hispanic or Latino,2135-2,Private Insurance,2,At least one checked,0,90
,Missouri,29,Metro,Metro,Hispanic or Latino,2135-2,Private Insurance,2,None checked,1,5708
,Missouri,29,Metro,Metro,Hispanic or Latino,2135-2,Self Pay,3,At least one checked,0,10
,Missouri,29,Metro,Metro,Hispanic or Latino,2135-2,Self Pay,3,None checked,1,778
,Missouri,29,Metro,Metro,Hispanic or Latino,2135-2,Other,4,None checked,1,121
,Missouri,29,Metro,Metro,Hispanic or Latino,2135-2,Unknown or Not Stated,9,None checked,1,130
,Missouri,29,Metro,Metro,Not Hispanic or Latino,2186-5,Medicaid,1,At least one checked,0,658
,Missouri,29,Metro,Metro,Not Hispanic or Latino,2186-5,Medicaid,1,None checked,1,50796
,Missouri,29,Metro,Metro,Not Hispanic or Latino,2186-5,Private Insurance,2,At least one checked,0,1694
,Missouri,29,Metro,Metro,Not Hispanic or Latino,2186-5,Private Insurance,2,None checked,1,96889
,Missouri,29,Metro,Metro,Not Hispanic or Latino,2186-5,Self Pay,3,At least one checked,0,83
,Missouri,29,Metro,Metro,Not Hispanic or Latino,2186-5,Self Pay,3,None checked,1,5444
,Missouri,29,Metro,Metro,Not Hispanic or Latino,2186-5,Other,4,At least one checked,0,20
,Missouri,29,Metro,Metro,Not Hispanic or Latino,2186-5,Other,4,None checked,1,1364
,Missouri,29,Metro,Metro,Not Hispanic or Latino,2186-5,Unknown or Not Stated,9,At least one checked,0,31
,Missouri,29,Metro,Metro,Not Hispanic or Latino,2186-5,Unknown or Not Stated,9,None checked,1,1948
,Missouri,29,Metro,Metro,Unknown or Not Stated,9,Medicaid,1,At least one checked,0,11
,Missouri,29,Metro,Metro,Unknown or Not Stated,9,Medicaid,1,None checked,1,593
,Missouri,29,Metro,Metro,Unknown or Not Stated,9,Private Insurance,2,At least one checked,0,17
,Missouri,29,Metro,Metro,Unknown or Not Stated,9,Private Insurance,2,None checked,1,494
,Missouri,29,Metro,Metro,Unknown or Not Stated,9,Self Pay,3,None checked,1,51
,Missouri,29,Metro,Metro,Unknown or Not Stated,9,Unknown or Not Stated,9,None checked,1,41
,Missouri,29,Nonmetro,Nonmetro,Hispanic or Latino,2135-2,Medicaid,1,At least one checked,0,44
,Missouri,29,Nonmetro,Nonmetro,Hispanic or Latino,2135-2,Medicaid,1,None checked,1,2191
,Missouri,29,Nonmetro,Nonmetro,Hispanic or Latino,2135-2,Private Insurance,2,At least one checked,0,16
,Missouri,29,Nonmetro,Nonmetro,Hispanic or Latino,2135-2,Private Insurance,2,None checked,1,1000
,Missouri,29,Nonmetro,Nonmetro,Hispanic or Latino,2135-2,Self Pay,3,None checked,1,180
,Missouri,29,Nonmetro,Nonmetro,Hispanic or Latino,2135-2,Other,4,None checked,1,224
,Missouri,29,Nonmetro,Nonmetro,Hispanic or Latino,2135-2,Unknown or Not Stated,9,None checked,1,21
,Missouri,29,Nonmetro,Nonmetro,Not Hispanic or Latino,2186-5,Medicaid,1,At least one checked,0,350
,Missouri,29,Nonmetro,Nonmetro,Not Hispanic or Latino,2186-5,Medicaid,1,None checked,1,25940
,Missouri,29,Nonmetro,Nonmetro,Not Hispanic or Latino,2186-5,Private Insurance,2,At least one checked,0,411
,Missouri,29,Nonmetro,Nonmetro,Not Hispanic or Latino,2186-5,Private Insurance,2,None checked,1,22968
,Missouri,29,Nonmetro,Nonmetro,Not Hispanic or Latino,2186-5,Self Pay,3,At least one checked,0,47
,Missouri,29,Nonmetro,Nonmetro,Not Hispanic or Latino,2186-5,Self Pay,3,None checked,1,4196
,Missouri,29,Nonmetro,Nonmetro,Not Hispanic or Latino,2186-5,Other,4,At least one checked,0,67
,Missouri,29,Nonmetro,Nonmetro,Not Hispanic or Latino,2186-5,Other,4,None checked,1,2002
,Missouri,29,Nonmetro,Nonmetro,Not Hispanic or Latino,2186-5,Unknown or Not Stated,9,None checked,1,324
,Missouri,29,Nonmetro,Nonmetro,Unknown or Not Stated,9,Medicaid,1,None checked,1,228
,Missouri,29,Nonmetro,Nonmetro,Unknown or Not Stated,9,Private Insurance,2,None checked,1,66
,Missouri,29,Nonmetro,Nonmetro,Unknown or Not Stated,9,Self Pay,3,None checked,1,31
,Missouri,29,Nonmetro,Nonmetro,Unknown or Not Stated,9,Other,4,None checked,1,11
,Montana,30,Metro,Metro,Hispanic or Latino,2135-2,Medicaid,1,At least one checked,0,10
,Montana,30,Metro,Metro,Hispanic or Latino,2135-2,Medicaid,1,None checked,1,664
,Montana,30,Metro,Metro,Hispanic or Latino,2135-2,Private Insurance,2,At least one checked,0,18
,Montana,30,Metro,Metro,Hispanic or Latino,2135-2,Private Insurance,2,None checked,1,650
,Montana,30,Metro,Metro,Hispanic or Latino,2135-2,Self Pay,3,None checked,1,311
,Montana,30,Metro,Metro,Hispanic or Latino,2135-2,Other,4,None checked,1,218
,Montana,30,Metro,Metro,Not Hispanic or Latino,2186-5,Medicaid,1,At least one checked,0,89
,Montana,30,Metro,Metro,Not Hispanic or Latino,2186-5,Medicaid,1,None checked,1,5025
,Montana,30,Metro,Metro,Not Hispanic or Latino,2186-5,Private Insurance,2,At least one checked,0,270
,Montana,30,Metro,Metro,Not Hispanic or Latino,2186-5,Private Insurance,2,None checked,1,11971
,Montana,30,Metro,Metro,Not Hispanic or Latino,2186-5,Self Pay,3,At least one checked,0,30
,Montana,30,Metro,Metro,Not Hispanic or Latino,2186-5,Self Pay,3,None checked,1,1454
,Montana,30,Metro,Metro,Not Hispanic or Latino,2186-5,Other,4,At least one checked,0,19
,Montana,30,Metro,Metro,Not Hispanic or Latino,2186-5,Other,4,None checked,1,1014
,Montana,30,Metro,Metro,Unknown or Not Stated,9,Medicaid,1,None checked,1,16
,Montana,30,Metro,Metro,Unknown or Not Stated,9,Private Insurance,2,None checked,1,34
,Montana,30,Nonmetro,Nonmetro,Hispanic or Latino,2135-2,Medicaid,1,None checked,1,336
,Montana,30,Nonmetro,Nonmetro,Hispanic or Latino,2135-2,Private Insurance,2,None checked,1,291
,Montana,30,Nonmetro,Nonmetro,Hispanic or Latino,2135-2,Self Pay,3,None checked,1,109
,Montana,30,Nonmetro,Nonmetro,Hispanic or Latino,2135-2,Other,4,None checked,1,50
,Montana,30,Nonmetro,Nonmetro,Not Hispanic or Latino,2186-5,Medicaid,1,At least one checked,0,113
,Montana,30,Nonmetro,Nonmetro,Not Hispanic or Latino,2186-5,Medicaid,1,None checked,1,6318
,Montana,30,Nonmetro,Nonmetro,Not Hispanic or Latino,2186-5,Private Insurance,2,At least one checked,0,170
,Montana,30,Nonmetro,Nonmetro,Not Hispanic or Latino,2186-5,Private Insurance,2,None checked,1,7970
,Montana,30,Nonmetro,Nonmetro,Not Hispanic or Latino,2186-5,Self Pay,3,At least one checked,0,39
,Montana,30,Nonmetro,Nonmetro,Not Hispanic or Latino,2186-5,Self Pay,3,None checked,1,1747
,Montana,30,Nonmetro,Nonmetro,Not Hispanic or Latino,2186-5,Other,4,At least one checked,0,15
,Montana,30,Nonmetro,Nonmetro,Not Hispanic or Latino,2186-5,Other,4,None checked,1,922
,Montana,30,Nonmetro,Nonmetro,Not Hispanic or Latino,2186-5,Unknown or Not Stated,9,None checked,1,19
,Montana,30,Nonmetro,Nonmetro,Unknown or Not Stated,9,Medicaid,1,None checked,1,24
,Montana,30,Nonmetro,Nonmetro,Unknown or Not Stated,9,Private Insurance,2,None checked,1,44
,Montana,30,Nonmetro,Nonmetro,Unknown or Not Stated,9,Self Pay,3,None checked,1,12
,Nebraska,31,Metro,Metro,Hispanic or Latino,2135-2,Medicaid,1,At least one checked,0,152
,Nebraska,31,Metro,Metro,Hispanic or Latino,2135-2,Medicaid,1,None checked,1,8321
,Nebraska,31,Metro,Metro,Hispanic or Latino,2135-2,Medicaid,1,Unknown or Not Stated,9,20
,Nebraska,31,Metro,Metro,Hispanic or Latino,2135-2,Private Insurance,2,At least one checked,0,58
,Nebraska,31,Metro,Metro,Hispanic or Latino,2135-2,Private Insurance,2,None checked,1,3268
,Nebraska,31,Metro,Metro,Hispanic or Latino,2135-2,Self Pay,3,At least one checked,0,18
,Nebraska,31,Metro,Metro,Hispanic or Latino,2135-2,Self Pay,3,None checked,1,653
,Nebraska,31,Metro,Metro,Hispanic or Latino,2135-2,Other,4,At least one checked,0,11
,Nebraska,31,Metro,Metro,Hispanic or Latino,2135-2,Other,4,None checked,1,264
,Nebraska,31,Metro,Metro,Hispanic or Latino,2135-2,Unknown or Not Stated,9,None checked,1,49
,Nebraska,31,Metro,Metro,Not Hispanic or Latino,2186-5,Medicaid,1,At least one checked,0,221
,Nebraska,31,Metro,Metro,Not Hispanic or Latino,2186-5,Medicaid,1,None checked,1,12581
,Nebraska,31,Metro,Metro,Not Hispanic or Latino,2186-5,Medicaid,1,Unknown or Not Stated,9,15
,Nebraska,31,Metro,Metro,Not Hispanic or Latino,2186-5,Private Insurance,2,At least one checked,0,460
,Nebraska,31,Metro,Metro,Not Hispanic or Latino,2186-5,Private Insurance,2,None checked,1,27909
,Nebraska,31,Metro,Metro,Not Hispanic or Latino,2186-5,Private Insurance,2,Unknown or Not Stated,9,11
,Nebraska,31,Metro,Metro,Not Hispanic or Latino,2186-5,Self Pay,3,At least one checked,0,15
,Nebraska,31,Metro,Metro,Not Hispanic or Latino,2186-5,Self Pay,3,None checked,1,871
,Nebraska,31,Metro,Metro,Not Hispanic or Latino,2186-5,Other,4,At least one checked,0,53
,Nebraska,31,Metro,Metro,Not Hispanic or Latino,2186-5,Other,4,None checked,1,1779
,Nebraska,31,Metro,Metro,Not Hispanic or Latino,2186-5,Unknown or Not Stated,9,None checked,1,163
,Nebraska,31,Metro,Metro,Unknown or Not Stated,9,Medicaid,1,None checked,1,16
,Nebraska,31,Metro,Metro,Unknown or Not Stated,9,Private Insurance,2,None checked,1,12
,Nebraska,31,Nonmetro,Nonmetro,Hispanic or Latino,2135-2,Medicaid,1,At least one checked,0,83
,Nebraska,31,Nonmetro,Nonmetro,Hispanic or Latino,2135-2,Medicaid,1,None checked,1,3695
,Nebraska,31,Nonmetro,Nonmetro,Hispanic or Latino,2135-2,Private Insurance,2,At least one checked,0,33
,Nebraska,31,Nonmetro,Nonmetro,Hispanic or Latino,2135-2,Private Insurance,2,None checked,1,1719
,Nebraska,31,Nonmetro,Nonmetro,Hispanic or Latino,2135-2,Self Pay,3,None checked,1,176
,Nebraska,31,Nonmetro,Nonmetro,Hispanic or Latino,2135-2,Other,4,None checked,1,34
,Nebraska,31,Nonmetro,Nonmetro,Hispanic or Latino,2135-2,Unknown or Not Stated,9,None checked,1,89
,Nebraska,31,Nonmetro,Nonmetro,Not Hispanic or Latino,2186-5,Medicaid,1,At least one checked,0,154
,Nebraska,31,Nonmetro,Nonmetro,Not Hispanic or Latino,2186-5,Medicaid,1,None checked,1,6348
,Nebraska,31,Nonmetro,Nonmetro,Not Hispanic or Latino,2186-5,Private Insurance,2,At least one checked,0,307
,Nebraska,31,Nonmetro,Nonmetro,Not Hispanic or Latino,2186-5,Private Insurance,2,None checked,1,14706
,Nebraska,31,Nonmetro,Nonmetro,Not Hispanic or Latino,2186-5,Self Pay,3,At least one checked,0,14
,Nebraska,31,Nonmetro,Nonmetro,Not Hispanic or Latino,2186-5,Self Pay,3,None checked,1,541
,Nebraska,31,Nonmetro,Nonmetro,Not Hispanic or Latino,2186-5,Other,4,None checked,1,304
,Nebraska,31,Nonmetro,Nonmetro,Not Hispanic or Latino,2186-5,Unknown or Not Stated,9,None checked,1,160
,Nevada,32,Metro,Metro,Hispanic or Latino,2135-2,Medicaid,1,At least one checked,0,210
,Nevada,32,Metro,Metro,Hispanic or Latino,2135-2,Medicaid,1,None checked,1,22171
,Nevada,32,Metro,Metro,Hispanic or Latino,2135-2,Private Insurance,2,At least one checked,0,201
,Nevada,32,Metro,Metro,Hispanic or Latino,2135-2,Private Insurance,2,None checked,1,18463
,Nevada,32,Metro,Metro,Hispanic or Latino,2135-2,Self Pay,3,At least one checked,0,22
,Nevada,32,Metro,Metro,Hispanic or Latino,2135-2,Self Pay,3,None checked,1,1366
,Nevada,32,Metro,Metro,Hispanic or Latino,2135-2,Other,4,At least one checked,0,15
,Nevada,32,Metro,Metro,Hispanic or Latino,2135-2,Other,4,None checked,1,1150
,Nevada,32,Metro,Metro,Hispanic or Latino,2135-2,Unknown or Not Stated,9,None checked,1,29
,Nevada,32,Metro,Metro,Not Hispanic or Latino,2186-5,Medicaid,1,At least one checked,0,197
,Nevada,32,Metro,Metro,Not Hispanic or Latino,2186-5,Medicaid,1,None checked,1,19992
,Nevada,32,Metro,Metro,Not Hispanic or Latino,2186-5,Private Insurance,2,At least one checked,0,522
,Nevada,32,Metro,Metro,Not Hispanic or Latino,2186-5,Private Insurance,2,None checked,1,34346
,Nevada,32,Metro,Metro,Not Hispanic or Latino,2186-5,Self Pay,3,At least one checked,0,30
,Nevada,32,Metro,Metro,Not Hispanic or Latino,2186-5,Self Pay,3,None checked,1,1612
,Nevada,32,Metro,Metro,Not Hispanic or Latino,2186-5,Other,4,At least one checked,0,47
,Nevada,32,Metro,Metro,Not Hispanic or Latino,2186-5,Other,4,None checked,1,2948
,Nevada,32,Metro,Metro,Not Hispanic or Latino,2186-5,Unknown or Not Stated,9,None checked,1,54
,Nevada,32,Metro,Metro,Unknown or Not Stated,9,Medicaid,1,None checked,1,367
,Nevada,32,Metro,Metro,Unknown or Not Stated,9,Private Insurance,2,None checked,1,321
,Nevada,32,Metro,Metro,Unknown or Not Stated,9,Self Pay,3,None checked,1,38
,Nevada,32,Metro,Metro,Unknown or Not Stated,9,Other,4,None checked,1,26
,Nevada,32,Metro,Metro,Unknown or Not Stated,9,Unknown or Not Stated,9,None checked,1,16
,Nevada,32,Nonmetro,Nonmetro,Hispanic or Latino,2135-2,Medicaid,1,None checked,1,750
,Nevada,32,Nonmetro,Nonmetro,Hispanic or Latino,2135-2,Private Insurance,2,At least one checked,0,20
,Nevada,32,Nonmetro,Nonmetro,Hispanic or Latino,2135-2,Private Insurance,2,None checked,1,1061
,Nevada,32,Nonmetro,Nonmetro,Hispanic or Latino,2135-2,Self Pay,3,None checked,1,102
,Nevada,32,Nonmetro,Nonmetro,Hispanic or Latino,2135-2,Other,4,None checked,1,72
,Nevada,32,Nonmetro,Nonmetro,Not Hispanic or Latino,2186-5,Medicaid,1,At least one checked,0,26
,Nevada,32,Nonmetro,Nonmetro,Not Hispanic or Latino,2186-5,Medicaid,1,None checked,1,1602
,Nevada,32,Nonmetro,Nonmetro,Not Hispanic or Latino,2186-5,Private Insurance,2,At least one checked,0,55
,Nevada,32,Nonmetro,Nonmetro,Not Hispanic or Latino,2186-5,Private Insurance,2,None checked,1,3312
,Nevada,32,Nonmetro,Nonmetro,Not Hispanic or Latino,2186-5,Self Pay,3,None checked,1,256
,Nevada,32,Nonmetro,Nonmetro,Not Hispanic or Latino,2186-5,Other,4,At least one checked,0,10
,Nevada,32,Nonmetro,Nonmetro,Not Hispanic or Latino,2186-5,Other,4,None checked,1,335
,Nevada,32,Nonmetro,Nonmetro,Not Hispanic or Latino,2186-5,Unknown or Not Stated,9,None checked,1,12
,Nevada,32,Nonmetro,Nonmetro,Unknown or Not Stated,9,Medicaid,1,None checked,1,17
,Nevada,32,Nonmetro,Nonmetro,Unknown or Not Stated,9,Private Insurance,2,None checked,1,14
,New Hampshire,33,Metro,Metro,Hispanic or Latino,2135-2,Medicaid,1,At least one checked,0,18
,New Hampshire,33,Metro,Metro,Hispanic or Latino,2135-2,Medicaid,1,None checked,1,919
,New Hampshire,33,Metro,Metro,Hispanic or Latino,2135-2,Private Insurance,2,At least one checked,0,37
,New Hampshire,33,Metro,Metro,Hispanic or Latino,2135-2,Private Insurance,2,None checked,1,1207
,New Hampshire,33,Metro,Metro,Hispanic or Latino,2135-2,Self Pay,3,At least one checked,0,18
,New Hampshire,33,Metro,Metro,Hispanic or Latino,2135-2,Self Pay,3,None checked,1,176
,New Hampshire,33,Metro,Metro,Hispanic or Latino,2135-2,Other,4,None checked,1,257
,New Hampshire,33,Metro,Metro,Not Hispanic or Latino,2186-5,Medicaid,1,At least one checked,0,129
,New Hampshire,33,Metro,Metro,Not Hispanic or Latino,2186-5,Medicaid,1,None checked,1,3896
,New Hampshire,33,Metro,Metro,Not Hispanic or Latino,2186-5,Medicaid,1,Unknown or Not Stated,9,14
,New Hampshire,33,Metro,Metro,Not Hispanic or Latino,2186-5,Private Insurance,2,At least one checked,0,630
,New Hampshire,33,Metro,Metro,Not Hispanic or Latino,2186-5,Private Insurance,2,None checked,1,18925
,New Hampshire,33,Metro,Metro,Not Hispanic or Latino,2186-5,Private Insurance,2,Unknown or Not Stated,9,45
,New Hampshire,33,Metro,Metro,Not Hispanic or Latino,2186-5,Self Pay,3,At least one checked,0,17
,New Hampshire,33,Metro,Metro,Not Hispanic or Latino,2186-5,Self Pay,3,None checked,1,560
,New Hampshire,33,Metro,Metro,Not Hispanic or Latino,2186-5,Other,4,At least one checked,0,17
,New Hampshire,33,Metro,Metro,Not Hispanic or Latino,2186-5,Other,4,None checked,1,507
,New Hampshire,33,Metro,Metro,Not Hispanic or Latino,2186-5,Unknown or Not Stated,9,None checked,1,137
,New Hampshire,33,Metro,Metro,Not Hispanic or Latino,2186-5,Unknown or Not Stated,9,Unknown or Not Stated,9,11
,New Hampshire,33,Metro,Metro,Unknown or Not Stated,9,Medicaid,1,None checked,1,29
,New Hampshire,33,Metro,Metro,Unknown or Not Stated,9,Private Insurance,2,None checked,1,155
,New Hampshire,33,Metro,Metro,Unknown or Not Stated,9,Self Pay,3,None checked,1,13
,New Hampshire,33,Nonmetro,Nonmetro,Hispanic or Latino,2135-2,Medicaid,1,None checked,1,150
,New Hampshire,33,Nonmetro,Nonmetro,Hispanic or Latino,2135-2,Private Insurance,2,At least one checked,0,12
,New Hampshire,33,Nonmetro,Nonmetro,Hispanic or Latino,2135-2,Private Insurance,2,None checked,1,233
,New Hampshire,33,Nonmetro,Nonmetro,Hispanic or Latino,2135-2,Self Pay,3,None checked,1,50
,New Hampshire,33,Nonmetro,Nonmetro,Hispanic or Latino,2135-2,Other,4,None checked,1,20
,New Hampshire,33,Nonmetro,Nonmetro,Not Hispanic or Latino,2186-5,Medicaid,1,At least one checked,0,71
,New Hampshire,33,Nonmetro,Nonmetro,Not Hispanic or Latino,2186-5,Medicaid,1,None checked,1,3350
,New Hampshire,33,Nonmetro,Nonmetro,Not Hispanic or Latino,2186-5,Private Insurance,2,At least one checked,0,261
,New Hampshire,33,Nonmetro,Nonmetro,Not Hispanic or Latino,2186-5,Private Insurance,2,None checked,1,8493
,New Hampshire,33,Nonmetro,Nonmetro,Not Hispanic or Latino,2186-5,Private Insurance,2,Unknown or Not Stated,9,14
,New Hampshire,33,Nonmetro,Nonmetro,Not Hispanic or Latino,2186-5,Self Pay,3,At least one checked,0,19
,New Hampshire,33,Nonmetro,Nonmetro,Not Hispanic or Latino,2186-5,Self Pay,3,None checked,1,529
,New Hampshire,33,Nonmetro,Nonmetro,Not Hispanic or Latino,2186-5,Other,4,At least one checked,0,18
,New Hampshire,33,Nonmetro,Nonmetro,Not Hispanic or Latino,2186-5,Other,4,None checked,1,349
,New Hampshire,33,Nonmetro,Nonmetro,Not Hispanic or Latino,2186-5,Unknown or Not Stated,9,None checked,1,91
,New Hampshire,33,Nonmetro,Nonmetro,Unknown or Not Stated,9,Medicaid,1,None checked,1,26
,New Hampshire,33,Nonmetro,Nonmetro,Unknown or Not Stated,9,Private Insurance,2,None checked,1,42
,New Hampshire,33,Nonmetro,Nonmetro,Unknown or Not Stated,9,Self Pay,3,None checked,1,14
,New Jersey,34,Metro,Metro,Hispanic or Latino,2135-2,Medicaid,1,At least one checked,0,930
,New Jersey,34,Metro,Metro,Hispanic or Latino,2135-2,Medicaid,1,None checked,1,50374
,New Jersey,34,Metro,Metro,Hispanic or Latino,2135-2,Medicaid,1,Unknown or Not Stated,9,88
,New Jersey,34,Metro,Metro,Hispanic or Latino,2135-2,Private Insurance,2,At least one checked,0,607
,New Jersey,34,Metro,Metro,Hispanic or Latino,2135-2,Private Insurance,2,None checked,1,37557
,New Jersey,34,Metro,Metro,Hispanic or Latino,2135-2,Private Insurance,2,Unknown or Not Stated,9,65
,New Jersey,34,Metro,Metro,Hispanic or Latino,2135-2,Self Pay,3,At least one checked,0,280
,New Jersey,34,Metro,Metro,Hispanic or Latino,2135-2,Self Pay,3,None checked,1,12948
,New Jersey,34,Metro,Metro,Hispanic or Latino,2135-2,Self Pay,3,Unknown or Not Stated,9,17
,New Jersey,34,Metro,Metro,Hispanic or Latino,2135-2,Other,4,At least one checked,0,52
,New Jersey,34,Metro,Metro,Hispanic or Latino,2135-2,Other,4,None checked,1,2084
,New Jersey,34,Metro,Metro,Hispanic or Latino,2135-2,Unknown or Not Stated,9,None checked,1,547
,New Jersey,34,Metro,Metro,Not Hispanic or Latino,2186-5,Medicaid,1,At least one checked,0,927
,New Jersey,34,Metro,Metro,Not Hispanic or Latino,2186-5,Medicaid,1,None checked,1,47402
,New Jersey,34,Metro,Metro,Not Hispanic or Latino,2186-5,Medicaid,1,Unknown or Not Stated,9,87
,New Jersey,34,Metro,Metro,Not Hispanic or Latino,2186-5,Private Insurance,2,At least one checked,0,3072
,New Jersey,34,Metro,Metro,Not Hispanic or Latino,2186-5,Private Insurance,2,None checked,1,180307
,New Jersey,34,Metro,Metro,Not Hispanic or Latino,2186-5,Private Insurance,2,Unknown or Not Stated,9,293
,New Jersey,34,Metro,Metro,Not Hispanic or Latino,2186-5,Self Pay,3,At least one checked,0,137
,New Jersey,34,Metro,Metro,Not Hispanic or Latino,2186-5,Self Pay,3,None checked,1,5462
,New Jersey,34,Metro,Metro,Not Hispanic or Latino,2186-5,Self Pay,3,Unknown or Not Stated,9,17
,New Jersey,34,Metro,Metro,Not Hispanic or Latino,2186-5,Other,4,At least one checked,0,31
,New Jersey,34,Metro,Metro,Not Hispanic or Latino,2186-5,Other,4,None checked,1,1486
,New Jersey,34,Metro,Metro,Not Hispanic or Latino,2186-5,Unknown or Not Stated,9,None checked,1,804
,New Jersey,34,Metro,Metro,Not Hispanic or Latino,2186-5,Unknown or Not Stated,9,Unknown or Not Stated,9,24
,New Jersey,34,Metro,Metro,Unknown or Not Stated,9,Medicaid,1,At least one checked,0,36
,New Jersey,34,Metro,Metro,Unknown or Not Stated,9,Medicaid,1,None checked,1,1413
,New Jersey,34,Metro,Metro,Unknown or Not Stated,9,Private Insurance,2,At least one checked,0,79
,New Jersey,34,Metro,Metro,Unknown or Not Stated,9,Private Insurance,2,None checked,1,3438
,New Jersey,34,Metro,Metro,Unknown or Not Stated,9,Private Insurance,2,Unknown or Not Stated,9,11
,New Jersey,34,Metro,Metro,Unknown or Not Stated,9,Self Pay,3,None checked,1,242
,New Jersey,34,Metro,Metro,Unknown or Not Stated,9,Other,4,None checked,1,34
,New Jersey,34,Metro,Metro,Unknown or Not Stated,9,Unknown or Not Stated,9,None checked,1,52
,New Mexico,35,Metro,Metro,Hispanic or Latino,2135-2,Medicaid,1,At least one checked,0,141
,New Mexico,35,Metro,Metro,Hispanic or Latino,2135-2,Medicaid,1,None checked,1,15165
,New Mexico,35,Metro,Metro,Hispanic or Latino,2135-2,Private Insurance,2,At least one checked,0,107
,New Mexico,35,Metro,Metro,Hispanic or Latino,2135-2,Private Insurance,2,None checked,1,8803
,New Mexico,35,Metro,Metro,Hispanic or Latino,2135-2,Self Pay,3,At least one checked,0,43
,New Mexico,35,Metro,Metro,Hispanic or Latino,2135-2,Self Pay,3,None checked,1,2457
,New Mexico,35,Metro,Metro,Hispanic or Latino,2135-2,Other,4,At least one checked,0,21
,New Mexico,35,Metro,Metro,Hispanic or Latino,2135-2,Other,4,None checked,1,1581
,New Mexico,35,Metro,Metro,Hispanic or Latino,2135-2,Unknown or Not Stated,9,None checked,1,129
,New Mexico,35,Metro,Metro,Not Hispanic or Latino,2186-5,Medicaid,1,At least one checked,0,97
,New Mexico,35,Metro,Metro,Not Hispanic or Latino,2186-5,Medicaid,1,None checked,1,7978
,New Mexico,35,Metro,Metro,Not Hispanic or Latino,2186-5,Private Insurance,2,At least one checked,0,171
,New Mexico,35,Metro,Metro,Not Hispanic or Latino,2186-5,Private Insurance,2,None checked,1,7966
,New Mexico,35,Metro,Metro,Not Hispanic or Latino,2186-5,Self Pay,3,At least one checked,0,11
,New Mexico,35,Metro,Metro,Not Hispanic or Latino,2186-5,Self Pay,3,None checked,1,643
,New Mexico,35,Metro,Metro,Not Hispanic or Latino,2186-5,Other,4,At least one checked,0,24
,New Mexico,35,Metro,Metro,Not Hispanic or Latino,2186-5,Other,4,None checked,1,999
,New Mexico,35,Metro,Metro,Not Hispanic or Latino,2186-5,Unknown or Not Stated,9,None checked,1,35
,New Mexico,35,Metro,Metro,Unknown or Not Stated,9,Medicaid,1,None checked,1,73
,New Mexico,35,Metro,Metro,Unknown or Not Stated,9,Private Insurance,2,None checked,1,20
,New Mexico,35,Metro,Metro,Unknown or Not Stated,9,Self Pay,3,None checked,1,16
,New Mexico,35,Nonmetro,Nonmetro,Hispanic or Latino,2135-2,Medicaid,1,At least one checked,0,98
,New Mexico,35,Nonmetro,Nonmetro,Hispanic or Latino,2135-2,Medicaid,1,None checked,1,8982
,New Mexico,35,Nonmetro,Nonmetro,Hispanic or Latino,2135-2,Private Insurance,2,At least one checked,0,37
,New Mexico,35,Nonmetro,Nonmetro,Hispanic or Latino,2135-2,Private Insurance,2,None checked,1,3334
,New Mexico,35,Nonmetro,Nonmetro,Hispanic or Latino,2135-2,Self Pay,3,At least one checked,0,18
,New Mexico,35,Nonmetro,Nonmetro,Hispanic or Latino,2135-2,Self Pay,3,None checked,1,1653
,New Mexico,35,Nonmetro,Nonmetro,Hispanic or Latino,2135-2,Other,4,None checked,1,1027
,New Mexico,35,Nonmetro,Nonmetro,Hispanic or Latino,2135-2,Unknown or Not Stated,9,None checked,1,116
,New Mexico,35,Nonmetro,Nonmetro,Not Hispanic or Latino,2186-5,Medicaid,1,At least one checked,0,63
,New Mexico,35,Nonmetro,Nonmetro,Not Hispanic or Latino,2186-5,Medicaid,1,None checked,1,6056
,New Mexico,35,Nonmetro,Nonmetro,Not Hispanic or Latino,2186-5,Private Insurance,2,At least one checked,0,40
,New Mexico,35,Nonmetro,Nonmetro,Not Hispanic or Latino,2186-5,Private Insurance,2,None checked,1,2939
,New Mexico,35,Nonmetro,Nonmetro,Not Hispanic or Latino,2186-5,Self Pay,3,None checked,1,470
,New Mexico,35,Nonmetro,Nonmetro,Not Hispanic or Latino,2186-5,Other,4,At least one checked,0,15
,New Mexico,35,Nonmetro,Nonmetro,Not Hispanic or Latino,2186-5,Other,4,None checked,1,1465
,New Mexico,35,Nonmetro,Nonmetro,Not Hispanic or Latino,2186-5,Unknown or Not Stated,9,None checked,1,137
,New Mexico,35,Nonmetro,Nonmetro,Unknown or Not Stated,9,Medicaid,1,None checked,1,93
,New Mexico,35,Nonmetro,Nonmetro,Unknown or Not Stated,9,Private Insurance,2,None checked,1,26
,New York,36,Metro,Metro,Hispanic or Latino,2135-2,Medicaid,1,At least one checked,0,1560
,New York,36,Metro,Metro,Hispanic or Latino,2135-2,Medicaid,1,None checked,1,119536
,New York,36,Metro,Metro,Hispanic or Latino,2135-2,Medicaid,1,Unknown or Not Stated,9,263
,New York,36,Metro,Metro,Hispanic or Latino,2135-2,Private Insurance,2,At least one checked,0,643
,New York,36,Metro,Metro,Hispanic or Latino,2135-2,Private Insurance,2,None checked,1,42266
,New York,36,Metro,Metro,Hispanic or Latino,2135-2,Private Insurance,2,Unknown or Not Stated,9,384
,New York,36,Metro,Metro,Hispanic or Latino,2135-2,Self Pay,3,At least one checked,0,14
,New York,36,Metro,Metro,Hispanic or Latino,2135-2,Self Pay,3,None checked,1,980
,New York,36,Metro,Metro,Hispanic or Latino,2135-2,Other,4,At least one checked,0,91
,New York,36,Metro,Metro,Hispanic or Latino,2135-2,Other,4,None checked,1,5801
,New York,36,Metro,Metro,Hispanic or Latino,2135-2,Other,4,Unknown or Not Stated,9,17
,New York,36,Metro,Metro,Hispanic or Latino,2135-2,Unknown or Not Stated,9,At least one checked,0,10
,New York,36,Metro,Metro,Hispanic or Latino,2135-2,Unknown or Not Stated,9,None checked,1,796
,New York,36,Metro,Metro,Hispanic or Latino,2135-2,Unknown or Not Stated,9,Unknown or Not Stated,9,20
,New York,36,Metro,Metro,Not Hispanic or Latino,2186-5,Medicaid,1,At least one checked,0,3374
,New York,36,Metro,Metro,Not Hispanic or Latino,2186-5,Medicaid,1,None checked,1,188648
,New York,36,Metro,Metro,Not Hispanic or Latino,2186-5,Medicaid,1,Unknown or Not Stated,9,379
,New York,36,Metro,Metro,Not Hispanic or Latino,2186-5,Private Insurance,2,At least one checked,0,5754
,New York,36,Metro,Metro,Not Hispanic or Latino,2186-5,Private Insurance,2,None checked,1,269696
,New York,36,Metro,Metro,Not Hispanic or Latino,2186-5,Private Insurance,2,Unknown or Not Stated,9,1006
,New York,36,Metro,Metro,Not Hispanic or Latino,2186-5,Self Pay,3,At least one checked,0,86
,New York,36,Metro,Metro,Not Hispanic or Latino,2186-5,Self Pay,3,None checked,1,3799
,New York,36,Metro,Metro,Not Hispanic or Latino,2186-5,Self Pay,3,Unknown or Not Stated,9,13
,New York,36,Metro,Metro,Not Hispanic or Latino,2186-5,Other,4,At least one checked,0,314
,New York,36,Metro,Metro,Not Hispanic or Latino,2186-5,Other,4,None checked,1,14086
,New York,36,Metro,Metro,Not Hispanic or Latino,2186-5,Other,4,Unknown or Not Stated,9,48
,New York,36,Metro,Metro,Not Hispanic or Latino,2186-5,Unknown or Not Stated,9,At least one checked,0,23
,New York,36,Metro,Metro,Not Hispanic or Latino,2186-5,Unknown or Not Stated,9,None checked,1,1431
,New York,36,Metro,Metro,Not Hispanic or Latino,2186-5,Unknown or Not Stated,9,Unknown or Not Stated,9,43
,New York,36,Metro,Metro,Unknown or Not Stated,9,Medicaid,1,At least one checked,0,30
,New York,36,Metro,Metro,Unknown or Not Stated,9,Medicaid,1,None checked,1,2066
,New York,36,Metro,Metro,Unknown or Not Stated,9,Medicaid,1,Unknown or Not Stated,9,20
,New York,36,Metro,Metro,Unknown or Not Stated,9,Private Insurance,2,At least one checked,0,10
,New York,36,Metro,Metro,Unknown or Not Stated,9,Private Insurance,2,None checked,1,1424
,New York,36,Metro,Metro,Unknown or Not Stated,9,Self Pay,3,None checked,1,114
,New York,36,Metro,Metro,Unknown or Not Stated,9,Other,4,None checked,1,66
,New York,36,Metro,Metro,Unknown or Not Stated,9,Unknown or Not Stated,9,None checked,1,70
,New York,36,Metro,Metro,Unknown or Not Stated,9,Unknown or Not Stated,9,Unknown or Not Stated,9,314
,New York,36,Nonmetro,Nonmetro,Hispanic or Latino,2135-2,Medicaid,1,At least one checked,0,62
,New York,36,Nonmetro,Nonmetro,Hispanic or Latino,2135-2,Medicaid,1,None checked,1,2234
,New York,36,Nonmetro,Nonmetro,Hispanic or Latino,2135-2,Private Insurance,2,At least one checked,0,17
,New York,36,Nonmetro,Nonmetro,Hispanic or Latino,2135-2,Private Insurance,2,None checked,1,896
,New York,36,Nonmetro,Nonmetro,Hispanic or Latino,2135-2,Self Pay,3,None checked,1,75
,New York,36,Nonmetro,Nonmetro,Hispanic or Latino,2135-2,Other,4,None checked,1,133
,New York,36,Nonmetro,Nonmetro,Hispanic or Latino,2135-2,Unknown or Not Stated,9,None checked,1,13
,New York,36,Nonmetro,Nonmetro,Not Hispanic or Latino,2186-5,Medicaid,1,At least one checked,0,331
,New York,36,Nonmetro,Nonmetro,Not Hispanic or Latino,2186-5,Medicaid,1,None checked,1,15276
,New York,36,Nonmetro,Nonmetro,Not Hispanic or Latino,2186-5,Medicaid,1,Unknown or Not Stated,9,25
,New York,36,Nonmetro,Nonmetro,Not Hispanic or Latino,2186-5,Private Insurance,2,At least one checked,0,523
,New York,36,Nonmetro,Nonmetro,Not Hispanic or Latino,2186-5,Private Insurance,2,None checked,1,17421
,New York,36,Nonmetro,Nonmetro,Not Hispanic or Latino,2186-5,Private Insurance,2,Unknown or Not Stated,9,25
,New York,36,Nonmetro,Nonmetro,Not Hispanic or Latino,2186-5,Self Pay,3,At least one checked,0,46
,New York,36,Nonmetro,Nonmetro,Not Hispanic or Latino,2186-5,Self Pay,3,None checked,1,2835
,New York,36,Nonmetro,Nonmetro,Not Hispanic or Latino,2186-5,Self Pay,3,Unknown or Not Stated,9,31
,New York,36,Nonmetro,Nonmetro,Not Hispanic or Latino,2186-5,Other,4,At least one checked,0,57
,New York,36,Nonmetro,Nonmetro,Not Hispanic or Latino,2186-5,Other,4,None checked,1,1898
,New York,36,Nonmetro,Nonmetro,Not Hispanic or Latino,2186-5,Unknown or Not Stated,9,None checked,1,210
,New York,36,Nonmetro,Nonmetro,Unknown or Not Stated,9,Medicaid,1,None checked,1,33
,New York,36,Nonmetro,Nonmetro,Unknown or Not Stated,9,Private Insurance,2,None checked,1,35
,New York,36,Nonmetro,Nonmetro,Unknown or Not Stated,9,Self Pay,3,None checked,1,82
,New York,36,Nonmetro,Nonmetro,Unknown or Not Stated,9,Self Pay,3,Unknown or Not Stated,9,10
,New York,36,Nonmetro,Nonmetro,Unknown or Not Stated,9,Unknown or Not Stated,9,None checked,1,42
,New York,36,Nonmetro,Nonmetro,Unknown or Not Stated,9,Unknown or Not Stated,9,Unknown or Not Stated,9,967
,North Carolina,37,Metro,Metro,Hispanic or Latino,2135-2,Medicaid,1,At least one checked,0,358
,North Carolina,37,Metro,Metro,Hispanic or Latino,2135-2,Medicaid,1,None checked,1,25174
,North Carolina,37,Metro,Metro,Hispanic or Latino,2135-2,Private Insurance,2,At least one checked,0,248
,North Carolina,37,Metro,Metro,Hispanic or Latino,2135-2,Private Insurance,2,None checked,1,19515
,North Carolina,37,Metro,Metro,Hispanic or Latino,2135-2,Self Pay,3,At least one checked,0,247
,North Carolina,37,Metro,Metro,Hispanic or Latino,2135-2,Self Pay,3,None checked,1,23115
,North Carolina,37,Metro,Metro,Hispanic or Latino,2135-2,Other,4,At least one checked,0,73
,North Carolina,37,Metro,Metro,Hispanic or Latino,2135-2,Other,4,None checked,1,3202
,North Carolina,37,Metro,Metro,Hispanic or Latino,2135-2,Unknown or Not Stated,9,None checked,1,408
,North Carolina,37,Metro,Metro,Not Hispanic or Latino,2186-5,Medicaid,1,At least one checked,0,1221
,North Carolina,37,Metro,Metro,Not Hispanic or Latino,2186-5,Medicaid,1,None checked,1,87466
,North Carolina,37,Metro,Metro,Not Hispanic or Latino,2186-5,Private Insurance,2,At least one checked,0,2595
,North Carolina,37,Metro,Metro,Not Hispanic or Latino,2186-5,Private Insurance,2,None checked,1,156592
,North Carolina,37,Metro,Metro,Not Hispanic or Latino,2186-5,Self Pay,3,At least one checked,0,92
,North Carolina,37,Metro,Metro,Not Hispanic or Latino,2186-5,Self Pay,3,None checked,1,7312
,North Carolina,37,Metro,Metro,Not Hispanic or Latino,2186-5,Other,4,At least one checked,0,282
,North Carolina,37,Metro,Metro,Not Hispanic or Latino,2186-5,Other,4,None checked,1,13733
,North Carolina,37,Metro,Metro,Not Hispanic or Latino,2186-5,Unknown or Not Stated,9,At least one checked,0,11
,North Carolina,37,Metro,Metro,Not Hispanic or Latino,2186-5,Unknown or Not Stated,9,None checked,1,913
,North Carolina,37,Metro,Metro,Unknown or Not Stated,9,Medicaid,1,None checked,1,28
,North Carolina,37,Metro,Metro,Unknown or Not Stated,9,Private Insurance,2,None checked,1,45
,North Carolina,37,Metro,Metro,Unknown or Not Stated,9,Self Pay,3,None checked,1,11
,North Carolina,37,Nonmetro,Nonmetro,Hispanic or Latino,2135-2,Medicaid,1,At least one checked,0,97
,North Carolina,37,Nonmetro,Nonmetro,Hispanic or Latino,2135-2,Medicaid,1,None checked,1,6148
,North Carolina,37,Nonmetro,Nonmetro,Hispanic or Latino,2135-2,Private Insurance,2,At least one checked,0,47
,North Carolina,37,Nonmetro,Nonmetro,Hispanic or Latino,2135-2,Private Insurance,2,None checked,1,2890
,North Carolina,37,Nonmetro,Nonmetro,Hispanic or Latino,2135-2,Self Pay,3,At least one checked,0,55
,North Carolina,37,Nonmetro,Nonmetro,Hispanic or Latino,2135-2,Self Pay,3,None checked,1,4701
,North Carolina,37,Nonmetro,Nonmetro,Hispanic or Latino,2135-2,Other,4,At least one checked,0,14
,North Carolina,37,Nonmetro,Nonmetro,Hispanic or Latino,2135-2,Other,4,None checked,1,776
,North Carolina,37,Nonmetro,Nonmetro,Hispanic or Latino,2135-2,Unknown or Not Stated,9,None checked,1,180
,North Carolina,37,Nonmetro,Nonmetro,Not Hispanic or Latino,2186-5,Medicaid,1,At least one checked,0,426
,North Carolina,37,Nonmetro,Nonmetro,Not Hispanic or Latino,2186-5,Medicaid,1,None checked,1,32972
,North Carolina,37,Nonmetro,Nonmetro,Not Hispanic or Latino,2186-5,Private Insurance,2,At least one checked,0,531
,North Carolina,37,Nonmetro,Nonmetro,Not Hispanic or Latino,2186-5,Private Insurance,2,None checked,1,28876
,North Carolina,37,Nonmetro,Nonmetro,Not Hispanic or Latino,2186-5,Self Pay,3,At least one checked,0,44
,North Carolina,37,Nonmetro,Nonmetro,Not Hispanic or Latino,2186-5,Self Pay,3,None checked,1,2141
,North Carolina,37,Nonmetro,Nonmetro,Not Hispanic or Latino,2186-5,Other,4,At least one checked,0,63
,North Carolina,37,Nonmetro,Nonmetro,Not Hispanic or Latino,2186-5,Other,4,None checked,1,3778
,North Carolina,37,Nonmetro,Nonmetro,Not Hispanic or Latino,2186-5,Unknown or Not Stated,9,None checked,1,412
,North Carolina,37,Nonmetro,Nonmetro,Unknown or Not Stated,9,Medicaid,1,None checked,1,14
,North Dakota,38,Metro,Metro,Hispanic or Latino,2135-2,Medicaid,1,At least one checked,0,11
,North Dakota,38,Metro,Metro,Hispanic or Latino,2135-2,Medicaid,1,None checked,1,582
,North Dakota,38,Metro,Metro,Hispanic or Latino,2135-2,Private Insurance,2,None checked,1,567
,North Dakota,38,Metro,Metro,Hispanic or Latino,2135-2,Self Pay,3,None checked,1,79
,North Dakota,38,Metro,Metro,Hispanic or Latino,2135-2,Other,4,None checked,1,325
,North Dakota,38,Metro,Metro,Hispanic or Latino,2135-2,Unknown or Not Stated,9,None checked,1,49
,North Dakota,38,Metro,Metro,Not Hispanic or Latino,2186-5,Medicaid,1,At least one checked,0,72
,North Dakota,38,Metro,Metro,Not Hispanic or Latino,2186-5,Medicaid,1,None checked,1,3676
,North Dakota,38,Metro,Metro,Not Hispanic or Latino,2186-5,Private Insurance,2,At least one checked,0,287
,North Dakota,38,Metro,Metro,Not Hispanic or Latino,2186-5,Private Insurance,2,None checked,1,11850
,North Dakota,38,Metro,Metro,Not Hispanic or Latino,2186-5,Self Pay,3,At least one checked,0,10
,North Dakota,38,Metro,Metro,Not Hispanic or Latino,2186-5,Self Pay,3,None checked,1,362
,North Dakota,38,Metro,Metro,Not Hispanic or Latino,2186-5,Other,4,At least one checked,0,44
,North Dakota,38,Metro,Metro,Not Hispanic or Latino,2186-5,Other,4,None checked,1,2140
,North Dakota,38,Metro,Metro,Not Hispanic or Latino,2186-5,Unknown or Not Stated,9,None checked,1,186
,North Dakota,38,Metro,Metro,Unknown or Not Stated,9,Medicaid,1,None checked,1,119
,North Dakota,38,Metro,Metro,Unknown or Not Stated,9,Private Insurance,2,None checked,1,159
,North Dakota,38,Metro,Metro,Unknown or Not Stated,9,Self Pay,3,None checked,1,15
,North Dakota,38,Metro,Metro,Unknown or Not Stated,9,Other,4,None checked,1,56
,North Dakota,38,Metro,Metro,Unknown or Not Stated,9,Unknown or Not Stated,9,None checked,1,78
,North Dakota,38,Nonmetro,Nonmetro,Hispanic or Latino,2135-2,Medicaid,1,None checked,1,508
,North Dakota,38,Nonmetro,Nonmetro,Hispanic or Latino,2135-2,Private Insurance,2,At least one checked,0,14
,North Dakota,38,Nonmetro,Nonmetro,Hispanic or Latino,2135-2,Private Insurance,2,None checked,1,522
,North Dakota,38,Nonmetro,Nonmetro,Hispanic or Latino,2135-2,Self Pay,3,None checked,1,156
,North Dakota,38,Nonmetro,Nonmetro,Hispanic or Latino,2135-2,Other,4,None checked,1,72
,North Dakota,38,Nonmetro,Nonmetro,Hispanic or Latino,2135-2,Unknown or Not Stated,9,None checked,1,42
,North Dakota,38,Nonmetro,Nonmetro,Not Hispanic or Latino,2186-5,Medicaid,1,At least one checked,0,44
,North Dakota,38,Nonmetro,Nonmetro,Not Hispanic or Latino,2186-5,Medicaid,1,None checked,1,2748
,North Dakota,38,Nonmetro,Nonmetro,Not Hispanic or Latino,2186-5,Private Insurance,2,At least one checked,0,124
,North Dakota,38,Nonmetro,Nonmetro,Not Hispanic or Latino,2186-5,Private Insurance,2,None checked,1,7569
,North Dakota,38,Nonmetro,Nonmetro,Not Hispanic or Latino,2186-5,Self Pay,3,None checked,1,448
,North Dakota,38,Nonmetro,Nonmetro,Not Hispanic or Latino,2186-5,Other,4,At least one checked,0,11
,North Dakota,38,Nonmetro,Nonmetro,Not Hispanic or Latino,2186-5,Other,4,None checked,1,816
,North Dakota,38,Nonmetro,Nonmetro,Not Hispanic or Latino,2186-5,Unknown or Not Stated,9,None checked,1,108
,North Dakota,38,Nonmetro,Nonmetro,Unknown or Not Stated,9,Medicaid,1,None checked,1,74
,North Dakota,38,Nonmetro,Nonmetro,Unknown or Not Stated,9,Private Insurance,2,None checked,1,107
,North Dakota,38,Nonmetro,Nonmetro,Unknown or Not Stated,9,Self Pay,3,None checked,1,27
,North Dakota,38,Nonmetro,Nonmetro,Unknown or Not Stated,9,Unknown or Not Stated,9,None checked,1,67
,Ohio,39,Metro,Metro,Hispanic or Latino,2135-2,Medicaid,1,At least one checked,0,349
,Ohio,39,Metro,Metro,Hispanic or Latino,2135-2,Medicaid,1,None checked,1,14723
,Ohio,39,Metro,Metro,Hispanic or Latino,2135-2,Private Insurance,2,At least one checked,0,217
,Ohio,39,Metro,Metro,Hispanic or Latino,2135-2,Private Insurance,2,None checked,1,8851
,Ohio,39,Metro,Metro,Hispanic or Latino,2135-2,Self Pay,3,At least one checked,0,194
,Ohio,39,Metro,Metro,Hispanic or Latino,2135-2,Self Pay,3,None checked,1,6906
,Ohio,39,Metro,Metro,Hispanic or Latino,2135-2,Other,4,At least one checked,0,36
,Ohio,39,Metro,Metro,Hispanic or Latino,2135-2,Other,4,None checked,1,1449
,Ohio,39,Metro,Metro,Hispanic or Latino,2135-2,Unknown or Not Stated,9,None checked,1,213
,Ohio,39,Metro,Metro,Not Hispanic or Latino,2186-5,Medicaid,1,At least one checked,0,2225
,Ohio,39,Metro,Metro,Not Hispanic or Latino,2186-5,Medicaid,1,None checked,1,117710
,Ohio,39,Metro,Metro,Not Hispanic or Latino,2186-5,Medicaid,1,Unknown or Not Stated,9,55
,Ohio,39,Metro,Metro,Not Hispanic or Latino,2186-5,Private Insurance,2,At least one checked,0,4412
,Ohio,39,Metro,Metro,Not Hispanic or Latino,2186-5,Private Insurance,2,None checked,1,178563
,Ohio,39,Metro,Metro,Not Hispanic or Latino,2186-5,Private Insurance,2,Unknown or Not Stated,9,52
,Ohio,39,Metro,Metro,Not Hispanic or Latino,2186-5,Self Pay,3,At least one checked,0,274
,Ohio,39,Metro,Metro,Not Hispanic or Latino,2186-5,Self Pay,3,None checked,1,12434
,Ohio,39,Metro,Metro,Not Hispanic or Latino,2186-5,Other,4,At least one checked,0,202
,Ohio,39,Metro,Metro,Not Hispanic or Latino,2186-5,Other,4,None checked,1,9512
,Ohio,39,Metro,Metro,Not Hispanic or Latino,2186-5,Unknown or Not Stated,9,At least one checked,0,31
,Ohio,39,Metro,Metro,Not Hispanic or Latino,2186-5,Unknown or Not Stated,9,None checked,1,1311
,Ohio,39,Metro,Metro,Unknown or Not Stated,9,Medicaid,1,None checked,1,411
,Ohio,39,Metro,Metro,Unknown or Not Stated,9,Private Insurance,2,At least one checked,0,10
,Ohio,39,Metro,Metro,Unknown or Not Stated,9,Private Insurance,2,None checked,1,347
,Ohio,39,Metro,Metro,Unknown or Not Stated,9,Self Pay,3,None checked,1,72
,Ohio,39,Metro,Metro,Unknown or Not Stated,9,Other,4,None checked,1,44
,Ohio,39,Metro,Metro,Unknown or Not Stated,9,Unknown or Not Stated,9,None checked,1,42
,Ohio,39,Metro,Metro,Unknown or Not Stated,9,Unknown or Not Stated,9,Unknown or Not Stated,9,13
,Ohio,39,Nonmetro,Nonmetro,Hispanic or Latino,2135-2,Medicaid,1,At least one checked,0,26
,Ohio,39,Nonmetro,Nonmetro,Hispanic or Latino,2135-2,Medicaid,1,None checked,1,1533
,Ohio,39,Nonmetro,Nonmetro,Hispanic or Latino,2135-2,Private Insurance,2,At least one checked,0,23
,Ohio,39,Nonmetro,Nonmetro,Hispanic or Latino,2135-2,Private Insurance,2,None checked,1,1232
,Ohio,39,Nonmetro,Nonmetro,Hispanic or Latino,2135-2,Self Pay,3,At least one checked,0,18
,Ohio,39,Nonmetro,Nonmetro,Hispanic or Latino,2135-2,Self Pay,3,None checked,1,869
,Ohio,39,Nonmetro,Nonmetro,Hispanic or Latino,2135-2,Other,4,None checked,1,90
,Ohio,39,Nonmetro,Nonmetro,Hispanic or Latino,2135-2,Unknown or Not Stated,9,None checked,1,24
,Ohio,39,Nonmetro,Nonmetro,Not Hispanic or Latino,2186-5,Medicaid,1,At least one checked,0,376
,Ohio,39,Nonmetro,Nonmetro,Not Hispanic or Latino,2186-5,Medicaid,1,None checked,1,25712
,Ohio,39,Nonmetro,Nonmetro,Not Hispanic or Latino,2186-5,Private Insurance,2,At least one checked,0,598
,Ohio,39,Nonmetro,Nonmetro,Not Hispanic or Latino,2186-5,Private Insurance,2,None checked,1,39316
,Ohio,39,Nonmetro,Nonmetro,Not Hispanic or Latino,2186-5,Private Insurance,2,Unknown or Not Stated,9,23
,Ohio,39,Nonmetro,Nonmetro,Not Hispanic or Latino,2186-5,Self Pay,3,At least one checked,0,127
,Ohio,39,Nonmetro,Nonmetro,Not Hispanic or Latino,2186-5,Self Pay,3,None checked,1,8728
,Ohio,39,Nonmetro,Nonmetro,Not Hispanic or Latino,2186-5,Other,4,At least one checked,0,49
,Ohio,39,Nonmetro,Nonmetro,Not Hispanic or Latino,2186-5,Other,4,None checked,1,2677
,Ohio,39,Nonmetro,Nonmetro,Not Hispanic or Latino,2186-5,Unknown or Not Stated,9,At least one checked,0,15
,Ohio,39,Nonmetro,Nonmetro,Not Hispanic or Latino,2186-5,Unknown or Not Stated,9,None checked,1,620
,Ohio,39,Nonmetro,Nonmetro,Unknown or Not Stated,9,Medicaid,1,None checked,1,65
,Ohio,39,Nonmetro,Nonmetro,Unknown or Not Stated,9,Private Insurance,2,None checked,1,64
,Ohio,39,Nonmetro,Nonmetro,Unknown or Not Stated,9,Self Pay,3,None checked,1,23
,Oklahoma,40,Metro,Metro,Hispanic or Latino,2135-2,Medicaid,1,At least one checked,0,249
,Oklahoma,40,Metro,Metro,Hispanic or Latino,2135-2,Medicaid,1,None checked,1,18186
,Oklahoma,40,Metro,Metro,Hispanic or Latino,2135-2,Private Insurance,2,At least one checked,0,83
,Oklahoma,40,Metro,Metro,Hispanic or Latino,2135-2,Private Insurance,2,None checked,1,5536
,Oklahoma,40,Metro,Metro,Hispanic or Latino,2135-2,Self Pay,3,None checked,1,532
,Oklahoma,40,Metro,Metro,Hispanic or Latino,2135-2,Other,4,At least one checked,0,15
,Oklahoma,40,Metro,Metro,Hispanic or Latino,2135-2,Other,4,None checked,1,851
,Oklahoma,40,Metro,Metro,Hispanic or Latino,2135-2,Unknown or Not Stated,9,None checked,1,66
,Oklahoma,40,Metro,Metro,Not Hispanic or Latino,2186-5,Medicaid,1,At least one checked,0,531
,Oklahoma,40,Metro,Metro,Not Hispanic or Latino,2186-5,Medicaid,1,None checked,1,36366
,Oklahoma,40,Metro,Metro,Not Hispanic or Latino,2186-5,Private Insurance,2,At least one checked,0,726
,Oklahoma,40,Metro,Metro,Not Hispanic or Latino,2186-5,Private Insurance,2,None checked,1,44331
,Oklahoma,40,Metro,Metro,Not Hispanic or Latino,2186-5,Self Pay,3,At least one checked,0,39
,Oklahoma,40,Metro,Metro,Not Hispanic or Latino,2186-5,Self Pay,3,None checked,1,3495
,Oklahoma,40,Metro,Metro,Not Hispanic or Latino,2186-5,Other,4,At least one checked,0,57
,Oklahoma,40,Metro,Metro,Not Hispanic or Latino,2186-5,Other,4,None checked,1,4465
,Oklahoma,40,Metro,Metro,Not Hispanic or Latino,2186-5,Unknown or Not Stated,9,None checked,1,262
,Oklahoma,40,Metro,Metro,Unknown or Not Stated,9,Medicaid,1,None checked,1,63
,Oklahoma,40,Metro,Metro,Unknown or Not Stated,9,Private Insurance,2,None checked,1,55
,Oklahoma,40,Metro,Metro,Unknown or Not Stated,9,Self Pay,3,None checked,1,18
,Oklahoma,40,Metro,Metro,Unknown or Not Stated,9,Other,4,None checked,1,11
,Oklahoma,40,Nonmetro,Nonmetro,Hispanic or Latino,2135-2,Medicaid,1,At least one checked,0,91
,Oklahoma,40,Nonmetro,Nonmetro,Hispanic or Latino,2135-2,Medicaid,1,None checked,1,4415
,Oklahoma,40,Nonmetro,Nonmetro,Hispanic or Latino,2135-2,Private Insurance,2,At least one checked,0,34
,Oklahoma,40,Nonmetro,Nonmetro,Hispanic or Latino,2135-2,Private Insurance,2,None checked,1,1711
,Oklahoma,40,Nonmetro,Nonmetro,Hispanic or Latino,2135-2,Self Pay,3,None checked,1,164
,Oklahoma,40,Nonmetro,Nonmetro,Hispanic or Latino,2135-2,Other,4,None checked,1,117
,Oklahoma,40,Nonmetro,Nonmetro,Hispanic or Latino,2135-2,Unknown or Not Stated,9,None checked,1,43
,Oklahoma,40,Nonmetro,Nonmetro,Not Hispanic or Latino,2186-5,Medicaid,1,At least one checked,0,452
,Oklahoma,40,Nonmetro,Nonmetro,Not Hispanic or Latino,2186-5,Medicaid,1,None checked,1,24189
,Oklahoma,40,Nonmetro,Nonmetro,Not Hispanic or Latino,2186-5,Private Insurance,2,At least one checked,0,304
,Oklahoma,40,Nonmetro,Nonmetro,Not Hispanic or Latino,2186-5,Private Insurance,2,None checked,1,17023
,Oklahoma,40,Nonmetro,Nonmetro,Not Hispanic or Latino,2186-5,Self Pay,3,At least one checked,0,19
,Oklahoma,40,Nonmetro,Nonmetro,Not Hispanic or Latino,2186-5,Self Pay,3,None checked,1,1506
,Oklahoma,40,Nonmetro,Nonmetro,Not Hispanic or Latino,2186-5,Other,4,At least one checked,0,15
,Oklahoma,40,Nonmetro,Nonmetro,Not Hispanic or Latino,2186-5,Other,4,None checked,1,1663
,Oklahoma,40,Nonmetro,Nonmetro,Not Hispanic or Latino,2186-5,Unknown or Not Stated,9,None checked,1,263
,Oklahoma,40,Nonmetro,Nonmetro,Unknown or Not Stated,9,Medicaid,1,None checked,1,42
,Oklahoma,40,Nonmetro,Nonmetro,Unknown or Not Stated,9,Private Insurance,2,None checked,1,26
,Oregon,41,Metro,Metro,Hispanic or Latino,2135-2,Medicaid,1,At least one checked,0,354
,Oregon,41,Metro,Metro,Hispanic or Latino,2135-2,Medicaid,1,None checked,1,17801
,Oregon,41,Metro,Metro,Hispanic or Latino,2135-2,Medicaid,1,Unknown or Not Stated,9,163
,Oregon,41,Metro,Metro,Hispanic or Latino,2135-2,Private Insurance,2,At least one checked,0,195
,Oregon,41,Metro,Metro,Hispanic or Latino,2135-2,Private Insurance,2,None checked,1,8018
,Oregon,41,Metro,Metro,Hispanic or Latino,2135-2,Private Insurance,2,Unknown or Not Stated,9,48
,Oregon,41,Metro,Metro,Hispanic or Latino,2135-2,Self Pay,3,None checked,1,204
,Oregon,41,Metro,Metro,Hispanic or Latino,2135-2,Other,4,None checked,1,171
,Oregon,41,Metro,Metro,Hispanic or Latino,2135-2,Unknown or Not Stated,9,None checked,1,148
,Oregon,41,Metro,Metro,Not Hispanic or Latino,2186-5,Medicaid,1,At least one checked,0,496
,Oregon,41,Metro,Metro,Not Hispanic or Latino,2186-5,Medicaid,1,None checked,1,28736
,Oregon,41,Metro,Metro,Not Hispanic or Latino,2186-5,Medicaid,1,Unknown or Not Stated,9,186
,Oregon,41,Metro,Metro,Not Hispanic or Latino,2186-5,Private Insurance,2,At least one checked,0,1341
,Oregon,41,Metro,Metro,Not Hispanic or Latino,2186-5,Private Insurance,2,None checked,1,48756
,Oregon,41,Metro,Metro,Not Hispanic or Latino,2186-5,Private Insurance,2,Unknown or Not Stated,9,266
,Oregon,41,Metro,Metro,Not Hispanic or Latino,2186-5,Self Pay,3,At least one checked,0,39
,Oregon,41,Metro,Metro,Not Hispanic or Latino,2186-5,Self Pay,3,None checked,1,1826
,Oregon,41,Metro,Metro,Not Hispanic or Latino,2186-5,Self Pay,3,Unknown or Not Stated,9,20
,Oregon,41,Metro,Metro,Not Hispanic or Latino,2186-5,Other,4,At least one checked,0,13
,Oregon,41,Metro,Metro,Not Hispanic or Latino,2186-5,Other,4,None checked,1,857
,Oregon,41,Metro,Metro,Not Hispanic or Latino,2186-5,Unknown or Not Stated,9,At least one checked,0,10
,Oregon,41,Metro,Metro,Not Hispanic or Latino,2186-5,Unknown or Not Stated,9,None checked,1,347
,Oregon,41,Metro,Metro,Not Hispanic or Latino,2186-5,Unknown or Not Stated,9,Unknown or Not Stated,9,10
,Oregon,41,Metro,Metro,Unknown or Not Stated,9,Medicaid,1,At least one checked,0,37
,Oregon,41,Metro,Metro,Unknown or Not Stated,9,Medicaid,1,None checked,1,2229
,Oregon,41,Metro,Metro,Unknown or Not Stated,9,Medicaid,1,Unknown or Not Stated,9,20
,Oregon,41,Metro,Metro,Unknown or Not Stated,9,Private Insurance,2,At least one checked,0,53
,Oregon,41,Metro,Metro,Unknown or Not Stated,9,Private Insurance,2,None checked,1,2217
,Oregon,41,Metro,Metro,Unknown or Not Stated,9,Private Insurance,2,Unknown or Not Stated,9,17
,Oregon,41,Metro,Metro,Unknown or Not Stated,9,Self Pay,3,None checked,1,256
,Oregon,41,Metro,Metro,Unknown or Not Stated,9,Other,4,None checked,1,47
,Oregon,41,Metro,Metro,Unknown or Not Stated,9,Unknown or Not Stated,9,None checked,1,70
,Oregon,41,Nonmetro,Nonmetro,Hispanic or Latino,2135-2,Medicaid,1,At least one checked,0,98
,Oregon,41,Nonmetro,Nonmetro,Hispanic or Latino,2135-2,Medicaid,1,None checked,1,3424
,Oregon,41,Nonmetro,Nonmetro,Hispanic or Latino,2135-2,Medicaid,1,Unknown or Not Stated,9,39
,Oregon,41,Nonmetro,Nonmetro,Hispanic or Latino,2135-2,Private Insurance,2,At least one checked,0,18
,Oregon,41,Nonmetro,Nonmetro,Hispanic or Latino,2135-2,Private Insurance,2,None checked,1,1329
,Oregon,41,Nonmetro,Nonmetro,Hispanic or Latino,2135-2,Private Insurance,2,Unknown or Not Stated,9,10
,Oregon,41,Nonmetro,Nonmetro,Hispanic or Latino,2135-2,Self Pay,3,None checked,1,39
,Oregon,41,Nonmetro,Nonmetro,Hispanic or Latino,2135-2,Other,4,None checked,1,102
,Oregon,41,Nonmetro,Nonmetro,Hispanic or Latino,2135-2,Unknown or Not Stated,9,None checked,1,76
,Oregon,41,Nonmetro,Nonmetro,Not Hispanic or Latino,2186-5,Medicaid,1,At least one checked,0,99
,Oregon,41,Nonmetro,Nonmetro,Not Hispanic or Latino,2186-5,Medicaid,1,None checked,1,7077
,Oregon,41,Nonmetro,Nonmetro,Not Hispanic or Latino,2186-5,Medicaid,1,Unknown or Not Stated,9,101
,Oregon,41,Nonmetro,Nonmetro,Not Hispanic or Latino,2186-5,Private Insurance,2,At least one checked,0,119
,Oregon,41,Nonmetro,Nonmetro,Not Hispanic or Latino,2186-5,Private Insurance,2,None checked,1,5909
,Oregon,41,Nonmetro,Nonmetro,Not Hispanic or Latino,2186-5,Private Insurance,2,Unknown or Not Stated,9,74
,Oregon,41,Nonmetro,Nonmetro,Not Hispanic or Latino,2186-5,Self Pay,3,None checked,1,371
,Oregon,41,Nonmetro,Nonmetro,Not Hispanic or Latino,2186-5,Other,4,At least one checked,0,10
,Oregon,41,Nonmetro,Nonmetro,Not Hispanic or Latino,2186-5,Other,4,None checked,1,435
,Oregon,41,Nonmetro,Nonmetro,Not Hispanic or Latino,2186-5,Unknown or Not Stated,9,None checked,1,170
,Oregon,41,Nonmetro,Nonmetro,Unknown or Not Stated,9,Medicaid,1,At least one checked,0,15
,Oregon,41,Nonmetro,Nonmetro,Unknown or Not Stated,9,Medicaid,1,None checked,1,581
,Oregon,41,Nonmetro,Nonmetro,Unknown or Not Stated,9,Private Insurance,2,None checked,1,358
,Oregon,41,Nonmetro,Nonmetro,Unknown or Not Stated,9,Self Pay,3,None checked,1,45
,Oregon,41,Nonmetro,Nonmetro,Unknown or Not Stated,9,Other,4,None checked,1,21
,Oregon,41,Nonmetro,Nonmetro,Unknown or Not Stated,9,Unknown or Not Stated,9,None checked,1,19
,Pennsylvania,42,Metro,Metro,Hispanic or Latino,2135-2,Medicaid,1,At least one checked,0,381
,Pennsylvania,42,Metro,Metro,Hispanic or Latino,2135-2,Medicaid,1,None checked,1,37589
,Pennsylvania,42,Metro,Metro,Hispanic or Latino,2135-2,Medicaid,1,Unknown or Not Stated,9,161
,Pennsylvania,42,Metro,Metro,Hispanic or Latino,2135-2,Private Insurance,2,At least one checked,0,225
,Pennsylvania,42,Metro,Metro,Hispanic or Latino,2135-2,Private Insurance,2,None checked,1,16693
,Pennsylvania,42,Metro,Metro,Hispanic or Latino,2135-2,Private Insurance,2,Unknown or Not Stated,9,60
,Pennsylvania,42,Metro,Metro,Hispanic or Latino,2135-2,Self Pay,3,At least one checked,0,39
,Pennsylvania,42,Metro,Metro,Hispanic or Latino,2135-2,Self Pay,3,None checked,1,3416
,Pennsylvania,42,Metro,Metro,Hispanic or Latino,2135-2,Self Pay,3,Unknown or Not Stated,9,14
,Pennsylvania,42,Metro,Metro,Hispanic or Latino,2135-2,Other,4,At least one checked,0,22
,Pennsylvania,42,Metro,Metro,Hispanic or Latino,2135-2,Other,4,None checked,1,2250
,Pennsylvania,42,Metro,Metro,Hispanic or Latino,2135-2,Unknown or Not Stated,9,At least one checked,0,25
,Pennsylvania,42,Metro,Metro,Hispanic or Latino,2135-2,Unknown or Not Stated,9,None checked,1,2779
,Pennsylvania,42,Metro,Metro,Hispanic or Latino,2135-2,Unknown or Not Stated,9,Unknown or Not Stated,9,25
,Pennsylvania,42,Metro,Metro,Not Hispanic or Latino,2186-5,Medicaid,1,At least one checked,0,1057
,Pennsylvania,42,Metro,Metro,Not Hispanic or Latino,2186-5,Medicaid,1,None checked,1,89712
,Pennsylvania,42,Metro,Metro,Not Hispanic or Latino,2186-5,Medicaid,1,Unknown or Not Stated,9,512
,Pennsylvania,42,Metro,Metro,Not Hispanic or Latino,2186-5,Private Insurance,2,At least one checked,0,3345
,Pennsylvania,42,Metro,Metro,Not Hispanic or Latino,2186-5,Private Insurance,2,None checked,1,197356
,Pennsylvania,42,Metro,Metro,Not Hispanic or Latino,2186-5,Private Insurance,2,Unknown or Not Stated,9,1087
,Pennsylvania,42,Metro,Metro,Not Hispanic or Latino,2186-5,Self Pay,3,At least one checked,0,190
,Pennsylvania,42,Metro,Metro,Not Hispanic or Latino,2186-5,Self Pay,3,None checked,1,16883
,Pennsylvania,42,Metro,Metro,Not Hispanic or Latino,2186-5,Self Pay,3,Unknown or Not Stated,9,124
,Pennsylvania,42,Metro,Metro,Not Hispanic or Latino,2186-5,Other,4,At least one checked,0,46
,Pennsylvania,42,Metro,Metro,Not Hispanic or Latino,2186-5,Other,4,None checked,1,2839
,Pennsylvania,42,Metro,Metro,Not Hispanic or Latino,2186-5,Unknown or Not Stated,9,At least one checked,0,58
,Pennsylvania,42,Metro,Metro,Not Hispanic or Latino,2186-5,Unknown or Not Stated,9,None checked,1,6538
,Pennsylvania,42,Metro,Metro,Not Hispanic or Latino,2186-5,Unknown or Not Stated,9,Unknown or Not Stated,9,69
,Pennsylvania,42,Metro,Metro,Unknown or Not Stated,9,Medicaid,1,At least one checked,0,36
,Pennsylvania,42,Metro,Metro,Unknown or Not Stated,9,Medicaid,1,None checked,1,2245
,Pennsylvania,42,Metro,Metro,Unknown or Not Stated,9,Medicaid,1,Unknown or Not Stated,9,14
,Pennsylvania,42,Metro,Metro,Unknown or Not Stated,9,Private Insurance,2,At least one checked,0,37
,Pennsylvania,42,Metro,Metro,Unknown or Not Stated,9,Private Insurance,2,None checked,1,1591
,Pennsylvania,42,Metro,Metro,Unknown or Not Stated,9,Self Pay,3,None checked,1,267
,Pennsylvania,42,Metro,Metro,Unknown or Not Stated,9,Other,4,None checked,1,81
,Pennsylvania,42,Metro,Metro,Unknown or Not Stated,9,Unknown or Not Stated,9,None checked,1,173
,Pennsylvania,42,Nonmetro,Nonmetro,Hispanic or Latino,2135-2,Medicaid,1,At least one checked,0,26
,Pennsylvania,42,Nonmetro,Nonmetro,Hispanic or Latino,2135-2,Medicaid,1,None checked,1,2112
,Pennsylvania,42,Nonmetro,Nonmetro,Hispanic or Latino,2135-2,Medicaid,1,Unknown or Not Stated,9,14
,Pennsylvania,42,Nonmetro,Nonmetro,Hispanic or Latino,2135-2,Private Insurance,2,None checked,1,1202
,Pennsylvania,42,Nonmetro,Nonmetro,Hispanic or Latino,2135-2,Self Pay,3,None checked,1,138
,Pennsylvania,42,Nonmetro,Nonmetro,Hispanic or Latino,2135-2,Other,4,None checked,1,106
,Pennsylvania,42,Nonmetro,Nonmetro,Hispanic or Latino,2135-2,Unknown or Not Stated,9,None checked,1,85
,Pennsylvania,42,Nonmetro,Nonmetro,Not Hispanic or Latino,2186-5,Medicaid,1,At least one checked,0,211
,Pennsylvania,42,Nonmetro,Nonmetro,Not Hispanic or Latino,2186-5,Medicaid,1,None checked,1,16689
,Pennsylvania,42,Nonmetro,Nonmetro,Not Hispanic or Latino,2186-5,Medicaid,1,Unknown or Not Stated,9,117
,Pennsylvania,42,Nonmetro,Nonmetro,Not Hispanic or Latino,2186-5,Private Insurance,2,At least one checked,0,416
,Pennsylvania,42,Nonmetro,Nonmetro,Not Hispanic or Latino,2186-5,Private Insurance,2,None checked,1,24798
,Pennsylvania,42,Nonmetro,Nonmetro,Not Hispanic or Latino,2186-5,Private Insurance,2,Unknown or Not Stated,9,175
,Pennsylvania,42,Nonmetro,Nonmetro,Not Hispanic or Latino,2186-5,Self Pay,3,At least one checked,0,64
,Pennsylvania,42,Nonmetro,Nonmetro,Not Hispanic or Latino,2186-5,Self Pay,3,None checked,1,6434
,Pennsylvania,42,Nonmetro,Nonmetro,Not Hispanic or Latino,2186-5,Self Pay,3,Unknown or Not Stated,9,59
,Pennsylvania,42,Nonmetro,Nonmetro,Not Hispanic or Latino,2186-5,Other,4,At least one checked,0,13
,Pennsylvania,42,Nonmetro,Nonmetro,Not Hispanic or Latino,2186-5,Other,4,None checked,1,869
,Pennsylvania,42,Nonmetro,Nonmetro,Not Hispanic or Latino,2186-5,Unknown or Not Stated,9,At least one checked,0,27
,Pennsylvania,42,Nonmetro,Nonmetro,Not Hispanic or Latino,2186-5,Unknown or Not Stated,9,None checked,1,1325
,Pennsylvania,42,Nonmetro,Nonmetro,Not Hispanic or Latino,2186-5,Unknown or Not Stated,9,Unknown or Not Stated,9,14
,Pennsylvania,42,Nonmetro,Nonmetro,Unknown or Not Stated,9,Medicaid,1,None checked,1,141
,Pennsylvania,42,Nonmetro,Nonmetro,Unknown or Not Stated,9,Private Insurance,2,None checked,1,114
,Pennsylvania,42,Nonmetro,Nonmetro,Unknown or Not Stated,9,Self Pay,3,None checked,1,117
,Pennsylvania,42,Nonmetro,Nonmetro,Unknown or Not Stated,9,Other,4,None checked,1,20
,Pennsylvania,42,Nonmetro,Nonmetro,Unknown or Not Stated,9,Unknown or Not Stated,9,None checked,1,14
,Pennsylvania,42,Nonmetro,Nonmetro,Unknown or Not Stated,9,Unknown or Not Stated,9,Unknown or Not Stated,9,69
,Rhode Island,44,Metro,Metro,Hispanic or Latino,2135-2,Medicaid,1,At least one checked,0,217
,Rhode Island,44,Metro,Metro,Hispanic or Latino,2135-2,Medicaid,1,None checked,1,7617
,Rhode Island,44,Metro,Metro,Hispanic or Latino,2135-2,Private Insurance,2,At least one checked,0,72
,Rhode Island,44,Metro,Metro,Hispanic or Latino,2135-2,Private Insurance,2,None checked,1,2638
,Rhode Island,44,Metro,Metro,Hispanic or Latino,2135-2,Self Pay,3,None checked,1,21
,Rhode Island,44,Metro,Metro,Hispanic or Latino,2135-2,Other,4,None checked,1,95
,Rhode Island,44,Metro,Metro,Not Hispanic or Latino,2186-5,Medicaid,1,At least one checked,0,142
,Rhode Island,44,Metro,Metro,Not Hispanic or Latino,2186-5,Medicaid,1,None checked,1,6505
,Rhode Island,44,Metro,Metro,Not Hispanic or Latino,2186-5,Private Insurance,2,At least one checked,0,398
,Rhode Island,44,Metro,Metro,Not Hispanic or Latino,2186-5,Private Insurance,2,None checked,1,15927
,Rhode Island,44,Metro,Metro,Not Hispanic or Latino,2186-5,Private Insurance,2,Unknown or Not Stated,9,12
,Rhode Island,44,Metro,Metro,Not Hispanic or Latino,2186-5,Self Pay,3,None checked,1,81
,Rhode Island,44,Metro,Metro,Not Hispanic or Latino,2186-5,Other,4,At least one checked,0,16
,Rhode Island,44,Metro,Metro,Not Hispanic or Latino,2186-5,Other,4,None checked,1,552
,Rhode Island,44,Metro,Metro,Not Hispanic or Latino,2186-5,Unknown or Not Stated,9,None checked,1,16
,Rhode Island,44,Metro,Metro,Unknown or Not Stated,9,Medicaid,1,None checked,1,70
,Rhode Island,44,Metro,Metro,Unknown or Not Stated,9,Private Insurance,2,None checked,1,97
,South Carolina,45,Metro,Metro,Hispanic or Latino,2135-2,Medicaid,1,At least one checked,0,183
,South Carolina,45,Metro,Metro,Hispanic or Latino,2135-2,Medicaid,1,None checked,1,16207
,South Carolina,45,Metro,Metro,Hispanic or Latino,2135-2,Medicaid,1,Unknown or Not Stated,9,14
,South Carolina,45,Metro,Metro,Hispanic or Latino,2135-2,Private Insurance,2,At least one checked,0,125
,South Carolina,45,Metro,Metro,Hispanic or Latino,2135-2,Private Insurance,2,None checked,1,6279
,South Carolina,45,Metro,Metro,Hispanic or Latino,2135-2,Self Pay,3,At least one checked,0,48
,South Carolina,45,Metro,Metro,Hispanic or Latino,2135-2,Self Pay,3,None checked,1,3390
,South Carolina,45,Metro,Metro,Hispanic or Latino,2135-2,Other,4,At least one checked,0,24
,South Carolina,45,Metro,Metro,Hispanic or Latino,2135-2,Other,4,None checked,1,1774
,South Carolina,45,Metro,Metro,Hispanic or Latino,2135-2,Unknown or Not Stated,9,None checked,1,24
,South Carolina,45,Metro,Metro,Not Hispanic or Latino,2186-5,Medicaid,1,At least one checked,0,670
,South Carolina,45,Metro,Metro,Not Hispanic or Latino,2186-5,Medicaid,1,None checked,1,55864
,South Carolina,45,Metro,Metro,Not Hispanic or Latino,2186-5,Medicaid,1,Unknown or Not Stated,9,93
,South Carolina,45,Metro,Metro,Not Hispanic or Latino,2186-5,Private Insurance,2,At least one checked,0,1411
,South Carolina,45,Metro,Metro,Not Hispanic or Latino,2186-5,Private Insurance,2,None checked,1,75983
,South Carolina,45,Metro,Metro,Not Hispanic or Latino,2186-5,Private Insurance,2,Unknown or Not Stated,9,98
,South Carolina,45,Metro,Metro,Not Hispanic or Latino,2186-5,Self Pay,3,At least one checked,0,50
,South Carolina,45,Metro,Metro,Not Hispanic or Latino,2186-5,Self Pay,3,None checked,1,5121
,South Carolina,45,Metro,Metro,Not Hispanic or Latino,2186-5,Self Pay,3,Unknown or Not Stated,9,21
,South Carolina,45,Metro,Metro,Not Hispanic or Latino,2186-5,Other,4,At least one checked,0,170
,South Carolina,45,Metro,Metro,Not Hispanic or Latino,2186-5,Other,4,None checked,1,11323
,South Carolina,45,Metro,Metro,Not Hispanic or Latino,2186-5,Other,4,Unknown or Not Stated,9,11
,South Carolina,45,Metro,Metro,Not Hispanic or Latino,2186-5,Unknown or Not Stated,9,None checked,1,70
,South Carolina,45,Metro,Metro,Not Hispanic or Latino,2186-5,Unknown or Not Stated,9,Unknown or Not Stated,9,11
,South Carolina,45,Metro,Metro,Unknown or Not Stated,9,Medicaid,1,None checked,1,203
,South Carolina,45,Metro,Metro,Unknown or Not Stated,9,Private Insurance,2,None checked,1,146
,South Carolina,45,Metro,Metro,Unknown or Not Stated,9,Self Pay,3,None checked,1,58
,South Carolina,45,Metro,Metro,Unknown or Not Stated,9,Other,4,None checked,1,20
,South Carolina,45,Nonmetro,Nonmetro,Hispanic or Latino,2135-2,Medicaid,1,At least one checked,0,23
,South Carolina,45,Nonmetro,Nonmetro,Hispanic or Latino,2135-2,Medicaid,1,None checked,1,1300
,South Carolina,45,Nonmetro,Nonmetro,Hispanic or Latino,2135-2,Private Insurance,2,At least one checked,0,13
,South Carolina,45,Nonmetro,Nonmetro,Hispanic or Latino,2135-2,Private Insurance,2,None checked,1,353
,South Carolina,45,Nonmetro,Nonmetro,Hispanic or Latino,2135-2,Self Pay,3,At least one checked,0,11
,South Carolina,45,Nonmetro,Nonmetro,Hispanic or Latino,2135-2,Self Pay,3,None checked,1,343
,South Carolina,45,Nonmetro,Nonmetro,Hispanic or Latino,2135-2,Other,4,None checked,1,75
,South Carolina,45,Nonmetro,Nonmetro,Not Hispanic or Latino,2186-5,Medicaid,1,At least one checked,0,164
,South Carolina,45,Nonmetro,Nonmetro,Not Hispanic or Latino,2186-5,Medicaid,1,None checked,1,13155
,South Carolina,45,Nonmetro,Nonmetro,Not Hispanic or Latino,2186-5,Medicaid,1,Unknown or Not Stated,9,28
,South Carolina,45,Nonmetro,Nonmetro,Not Hispanic or Latino,2186-5,Private Insurance,2,At least one checked,0,130
,South Carolina,45,Nonmetro,Nonmetro,Not Hispanic or Latino,2186-5,Private Insurance,2,None checked,1,7234
,South Carolina,45,Nonmetro,Nonmetro,Not Hispanic or Latino,2186-5,Private Insurance,2,Unknown or Not Stated,9,10
,South Carolina,45,Nonmetro,Nonmetro,Not Hispanic or Latino,2186-5,Self Pay,3,At least one checked,0,11
,South Carolina,45,Nonmetro,Nonmetro,Not Hispanic or Latino,2186-5,Self Pay,3,None checked,1,634
,South Carolina,45,Nonmetro,Nonmetro,Not Hispanic or Latino,2186-5,Other,4,At least one checked,0,14
,South Carolina,45,Nonmetro,Nonmetro,Not Hispanic or Latino,2186-5,Other,4,None checked,1,1521
,South Carolina,45,Nonmetro,Nonmetro,Not Hispanic or Latino,2186-5,Unknown or Not Stated,9,None checked,1,13
,South Carolina,45,Nonmetro,Nonmetro,Unknown or Not Stated,9,Medicaid,1,None checked,1,15
,South Dakota,46,Metro,Metro,Hispanic or Latino,2135-2,Medicaid,1,None checked,1,781
,South Dakota,46,Metro,Metro,Hispanic or Latino,2135-2,Private Insurance,2,At least one checked,0,10
,South Dakota,46,Metro,Metro,Hispanic or Latino,2135-2,Private Insurance,2,None checked,1,616
,South Dakota,46,Metro,Metro,Hispanic or Latino,2135-2,Self Pay,3,None checked,1,244
,South Dakota,46,Metro,Metro,Hispanic or Latino,2135-2,Other,4,None checked,1,171
,South Dakota,46,Metro,Metro,Not Hispanic or Latino,2186-5,Medicaid,1,At least one checked,0,52
,South Dakota,46,Metro,Metro,Not Hispanic or Latino,2186-5,Medicaid,1,None checked,1,3684
,South Dakota,46,Metro,Metro,Not Hispanic or Latino,2186-5,Private Insurance,2,At least one checked,0,229
,South Dakota,46,Metro,Metro,Not Hispanic or Latino,2186-5,Private Insurance,2,None checked,1,12137
,South Dakota,46,Metro,Metro,Not Hispanic or Latino,2186-5,Self Pay,3,None checked,1,1122
,South Dakota,46,Metro,Metro,Not Hispanic or Latino,2186-5,Other,4,At least one checked,0,31
,South Dakota,46,Metro,Metro,Not Hispanic or Latino,2186-5,Other,4,None checked,1,1440
,South Dakota,46,Metro,Metro,Not Hispanic or Latino,2186-5,Unknown or Not Stated,9,None checked,1,15
,South Dakota,46,Metro,Metro,Unknown or Not Stated,9,Private Insurance,2,None checked,1,14
,South Dakota,46,Nonmetro,Nonmetro,Hispanic or Latino,2135-2,Medicaid,1,At least one checked,0,14
,South Dakota,46,Nonmetro,Nonmetro,Hispanic or Latino,2135-2,Medicaid,1,None checked,1,843
,South Dakota,46,Nonmetro,Nonmetro,Hispanic or Latino,2135-2,Private Insurance,2,None checked,1,544
,South Dakota,46,Nonmetro,Nonmetro,Hispanic or Latino,2135-2,Self Pay,3,None checked,1,113
,South Dakota,46,Nonmetro,Nonmetro,Hispanic or Latino,2135-2,Other,4,None checked,1,27
,South Dakota,46,Nonmetro,Nonmetro,Not Hispanic or Latino,2186-5,Medicaid,1,At least one checked,0,98
,South Dakota,46,Nonmetro,Nonmetro,Not Hispanic or Latino,2186-5,Medicaid,1,None checked,1,4461
,South Dakota,46,Nonmetro,Nonmetro,Not Hispanic or Latino,2186-5,Private Insurance,2,At least one checked,0,144
,South Dakota,46,Nonmetro,Nonmetro,Not Hispanic or Latino,2186-5,Private Insurance,2,None checked,1,11105
,South Dakota,46,Nonmetro,Nonmetro,Not Hispanic or Latino,2186-5,Self Pay,3,At least one checked,0,14
,South Dakota,46,Nonmetro,Nonmetro,Not Hispanic or Latino,2186-5,Self Pay,3,None checked,1,1085
,South Dakota,46,Nonmetro,Nonmetro,Not Hispanic or Latino,2186-5,Other,4,At least one checked,0,18
,South Dakota,46,Nonmetro,Nonmetro,Not Hispanic or Latino,2186-5,Other,4,None checked,1,854
,South Dakota,46,Nonmetro,Nonmetro,Not Hispanic or Latino,2186-5,Unknown or Not Stated,9,None checked,1,64
,South Dakota,46,Nonmetro,Nonmetro,Unknown or Not Stated,9,Private Insurance,2,None checked,1,11
,Tennessee,47,Metro,Metro,Hispanic or Latino,2135-2,Medicaid,1,At least one checked,0,323
,Tennessee,47,Metro,Metro,Hispanic or Latino,2135-2,Medicaid,1,None checked,1,27803
,Tennessee,47,Metro,Metro,Hispanic or Latino,2135-2,Private Insurance,2,At least one checked,0,109
,Tennessee,47,Metro,Metro,Hispanic or Latino,2135-2,Private Insurance,2,None checked,1,8058
,Tennessee,47,Metro,Metro,Hispanic or Latino,2135-2,Self Pay,3,At least one checked,0,15
,Tennessee,47,Metro,Metro,Hispanic or Latino,2135-2,Self Pay,3,None checked,1,1301
,Tennessee,47,Metro,Metro,Hispanic or Latino,2135-2,Other,4,At least one checked,0,12
,Tennessee,47,Metro,Metro,Hispanic or Latino,2135-2,Other,4,None checked,1,1112
,Tennessee,47,Metro,Metro,Hispanic or Latino,2135-2,Unknown or Not Stated,9,None checked,1,315
,Tennessee,47,Metro,Metro,Not Hispanic or Latino,2186-5,Medicaid,1,At least one checked,0,694
,Tennessee,47,Metro,Metro,Not Hispanic or Latino,2186-5,Medicaid,1,None checked,1,72142
,Tennessee,47,Metro,Metro,Not Hispanic or Latino,2186-5,Private Insurance,2,At least one checked,0,1731
,Tennessee,47,Metro,Metro,Not Hispanic or Latino,2186-5,Private Insurance,2,None checked,1,108067
,Tennessee,47,Metro,Metro,Not Hispanic or Latino,2186-5,Self Pay,3,At least one checked,0,82
,Tennessee,47,Metro,Metro,Not Hispanic or Latino,2186-5,Self Pay,3,None checked,1,5383
,Tennessee,47,Metro,Metro,Not Hispanic or Latino,2186-5,Other,4,At least one checked,0,65
,Tennessee,47,Metro,Metro,Not Hispanic or Latino,2186-5,Other,4,None checked,1,5903
,Tennessee,47,Metro,Metro,Not Hispanic or Latino,2186-5,Unknown or Not Stated,9,At least one checked,0,11
,Tennessee,47,Metro,Metro,Not Hispanic or Latino,2186-5,Unknown or Not Stated,9,None checked,1,1269
,Tennessee,47,Metro,Metro,Unknown or Not Stated,9,Medicaid,1,None checked,1,185
,Tennessee,47,Metro,Metro,Unknown or Not Stated,9,Private Insurance,2,None checked,1,134
,Tennessee,47,Metro,Metro,Unknown or Not Stated,9,Self Pay,3,None checked,1,37
,Tennessee,47,Metro,Metro,Unknown or Not Stated,9,Unknown or Not Stated,9,None checked,1,13
,Tennessee,47,Nonmetro,Nonmetro,Hispanic or Latino,2135-2,Medicaid,1,At least one checked,0,53
,Tennessee,47,Nonmetro,Nonmetro,Hispanic or Latino,2135-2,Medicaid,1,None checked,1,4067
,Tennessee,47,Nonmetro,Nonmetro,Hispanic or Latino,2135-2,Private Insurance,2,None checked,1,965
,Tennessee,47,Nonmetro,Nonmetro,Hispanic or Latino,2135-2,Self Pay,3,None checked,1,226
,Tennessee,47,Nonmetro,Nonmetro,Hispanic or Latino,2135-2,Other,4,None checked,1,51
,Tennessee,47,Nonmetro,Nonmetro,Hispanic or Latino,2135-2,Unknown or Not Stated,9,None checked,1,107
,Tennessee,47,Nonmetro,Nonmetro,Not Hispanic or Latino,2186-5,Medicaid,1,At least one checked,0,279
,Tennessee,47,Nonmetro,Nonmetro,Not Hispanic or Latino,2186-5,Medicaid,1,None checked,1,25982
,Tennessee,47,Nonmetro,Nonmetro,Not Hispanic or Latino,2186-5,Private Insurance,2,At least one checked,0,321
,Tennessee,47,Nonmetro,Nonmetro,Not Hispanic or Latino,2186-5,Private Insurance,2,None checked,1,21135
,Tennessee,47,Nonmetro,Nonmetro,Not Hispanic or Latino,2186-5,Self Pay,3,At least one checked,0,41
,Tennessee,47,Nonmetro,Nonmetro,Not Hispanic or Latino,2186-5,Self Pay,3,None checked,1,2178
,Tennessee,47,Nonmetro,Nonmetro,Not Hispanic or Latino,2186-5,Other,4,None checked,1,605
,Tennessee,47,Nonmetro,Nonmetro,Not Hispanic or Latino,2186-5,Unknown or Not Stated,9,At least one checked,0,14
,Tennessee,47,Nonmetro,Nonmetro,Not Hispanic or Latino,2186-5,Unknown or Not Stated,9,None checked,1,1016
,Tennessee,47,Nonmetro,Nonmetro,Unknown or Not Stated,9,Medicaid,1,None checked,1,32
,Tennessee,47,Nonmetro,Nonmetro,Unknown or Not Stated,9,Private Insurance,2,None checked,1,28
,Tennessee,47,Nonmetro,Nonmetro,Unknown or Not Stated,9,Self Pay,3,None checked,1,16
,Texas,48,Metro,Metro,Hispanic or Latino,2135-2,Medicaid,1,At least one checked,0,2940
,Texas,48,Metro,Metro,Hispanic or Latino,2135-2,Medicaid,1,None checked,1,363317
,Texas,48,Metro,Metro,Hispanic or Latino,2135-2,Private Insurance,2,At least one checked,0,1506
,Texas,48,Metro,Metro,Hispanic or Latino,2135-2,Private Insurance,2,None checked,1,188695
,Texas,48,Metro,Metro,Hispanic or Latino,2135-2,Self Pay,3,At least one checked,0,290
,Texas,48,Metro,Metro,Hispanic or Latino,2135-2,Self Pay,3,None checked,1,44340
,Texas,48,Metro,Metro,Hispanic or Latino,2135-2,Other,4,At least one checked,0,32
,Texas,48,Metro,Metro,Hispanic or Latino,2135-2,Other,4,None checked,1,4434
,Texas,48,Metro,Metro,Hispanic or Latino,2135-2,Unknown or Not Stated,9,At least one checked,0,80
,Texas,48,Metro,Metro,Hispanic or Latino,2135-2,Unknown or Not Stated,9,None checked,1,9500
,Texas,48,Metro,Metro,Not Hispanic or Latino,2186-5,Medicaid,1,At least one checked,0,1509
,Texas,48,Metro,Metro,Not Hispanic or Latino,2186-5,Medicaid,1,None checked,1,175350
,Texas,48,Metro,Metro,Not Hispanic or Latino,2186-5,Private Insurance,2,At least one checked,0,3543
,Texas,48,Metro,Metro,Not Hispanic or Latino,2186-5,Private Insurance,2,None checked,1,372022
,Texas,48,Metro,Metro,Not Hispanic or Latino,2186-5,Self Pay,3,At least one checked,0,361
,Texas,48,Metro,Metro,Not Hispanic or Latino,2186-5,Self Pay,3,None checked,1,31467
,Texas,48,Metro,Metro,Not Hispanic or Latino,2186-5,Other,4,At least one checked,0,32
,Texas,48,Metro,Metro,Not Hispanic or Latino,2186-5,Other,4,None checked,1,2680
,Texas,48,Metro,Metro,Not Hispanic or Latino,2186-5,Unknown or Not Stated,9,At least one checked,0,200
,Texas,48,Metro,Metro,Not Hispanic or Latino,2186-5,Unknown or Not Stated,9,None checked,1,18752
,Texas,48,Metro,Metro,Unknown or Not Stated,9,Medicaid,1,At least one checked,0,27
,Texas,48,Metro,Metro,Unknown or Not Stated,9,Medicaid,1,None checked,1,1879
,Texas,48,Metro,Metro,Unknown or Not Stated,9,Private Insurance,2,At least one checked,0,38
,Texas,48,Metro,Metro,Unknown or Not Stated,9,Private Insurance,2,None checked,1,2192
,Texas,48,Metro,Metro,Unknown or Not Stated,9,Self Pay,3,None checked,1,309
,Texas,48,Metro,Metro,Unknown or Not Stated,9,Other,4,None checked,1,45
,Texas,48,Metro,Metro,Unknown or Not Stated,9,Unknown or Not Stated,9,None checked,1,80
,Texas,48,Metro,Metro,Unknown or Not Stated,9,Unknown or Not Stated,9,Unknown or Not Stated,9,26
,Texas,48,Nonmetro,Nonmetro,Hispanic or Latino,2135-2,Medicaid,1,At least one checked,0,409
,Texas,48,Nonmetro,Nonmetro,Hispanic or Latino,2135-2,Medicaid,1,None checked,1,33926
,Texas,48,Nonmetro,Nonmetro,Hispanic or Latino,2135-2,Private Insurance,2,At least one checked,0,150
,Texas,48,Nonmetro,Nonmetro,Hispanic or Latino,2135-2,Private Insurance,2,None checked,1,14232
,Texas,48,Nonmetro,Nonmetro,Hispanic or Latino,2135-2,Self Pay,3,At least one checked,0,36
,Texas,48,Nonmetro,Nonmetro,Hispanic or Latino,2135-2,Self Pay,3,None checked,1,3697
,Texas,48,Nonmetro,Nonmetro,Hispanic or Latino,2135-2,Other,4,None checked,1,362
,Texas,48,Nonmetro,Nonmetro,Hispanic or Latino,2135-2,Unknown or Not Stated,9,None checked,1,336
,Texas,48,Nonmetro,Nonmetro,Not Hispanic or Latino,2186-5,Medicaid,1,At least one checked,0,278
,Texas,48,Nonmetro,Nonmetro,Not Hispanic or Latino,2186-5,Medicaid,1,None checked,1,29703
,Texas,48,Nonmetro,Nonmetro,Not Hispanic or Latino,2186-5,Private Insurance,2,At least one checked,0,309
,Texas,48,Nonmetro,Nonmetro,Not Hispanic or Latino,2186-5,Private Insurance,2,None checked,1,30960
,Texas,48,Nonmetro,Nonmetro,Not Hispanic or Latino,2186-5,Self Pay,3,At least one checked,0,52
,Texas,48,Nonmetro,Nonmetro,Not Hispanic or Latino,2186-5,Self Pay,3,None checked,1,4923
,Texas,48,Nonmetro,Nonmetro,Not Hispanic or Latino,2186-5,Other,4,None checked,1,392
,Texas,48,Nonmetro,Nonmetro,Not Hispanic or Latino,2186-5,Unknown or Not Stated,9,None checked,1,651
,Texas,48,Nonmetro,Nonmetro,Unknown or Not Stated,9,Medicaid,1,None checked,1,128
,Texas,48,Nonmetro,Nonmetro,Unknown or Not Stated,9,Private Insurance,2,None checked,1,93
,Texas,48,Nonmetro,Nonmetro,Unknown or Not Stated,9,Self Pay,3,None checked,1,27
,Utah,49,Metro,Metro,Hispanic or Latino,2135-2,Medicaid,1,At least one checked,0,260
,Utah,49,Metro,Metro,Hispanic or Latino,2135-2,Medicaid,1,None checked,1,9123
,Utah,49,Metro,Metro,Hispanic or Latino,2135-2,Private Insurance,2,At least one checked,0,457
,Utah,49,Metro,Metro,Hispanic or Latino,2135-2,Private Insurance,2,None checked,1,17743
,Utah,49,Metro,Metro,Hispanic or Latino,2135-2,Self Pay,3,At least one checked,0,79
,Utah,49,Metro,Metro,Hispanic or Latino,2135-2,Self Pay,3,None checked,1,3837
,Utah,49,Metro,Metro,Hispanic or Latino,2135-2,Other,4,At least one checked,0,11
,Utah,49,Metro,Metro,Hispanic or Latino,2135-2,Other,4,None checked,1,626
,Utah,49,Metro,Metro,Hispanic or Latino,2135-2,Unknown or Not Stated,9,None checked,1,140
,Utah,49,Metro,Metro,Not Hispanic or Latino,2186-5,Medicaid,1,At least one checked,0,275
,Utah,49,Metro,Metro,Not Hispanic or Latino,2186-5,Medicaid,1,None checked,1,12761
,Utah,49,Metro,Metro,Not Hispanic or Latino,2186-5,Private Insurance,2,At least one checked,0,2042
,Utah,49,Metro,Metro,Not Hispanic or Latino,2186-5,Private Insurance,2,None checked,1,84671
,Utah,49,Metro,Metro,Not Hispanic or Latino,2186-5,Self Pay,3,At least one checked,0,110
,Utah,49,Metro,Metro,Not Hispanic or Latino,2186-5,Self Pay,3,None checked,1,7582
,Utah,49,Metro,Metro,Not Hispanic or Latino,2186-5,Other,4,At least one checked,0,63
,Utah,49,Metro,Metro,Not Hispanic or Latino,2186-5,Other,4,None checked,1,2984
,Utah,49,Metro,Metro,Not Hispanic or Latino,2186-5,Unknown or Not Stated,9,None checked,1,318
,Utah,49,Metro,Metro,Unknown or Not Stated,9,Medicaid,1,None checked,1,373
,Utah,49,Metro,Metro,Unknown or Not Stated,9,Private Insurance,2,At least one checked,0,15
,Utah,49,Metro,Metro,Unknown or Not Stated,9,Private Insurance,2,None checked,1,678
,Utah,49,Metro,Metro,Unknown or Not Stated,9,Self Pay,3,None checked,1,151
,Utah,49,Metro,Metro,Unknown or Not Stated,9,Other,4,None checked,1,24
,Utah,49,Metro,Metro,Unknown or Not Stated,9,Unknown or Not Stated,9,None checked,1,16
,Utah,49,Nonmetro,Nonmetro,Hispanic or Latino,2135-2,Medicaid,1,At least one checked,0,23
,Utah,49,Nonmetro,Nonmetro,Hispanic or Latino,2135-2,Medicaid,1,None checked,1,844
,Utah,49,Nonmetro,Nonmetro,Hispanic or Latino,2135-2,Private Insurance,2,At least one checked,0,23
,Utah,49,Nonmetro,Nonmetro,Hispanic or Latino,2135-2,Private Insurance,2,None checked,1,1004
,Utah,49,Nonmetro,Nonmetro,Hispanic or Latino,2135-2,Self Pay,3,At least one checked,0,19
,Utah,49,Nonmetro,Nonmetro,Hispanic or Latino,2135-2,Self Pay,3,None checked,1,650
,Utah,49,Nonmetro,Nonmetro,Hispanic or Latino,2135-2,Other,4,None checked,1,59
,Utah,49,Nonmetro,Nonmetro,Not Hispanic or Latino,2186-5,Medicaid,1,At least one checked,0,70
,Utah,49,Nonmetro,Nonmetro,Not Hispanic or Latino,2186-5,Medicaid,1,None checked,1,2795
,Utah,49,Nonmetro,Nonmetro,Not Hispanic or Latino,2186-5,Private Insurance,2,At least one checked,0,241
,Utah,49,Nonmetro,Nonmetro,Not Hispanic or Latino,2186-5,Private Insurance,2,None checked,1,10438
,Utah,49,Nonmetro,Nonmetro,Not Hispanic or Latino,2186-5,Self Pay,3,At least one checked,0,23
,Utah,49,Nonmetro,Nonmetro,Not Hispanic or Latino,2186-5,Self Pay,3,None checked,1,1161
,Utah,49,Nonmetro,Nonmetro,Not Hispanic or Latino,2186-5,Other,4,At least one checked,0,11
,Utah,49,Nonmetro,Nonmetro,Not Hispanic or Latino,2186-5,Other,4,None checked,1,623
,Utah,49,Nonmetro,Nonmetro,Not Hispanic or Latino,2186-5,Unknown or Not Stated,9,None checked,1,27
,Utah,49,Nonmetro,Nonmetro,Unknown or Not Stated,9,Medicaid,1,None checked,1,50
,Utah,49,Nonmetro,Nonmetro,Unknown or Not Stated,9,Private Insurance,2,None checked,1,77
,Utah,49,Nonmetro,Nonmetro,Unknown or Not Stated,9,Self Pay,3,None checked,1,22
,Vermont,50,Metro,Metro,Hispanic or Latino,2135-2,Medicaid,1,None checked,1,141
,Vermont,50,Metro,Metro,Hispanic or Latino,2135-2,Private Insurance,2,None checked,1,114
,Vermont,50,Metro,Metro,Hispanic or Latino,2135-2,Self Pay,3,None checked,1,15
,Vermont,50,Metro,Metro,Hispanic or Latino,2135-2,Other,4,None checked,1,11
,Vermont,50,Metro,Metro,Not Hispanic or Latino,2186-5,Medicaid,1,At least one checked,0,44
,Vermont,50,Metro,Metro,Not Hispanic or Latino,2186-5,Medicaid,1,None checked,1,1794
,Vermont,50,Metro,Metro,Not Hispanic or Latino,2186-5,Private Insurance,2,At least one checked,0,105
,Vermont,50,Metro,Metro,Not Hispanic or Latino,2186-5,Private Insurance,2,None checked,1,4014
,Vermont,50,Metro,Metro,Not Hispanic or Latino,2186-5,Self Pay,3,None checked,1,125
,Vermont,50,Metro,Metro,Not Hispanic or Latino,2186-5,Other,4,None checked,1,303
,Vermont,50,Metro,Metro,Unknown or Not Stated,9,Medicaid,1,None checked,1,15
,Vermont,50,Nonmetro,Nonmetro,Hispanic or Latino,2135-2,Medicaid,1,None checked,1,189
,Vermont,50,Nonmetro,Nonmetro,Hispanic or Latino,2135-2,Private Insurance,2,None checked,1,155
,Vermont,50,Nonmetro,Nonmetro,Hispanic or Latino,2135-2,Self Pay,3,None checked,1,36
,Vermont,50,Nonmetro,Nonmetro,Not Hispanic or Latino,2186-5,Medicaid,1,At least one checked,0,65
,Vermont,50,Nonmetro,Nonmetro,Not Hispanic or Latino,2186-5,Medicaid,1,None checked,1,4186
,Vermont,50,Nonmetro,Nonmetro,Not Hispanic or Latino,2186-5,Private Insurance,2,At least one checked,0,163
,Vermont,50,Nonmetro,Nonmetro,Not Hispanic or Latino,2186-5,Private Insurance,2,None checked,1,5516
,Vermont,50,Nonmetro,Nonmetro,Not Hispanic or Latino,2186-5,Self Pay,3,None checked,1,282
,Vermont,50,Nonmetro,Nonmetro,Not Hispanic or Latino,2186-5,Other,4,None checked,1,269
,Vermont,50,Nonmetro,Nonmetro,Not Hispanic or Latino,2186-5,Unknown or Not Stated,9,None checked,1,22
,Vermont,50,Nonmetro,Nonmetro,Unknown or Not Stated,9,Medicaid,1,None checked,1,16
,Virginia,51,Metro,Metro,Hispanic or Latino,2135-2,Medicaid,1,At least one checked,0,231
,Virginia,51,Metro,Metro,Hispanic or Latino,2135-2,Medicaid,1,None checked,1,31866
,Virginia,51,Metro,Metro,Hispanic or Latino,2135-2,Private Insurance,2,At least one checked,0,110
,Virginia,51,Metro,Metro,Hispanic or Latino,2135-2,Private Insurance,2,None checked,1,16666
,Virginia,51,Metro,Metro,Hispanic or Latino,2135-2,Self Pay,3,At least one checked,0,25
,Virginia,51,Metro,Metro,Hispanic or Latino,2135-2,Self Pay,3,None checked,1,2474
,Virginia,51,Metro,Metro,Hispanic or Latino,2135-2,Other,4,At least one checked,0,70
,Virginia,51,Metro,Metro,Hispanic or Latino,2135-2,Other,4,None checked,1,4134
,Virginia,51,Metro,Metro,Hispanic or Latino,2135-2,Unknown or Not Stated,9,None checked,1,153
,Virginia,51,Metro,Metro,Not Hispanic or Latino,2186-5,Medicaid,1,At least one checked,0,512
,Virginia,51,Metro,Metro,Not Hispanic or Latino,2186-5,Medicaid,1,None checked,1,62002
,Virginia,51,Metro,Metro,Not Hispanic or Latino,2186-5,Private Insurance,2,At least one checked,0,1291
,Virginia,51,Metro,Metro,Not Hispanic or Latino,2186-5,Private Insurance,2,None checked,1,141086
,Virginia,51,Metro,Metro,Not Hispanic or Latino,2186-5,Self Pay,3,At least one checked,0,63
,Virginia,51,Metro,Metro,Not Hispanic or Latino,2186-5,Self Pay,3,None checked,1,5986
,Virginia,51,Metro,Metro,Not Hispanic or Latino,2186-5,Other,4,At least one checked,0,327
,Virginia,51,Metro,Metro,Not Hispanic or Latino,2186-5,Other,4,None checked,1,20338
,Virginia,51,Metro,Metro,Not Hispanic or Latino,2186-5,Unknown or Not Stated,9,None checked,1,416
,Virginia,51,Metro,Metro,Unknown or Not Stated,9,Medicaid,1,None checked,1,315
,Virginia,51,Metro,Metro,Unknown or Not Stated,9,Private Insurance,2,None checked,1,964
,Virginia,51,Metro,Metro,Unknown or Not Stated,9,Self Pay,3,None checked,1,61
,Virginia,51,Metro,Metro,Unknown or Not Stated,9,Other,4,None checked,1,49
,Virginia,51,Metro,Metro,Unknown or Not Stated,9,Unknown or Not Stated,9,None checked,1,12
,Virginia,51,Nonmetro,Nonmetro,Hispanic or Latino,2135-2,Medicaid,1,At least one checked,0,17
,Virginia,51,Nonmetro,Nonmetro,Hispanic or Latino,2135-2,Medicaid,1,None checked,1,1884
,Virginia,51,Nonmetro,Nonmetro,Hispanic or Latino,2135-2,Private Insurance,2,At least one checked,0,11
,Virginia,51,Nonmetro,Nonmetro,Hispanic or Latino,2135-2,Private Insurance,2,None checked,1,669
,Virginia,51,Nonmetro,Nonmetro,Hispanic or Latino,2135-2,Self Pay,3,None checked,1,175
,Virginia,51,Nonmetro,Nonmetro,Hispanic or Latino,2135-2,Other,4,None checked,1,82
,Virginia,51,Nonmetro,Nonmetro,Hispanic or Latino,2135-2,Unknown or Not Stated,9,None checked,1,18
,Virginia,51,Nonmetro,Nonmetro,Not Hispanic or Latino,2186-5,Medicaid,1,At least one checked,0,185
,Virginia,51,Nonmetro,Nonmetro,Not Hispanic or Latino,2186-5,Medicaid,1,None checked,1,15530
,Virginia,51,Nonmetro,Nonmetro,Not Hispanic or Latino,2186-5,Private Insurance,2,At least one checked,0,177
,Virginia,51,Nonmetro,Nonmetro,Not Hispanic or Latino,2186-5,Private Insurance,2,None checked,1,14313
,Virginia,51,Nonmetro,Nonmetro,Not Hispanic or Latino,2186-5,Self Pay,3,At least one checked,0,16
,Virginia,51,Nonmetro,Nonmetro,Not Hispanic or Latino,2186-5,Self Pay,3,None checked,1,1139
,Virginia,51,Nonmetro,Nonmetro,Not Hispanic or Latino,2186-5,Other,4,At least one checked,0,11
,Virginia,51,Nonmetro,Nonmetro,Not Hispanic or Latino,2186-5,Other,4,None checked,1,711
,Virginia,51,Nonmetro,Nonmetro,Not Hispanic or Latino,2186-5,Unknown or Not Stated,9,None checked,1,110
,Virginia,51,Nonmetro,Nonmetro,Unknown or Not Stated,9,Medicaid,1,None checked,1,47
,Virginia,51,Nonmetro,Nonmetro,Unknown or Not Stated,9,Private Insurance,2,None checked,1,45
,Washington,53,Metro,Metro,Hispanic or Latino,2135-2,Medicaid,1,At least one checked,0,522
,Washington,53,Metro,Metro,Hispanic or Latino,2135-2,Medicaid,1,None checked,1,29451
,Washington,53,Metro,Metro,Hispanic or Latino,2135-2,Medicaid,1,Unknown or Not Stated,9,112
,Washington,53,Metro,Metro,Hispanic or Latino,2135-2,Private Insurance,2,At least one checked,0,315
,Washington,53,Metro,Metro,Hispanic or Latino,2135-2,Private Insurance,2,None checked,1,18910
,Washington,53,Metro,Metro,Hispanic or Latino,2135-2,Private Insurance,2,Unknown or Not Stated,9,44
,Washington,53,Metro,Metro,Hispanic or Latino,2135-2,Self Pay,3,None checked,1,328
,Washington,53,Metro,Metro,Hispanic or Latino,2135-2,Other,4,At least one checked,0,103
,Washington,53,Metro,Metro,Hispanic or Latino,2135-2,Other,4,None checked,1,4183
,Washington,53,Metro,Metro,Hispanic or Latino,2135-2,Other,4,Unknown or Not Stated,9,76
,Washington,53,Metro,Metro,Hispanic or Latino,2135-2,Unknown or Not Stated,9,At least one checked,0,18
,Washington,53,Metro,Metro,Hispanic or Latino,2135-2,Unknown or Not Stated,9,None checked,1,1119
,Washington,53,Metro,Metro,Hispanic or Latino,2135-2,Unknown or Not Stated,9,Unknown or Not Stated,9,52
,Washington,53,Metro,Metro,Not Hispanic or Latino,2186-5,Medicaid,1,At least one checked,0,1022
,Washington,53,Metro,Metro,Not Hispanic or Latino,2186-5,Medicaid,1,None checked,1,51107
,Washington,53,Metro,Metro,Not Hispanic or Latino,2186-5,Medicaid,1,Unknown or Not Stated,9,106
,Washington,53,Metro,Metro,Not Hispanic or Latino,2186-5,Private Insurance,2,At least one checked,0,2710
,Washington,53,Metro,Metro,Not Hispanic or Latino,2186-5,Private Insurance,2,None checked,1,122923
,Washington,53,Metro,Metro,Not Hispanic or Latino,2186-5,Private Insurance,2,Unknown or Not Stated,9,339
,Washington,53,Metro,Metro,Not Hispanic or Latino,2186-5,Self Pay,3,At least one checked,0,55
,Washington,53,Metro,Metro,Not Hispanic or Latino,2186-5,Self Pay,3,None checked,1,2992
,Washington,53,Metro,Metro,Not Hispanic or Latino,2186-5,Other,4,At least one checked,0,292
,Washington,53,Metro,Metro,Not Hispanic or Latino,2186-5,Other,4,None checked,1,10018
,Washington,53,Metro,Metro,Not Hispanic or Latino,2186-5,Other,4,Unknown or Not Stated,9,234
,Washington,53,Metro,Metro,Not Hispanic or Latino,2186-5,Unknown or Not Stated,9,At least one checked,0,75
,Washington,53,Metro,Metro,Not Hispanic or Latino,2186-5,Unknown or Not Stated,9,None checked,1,3912
,Washington,53,Metro,Metro,Not Hispanic or Latino,2186-5,Unknown or Not Stated,9,Unknown or Not Stated,9,111
,Washington,53,Metro,Metro,Unknown or Not Stated,9,Medicaid,1,At least one checked,0,87
,Washington,53,Metro,Metro,Unknown or Not Stated,9,Medicaid,1,None checked,1,4369
,Washington,53,Metro,Metro,Unknown or Not Stated,9,Medicaid,1,Unknown or Not Stated,9,25
,Washington,53,Metro,Metro,Unknown or Not Stated,9,Private Insurance,2,At least one checked,0,102
,Washington,53,Metro,Metro,Unknown or Not Stated,9,Private Insurance,2,None checked,1,5246
,Washington,53,Metro,Metro,Unknown or Not Stated,9,Private Insurance,2,Unknown or Not Stated,9,29
,Washington,53,Metro,Metro,Unknown or Not Stated,9,Self Pay,3,None checked,1,106
,Washington,53,Metro,Metro,Unknown or Not Stated,9,Other,4,At least one checked,0,14
,Washington,53,Metro,Metro,Unknown or Not Stated,9,Other,4,None checked,1,431
,Washington,53,Metro,Metro,Unknown or Not Stated,9,Unknown or Not Stated,9,At least one checked,0,12
,Washington,53,Metro,Metro,Unknown or Not Stated,9,Unknown or Not Stated,9,None checked,1,384
,Washington,53,Metro,Metro,Unknown or Not Stated,9,Unknown or Not Stated,9,Unknown or Not Stated,9,24
,Washington,53,Nonmetro,Nonmetro,Hispanic or Latino,2135-2,Medicaid,1,At least one checked,0,89
,Washington,53,Nonmetro,Nonmetro,Hispanic or Latino,2135-2,Medicaid,1,None checked,1,4848
,Washington,53,Nonmetro,Nonmetro,Hispanic or Latino,2135-2,Medicaid,1,Unknown or Not Stated,9,15
,Washington,53,Nonmetro,Nonmetro,Hispanic or Latino,2135-2,Private Insurance,2,At least one checked,0,28
,Washington,53,Nonmetro,Nonmetro,Hispanic or Latino,2135-2,Private Insurance,2,None checked,1,1645
,Washington,53,Nonmetro,Nonmetro,Hispanic or Latino,2135-2,Self Pay,3,None checked,1,48
,Washington,53,Nonmetro,Nonmetro,Hispanic or Latino,2135-2,Other,4,None checked,1,634
,Washington,53,Nonmetro,Nonmetro,Hispanic or Latino,2135-2,Unknown or Not Stated,9,None checked,1,67
,Washington,53,Nonmetro,Nonmetro,Not Hispanic or Latino,2186-5,Medicaid,1,At least one checked,0,119
,Washington,53,Nonmetro,Nonmetro,Not Hispanic or Latino,2186-5,Medicaid,1,None checked,1,6570
,Washington,53,Nonmetro,Nonmetro,Not Hispanic or Latino,2186-5,Medicaid,1,Unknown or Not Stated,9,27
,Washington,53,Nonmetro,Nonmetro,Not Hispanic or Latino,2186-5,Private Insurance,2,At least one checked,0,209
,Washington,53,Nonmetro,Nonmetro,Not Hispanic or Latino,2186-5,Private Insurance,2,None checked,1,8717
,Washington,53,Nonmetro,Nonmetro,Not Hispanic or Latino,2186-5,Private Insurance,2,Unknown or Not Stated,9,22
,Washington,53,Nonmetro,Nonmetro,Not Hispanic or Latino,2186-5,Self Pay,3,None checked,1,589
,Washington,53,Nonmetro,Nonmetro,Not Hispanic or Latino,2186-5,Other,4,At least one checked,0,51
,Washington,53,Nonmetro,Nonmetro,Not Hispanic or Latino,2186-5,Other,4,None checked,1,1795
,Washington,53,Nonmetro,Nonmetro,Not Hispanic or Latino,2186-5,Unknown or Not Stated,9,None checked,1,372
,Washington,53,Nonmetro,Nonmetro,Not Hispanic or Latino,2186-5,Unknown or Not Stated,9,Unknown or Not Stated,9,14
,Washington,53,Nonmetro,Nonmetro,Unknown or Not Stated,9,Medicaid,1,None checked,1,256
,Washington,53,Nonmetro,Nonmetro,Unknown or Not Stated,9,Private Insurance,2,None checked,1,202
,Washington,53,Nonmetro,Nonmetro,Unknown or Not Stated,9,Other,4,None checked,1,35
,Washington,53,Nonmetro,Nonmetro,Unknown or Not Stated,9,Unknown or Not Stated,9,None checked,1,22
,West Virginia,54,Metro,Metro,Hispanic or Latino,2135-2,Medicaid,1,None checked,1,476
,West Virginia,54,Metro,Metro,Hispanic or Latino,2135-2,Private Insurance,2,None checked,1,635
,West Virginia,54,Metro,Metro,Hispanic or Latino,2135-2,Self Pay,3,None checked,1,197
,West Virginia,54,Metro,Metro,Hispanic or Latino,2135-2,Other,4,None checked,1,148
,West Virginia,54,Metro,Metro,Hispanic or Latino,2135-2,Unknown or Not Stated,9,None checked,1,21
,West Virginia,54,Metro,Metro,Not Hispanic or Latino,2186-5,Medicaid,1,At least one checked,0,131
,West Virginia,54,Metro,Metro,Not Hispanic or Latino,2186-5,Medicaid,1,None checked,1,13324
,West Virginia,54,Metro,Metro,Not Hispanic or Latino,2186-5,Medicaid,1,Unknown or Not Stated,9,227
,West Virginia,54,Metro,Metro,Not Hispanic or Latino,2186-5,Private Insurance,2,At least one checked,0,243
,West Virginia,54,Metro,Metro,Not Hispanic or Latino,2186-5,Private Insurance,2,None checked,1,17798
,West Virginia,54,Metro,Metro,Not Hispanic or Latino,2186-5,Private Insurance,2,Unknown or Not Stated,9,196
,West Virginia,54,Metro,Metro,Not Hispanic or Latino,2186-5,Self Pay,3,None checked,1,895
,West Virginia,54,Metro,Metro,Not Hispanic or Latino,2186-5,Other,4,At least one checked,0,24
,West Virginia,54,Metro,Metro,Not Hispanic or Latino,2186-5,Other,4,None checked,1,1636
,West Virginia,54,Metro,Metro,Not Hispanic or Latino,2186-5,Other,4,Unknown or Not Stated,9,11
,West Virginia,54,Metro,Metro,Not Hispanic or Latino,2186-5,Unknown or Not Stated,9,None checked,1,267
,West Virginia,54,Metro,Metro,Unknown or Not Stated,9,Medicaid,1,None checked,1,32
,West Virginia,54,Metro,Metro,Unknown or Not Stated,9,Private Insurance,2,None checked,1,25
,West Virginia,54,Nonmetro,Nonmetro,Hispanic or Latino,2135-2,Medicaid,1,None checked,1,257
,West Virginia,54,Nonmetro,Nonmetro,Hispanic or Latino,2135-2,Private Insurance,2,None checked,1,125
,West Virginia,54,Nonmetro,Nonmetro,Hispanic or Latino,2135-2,Self Pay,3,None checked,1,75
,West Virginia,54,Nonmetro,Nonmetro,Hispanic or Latino,2135-2,Other,4,None checked,1,41
,West Virginia,54,Nonmetro,Nonmetro,Hispanic or Latino,2135-2,Unknown or Not Stated,9,None checked,1,12
,West Virginia,54,Nonmetro,Nonmetro,Not Hispanic or Latino,2186-5,Medicaid,1,At least one checked,0,133
,West Virginia,54,Nonmetro,Nonmetro,Not Hispanic or Latino,2186-5,Medicaid,1,None checked,1,10434
,West Virginia,54,Nonmetro,Nonmetro,Not Hispanic or Latino,2186-5,Medicaid,1,Unknown or Not Stated,9,97
,West Virginia,54,Nonmetro,Nonmetro,Not Hispanic or Latino,2186-5,Private Insurance,2,At least one checked,0,138
,West Virginia,54,Nonmetro,Nonmetro,Not Hispanic or Latino,2186-5,Private Insurance,2,None checked,1,9333
,West Virginia,54,Nonmetro,Nonmetro,Not Hispanic or Latino,2186-5,Private Insurance,2,Unknown or Not Stated,9,88
,West Virginia,54,Nonmetro,Nonmetro,Not Hispanic or Latino,2186-5,Self Pay,3,At least one checked,0,11
,West Virginia,54,Nonmetro,Nonmetro,Not Hispanic or Latino,2186-5,Self Pay,3,None checked,1,582
,West Virginia,54,Nonmetro,Nonmetro,Not Hispanic or Latino,2186-5,Other,4,At least one checked,0,20
,West Virginia,54,Nonmetro,Nonmetro,Not Hispanic or Latino,2186-5,Other,4,None checked,1,1082
,West Virginia,54,Nonmetro,Nonmetro,Not Hispanic or Latino,2186-5,Unknown or Not Stated,9,None checked,1,178
,West Virginia,54,Nonmetro,Nonmetro,Unknown or Not Stated,9,Medicaid,1,None checked,1,38
,West Virginia,54,Nonmetro,Nonmetro,Unknown or Not Stated,9,Private Insurance,2,None checked,1,18
,Wisconsin,55,Metro,Metro,Hispanic or Latino,2135-2,Medicaid,1,At least one checked,0,354
,Wisconsin,55,Metro,Metro,Hispanic or Latino,2135-2,Medicaid,1,None checked,1,14720
,Wisconsin,55,Metro,Metro,Hispanic or Latino,2135-2,Medicaid,1,Unknown or Not Stated,9,35
,Wisconsin,55,Metro,Metro,Hispanic or Latino,2135-2,Private Insurance,2,At least one checked,0,174
,Wisconsin,55,Metro,Metro,Hispanic or Latino,2135-2,Private Insurance,2,None checked,1,7516
,Wisconsin,55,Metro,Metro,Hispanic or Latino,2135-2,Private Insurance,2,Unknown or Not Stated,9,12
,Wisconsin,55,Metro,Metro,Hispanic or Latino,2135-2,Self Pay,3,None checked,1,230
,Wisconsin,55,Metro,Metro,Hispanic or Latino,2135-2,Other,4,None checked,1,192
,Wisconsin,55,Metro,Metro,Hispanic or Latino,2135-2,Unknown or Not Stated,9,None checked,1,137
,Wisconsin,55,Metro,Metro,Hispanic or Latino,2135-2,Unknown or Not Stated,9,Unknown or Not Stated,9,17
,Wisconsin,55,Metro,Metro,Not Hispanic or Latino,2186-5,Medicaid,1,At least one checked,0,808
,Wisconsin,55,Metro,Metro,Not Hispanic or Latino,2186-5,Medicaid,1,None checked,1,36358
,Wisconsin,55,Metro,Metro,Not Hispanic or Latino,2186-5,Medicaid,1,Unknown or Not Stated,9,90
,Wisconsin,55,Metro,Metro,Not Hispanic or Latino,2186-5,Private Insurance,2,At least one checked,0,2869
,Wisconsin,55,Metro,Metro,Not Hispanic or Latino,2186-5,Private Insurance,2,None checked,1,87907
,Wisconsin,55,Metro,Metro,Not Hispanic or Latino,2186-5,Private Insurance,2,Unknown or Not Stated,9,215
,Wisconsin,55,Metro,Metro,Not Hispanic or Latino,2186-5,Self Pay,3,At least one checked,0,58
,Wisconsin,55,Metro,Metro,Not Hispanic or Latino,2186-5,Self Pay,3,None checked,1,3429
,Wisconsin,55,Metro,Metro,Not Hispanic or Latino,2186-5,Self Pay,3,Unknown or Not Stated,9,40
,Wisconsin,55,Metro,Metro,Not Hispanic or Latino,2186-5,Other,4,At least one checked,0,28
,Wisconsin,55,Metro,Metro,Not Hispanic or Latino,2186-5,Other,4,None checked,1,1502
,Wisconsin,55,Metro,Metro,Not Hispanic or Latino,2186-5,Unknown or Not Stated,9,At least one checked,0,14
,Wisconsin,55,Metro,Metro,Not Hispanic or Latino,2186-5,Unknown or Not Stated,9,None checked,1,779
,Wisconsin,55,Metro,Metro,Not Hispanic or Latino,2186-5,Unknown or Not Stated,9,Unknown or Not Stated,9,64
,Wisconsin,55,Metro,Metro,Unknown or Not Stated,9,Medicaid,1,At least one checked,0,11
,Wisconsin,55,Metro,Metro,Unknown or Not Stated,9,Medicaid,1,None checked,1,327
,Wisconsin,55,Metro,Metro,Unknown or Not Stated,9,Medicaid,1,Unknown or Not Stated,9,16
,Wisconsin,55,Metro,Metro,Unknown or Not Stated,9,Private Insurance,2,At least one checked,0,16
,Wisconsin,55,Metro,Metro,Unknown or Not Stated,9,Private Insurance,2,None checked,1,538
,Wisconsin,55,Metro,Metro,Unknown or Not Stated,9,Private Insurance,2,Unknown or Not Stated,9,22
,Wisconsin,55,Metro,Metro,Unknown or Not Stated,9,Self Pay,3,None checked,1,101
,Wisconsin,55,Metro,Metro,Unknown or Not Stated,9,Self Pay,3,Unknown or Not Stated,9,22
,Wisconsin,55,Metro,Metro,Unknown or Not Stated,9,Unknown or Not Stated,9,None checked,1,43
,Wisconsin,55,Metro,Metro,Unknown or Not Stated,9,Unknown or Not Stated,9,Unknown or Not Stated,9,22
,Wisconsin,55,Nonmetro,Nonmetro,Hispanic or Latino,2135-2,Medicaid,1,At least one checked,0,87
,Wisconsin,55,Nonmetro,Nonmetro,Hispanic or Latino,2135-2,Medicaid,1,None checked,1,3379
,Wisconsin,55,Nonmetro,Nonmetro,Hispanic or Latino,2135-2,Medicaid,1,Unknown or Not Stated,9,10
,Wisconsin,55,Nonmetro,Nonmetro,Hispanic or Latino,2135-2,Private Insurance,2,At least one checked,0,35
,Wisconsin,55,Nonmetro,Nonmetro,Hispanic or Latino,2135-2,Private Insurance,2,None checked,1,1170
,Wisconsin,55,Nonmetro,Nonmetro,Hispanic or Latino,2135-2,Self Pay,3,None checked,1,96
,Wisconsin,55,Nonmetro,Nonmetro,Hispanic or Latino,2135-2,Other,4,None checked,1,51
,Wisconsin,55,Nonmetro,Nonmetro,Hispanic or Latino,2135-2,Unknown or Not Stated,9,None checked,1,43
,Wisconsin,55,Nonmetro,Nonmetro,Not Hispanic or Latino,2186-5,Medicaid,1,At least one checked,0,283
,Wisconsin,55,Nonmetro,Nonmetro,Not Hispanic or Latino,2186-5,Medicaid,1,None checked,1,12843
,Wisconsin,55,Nonmetro,Nonmetro,Not Hispanic or Latino,2186-5,Medicaid,1,Unknown or Not Stated,9,56
,Wisconsin,55,Nonmetro,Nonmetro,Not Hispanic or Latino,2186-5,Private Insurance,2,At least one checked,0,593
,Wisconsin,55,Nonmetro,Nonmetro,Not Hispanic or Latino,2186-5,Private Insurance,2,None checked,1,24753
,Wisconsin,55,Nonmetro,Nonmetro,Not Hispanic or Latino,2186-5,Private Insurance,2,Unknown or Not Stated,9,92
,Wisconsin,55,Nonmetro,Nonmetro,Not Hispanic or Latino,2186-5,Self Pay,3,At least one checked,0,55
,Wisconsin,55,Nonmetro,Nonmetro,Not Hispanic or Latino,2186-5,Self Pay,3,None checked,1,4409
,Wisconsin,55,Nonmetro,Nonmetro,Not Hispanic or Latino,2186-5,Self Pay,3,Unknown or Not Stated,9,26
,Wisconsin,55,Nonmetro,Nonmetro,Not Hispanic or Latino,2186-5,Other,4,At least one checked,0,17
,Wisconsin,55,Nonmetro,Nonmetro,Not Hispanic or Latino,2186-5,Other,4,None checked,1,912
,Wisconsin,55,Nonmetro,Nonmetro,Not Hispanic or Latino,2186-5,Unknown or Not Stated,9,At least one checked,0,14
,Wisconsin,55,Nonmetro,Nonmetro,Not Hispanic or Latino,2186-5,Unknown or Not Stated,9,None checked,1,463
,Wisconsin,55,Nonmetro,Nonmetro,Not Hispanic or Latino,2186-5,Unknown or Not Stated,9,Unknown or Not Stated,9,36
,Wisconsin,55,Nonmetro,Nonmetro,Unknown or Not Stated,9,Medicaid,1,None checked,1,175
,Wisconsin,55,Nonmetro,Nonmetro,Unknown or Not Stated,9,Medicaid,1,Unknown or Not Stated,9,10
,Wisconsin,55,Nonmetro,Nonmetro,Unknown or Not Stated,9,Private Insurance,2,None checked,1,232
,Wisconsin,55,Nonmetro,Nonmetro,Unknown or Not Stated,9,Private Insurance,2,Unknown or Not Stated,9,20
,Wisconsin,55,Nonmetro,Nonmetro,Unknown or Not Stated,9,Self Pay,3,None checked,1,111
,Wisconsin,55,Nonmetro,Nonmetro,Unknown or Not Stated,9,Other,4,None checked,1,12
,Wisconsin,55,Nonmetro,Nonmetro,Unknown or Not Stated,9,Unknown or Not Stated,9,None checked,1,47
,Wisconsin,55,Nonmetro,Nonmetro,Unknown or Not Stated,9,Unknown or Not Stated,9,Unknown or Not Stated,9,15
,Wyoming,56,Metro,Metro,Hispanic or Latino,2135-2,Medicaid,1,None checked,1,529
,Wyoming,56,Metro,Metro,Hispanic or Latino,2135-2,Private Insurance,2,At least one checked,0,11
,Wyoming,56,Metro,Metro,Hispanic or Latino,2135-2,Private Insurance,2,None checked,1,476
,Wyoming,56,Metro,Metro,Hispanic or Latino,2135-2,Self Pay,3,None checked,1,43
,Wyoming,56,Metro,Metro,Hispanic or Latino,2135-2,Other,4,None checked,1,162
,Wyoming,56,Metro,Metro,Not Hispanic or Latino,2186-5,Medicaid,1,At least one checked,0,17
,Wyoming,56,Metro,Metro,Not Hispanic or Latino,2186-5,Medicaid,1,None checked,1,1398
,Wyoming,56,Metro,Metro,Not Hispanic or Latino,2186-5,Private Insurance,2,At least one checked,0,59
,Wyoming,56,Metro,Metro,Not Hispanic or Latino,2186-5,Private Insurance,2,None checked,1,3274
,Wyoming,56,Metro,Metro,Not Hispanic or Latino,2186-5,Self Pay,3,None checked,1,203
,Wyoming,56,Metro,Metro,Not Hispanic or Latino,2186-5,Other,4,At least one checked,0,13
,Wyoming,56,Metro,Metro,Not Hispanic or Latino,2186-5,Other,4,None checked,1,588
,Wyoming,56,Metro,Metro,Not Hispanic or Latino,2186-5,Unknown or Not Stated,9,None checked,1,33
,Wyoming,56,Metro,Metro,Unknown or Not Stated,9,Medicaid,1,None checked,1,72
,Wyoming,56,Metro,Metro,Unknown or Not Stated,9,Private Insurance,2,None checked,1,74
,Wyoming,56,Metro,Metro,Unknown or Not Stated,9,Self Pay,3,None checked,1,16
,Wyoming,56,Metro,Metro,Unknown or Not Stated,9,Other,4,None checked,1,16
,Wyoming,56,Nonmetro,Nonmetro,Hispanic or Latino,2135-2,Medicaid,1,At least one checked,0,18
,Wyoming,56,Nonmetro,Nonmetro,Hispanic or Latino,2135-2,Medicaid,1,None checked,1,797
,Wyoming,56,Nonmetro,Nonmetro,Hispanic or Latino,2135-2,Private Insurance,2,At least one checked,0,17
,Wyoming,56,Nonmetro,Nonmetro,Hispanic or Latino,2135-2,Private Insurance,2,None checked,1,764
,Wyoming,56,Nonmetro,Nonmetro,Hispanic or Latino,2135-2,Self Pay,3,None checked,1,295
,Wyoming,56,Nonmetro,Nonmetro,Hispanic or Latino,2135-2,Unknown or Not Stated,9,None checked,1,11
,Wyoming,56,Nonmetro,Nonmetro,Not Hispanic or Latino,2186-5,Medicaid,1,At least one checked,0,64
,Wyoming,56,Nonmetro,Nonmetro,Not Hispanic or Latino,2186-5,Medicaid,1,None checked,1,3033
,Wyoming,56,Nonmetro,Nonmetro,Not Hispanic or Latino,2186-5,Private Insurance,2,At least one checked,0,179
,Wyoming,56,Nonmetro,Nonmetro,Not Hispanic or Latino,2186-5,Private Insurance,2,None checked,1,7685
,Wyoming,56,Nonmetro,Nonmetro,Not Hispanic or Latino,2186-5,Self Pay,3,At least one checked,0,25
,Wyoming,56,Nonmetro,Nonmetro,Not Hispanic or Latino,2186-5,Self Pay,3,None checked,1,955
,Wyoming,56,Nonmetro,Nonmetro,Not Hispanic or Latino,2186-5,Other,4,None checked,1,100
,Wyoming,56,Nonmetro,Nonmetro,Not Hispanic or Latino,2186-5,Unknown or Not Stated,9,None checked,1,83
,Wyoming,56,Nonmetro,Nonmetro,Unknown or Not Stated,9,Medicaid,1,None checked,1,105
,Wyoming,56,Nonmetro,Nonmetro,Unknown or Not Stated,9,Private Insurance,2,None checked,1,151
,Wyoming,56,Nonmetro,Nonmetro,Unknown or Not Stated,9,Self Pay,3,None checked,1,37
---,,,,,,,,,,,
"Dataset: Provisional Natality, 2023 through Last Month",,,,,,,,,,,
Query Parameters:,,,,,,,,,,,
Group By: State of Residence; 2023 Metro/Nonmetro; Mother's Hispanic Origin; Source of Payment for Delivery; Maternal Morbidity,,,,,,,,,,,
Checked,,,,,,,,,,,
Show Totals: Disabled,,,,,,,,,,,
Show Zero Values: False,,,,,,,,,,,
Show Suppressed: False,,,,,,,,,,,
"Calculate Rates Per: 1,000",,,,,,,,,,,
---,,,,,,,,,,,
Help: See http://wonder.cdc.gov/wonder/help/natality-provisional.html for more information.,,,,,,,,,,,
---,,,,,,,,,,,
"Query Date: Aug 8, 2026 7:00:29 PM",,,,,,,,,,,
---,,,,,,,,,,,
"Suggested Citation: Centers for Disease Control and Prevention, National Center for Health Statistics. National Vital Statistics",,,,,,,,,,,
"System, Provisional Natality on CDC WONDER Online Database. Data are from the Natality Records 2023 through Last Month, as",,,,,,,,,,,
compiled from data provided by the 57 vital statistics jurisdictions through the Vital Statistics Cooperative Program. Accessed,,,,,,,,,,,
"at http://wonder.cdc.gov/natality-expanded-provisional.html on Aug 8, 2026 7:00:29 PM",,,,,,,,,,,
---,,,,,,,,,,,
Messages:,,,,,,,,,,,
1. Totals are not available for these results due to suppression constraints. More Information:,,,,,,,,,,,
http://wonder.cdc.gov/wonder/help/faq.html#Privacy.,,,,,,,,,,,
2. Rows with zero Births are hidden. Use Quick Options above to show zero rows.,,,,,,,,,,,
3. Rows with suppressed Births are hidden. Use Quick Options above to show suppressed rows.,,,,,,,,,,,
---,,,,,,,,,,,
Caveats:,,,,,,,,,,,
1. 'Suppressed' appears when the data do not meet the criteria for confidentiality constraints. More information:,,,,,,,,,,,
http://wonder.cdc.gov/wonder/help/natality-provisional.html#Assurance of Confidentiality.,,,,,,,,,,,
2. Each birth record represents one liveborn infant.,,,,,,,,,,,
3. 2025 data are provisional and subject to change. 2023-2024 data are final.,,,,,,,,,,,
"4. Births occurring through 2026 through June 30, 2026 as of July 27, 2026.",,,,,,,,,,,
5. 2023 Urbanization and Metro/Nonmetro categories are not available for Natality before year 2023.,,,,,,,,,,,
6. Some counties are not classified in 2023 Urbanization scheme.,,,,,,,,,,,
